matchId,realism_fast_runs_gt1s,realism_fast_runs_gt1s_data_anomaly,realism_fast_runs_implied_by_real_events,realism_fast_runs_model_driven,realism_max_speed_mps,realism_max_speed_non_anomaly_mps,realism_frames_outside_pitch_gt2m,realism_max_outside_m,realism_anchors_checked,realism_anchor_misses_gt0_5m,realism_anchor_misses_data_anomaly,realism_anchor_worst_miss_m,realism_carries_checked,realism_carry_max_speed_mps,realism_carries_with_frames_gt9_5,realism_carry_frames_gt9_5,tactical_fast_runs_gt1s,tactical_fast_runs_gt1s_data_anomaly,tactical_fast_runs_implied_by_real_events,tactical_fast_runs_model_driven,tactical_max_speed_mps,tactical_max_speed_non_anomaly_mps,tactical_frames_outside_pitch_gt2m,tactical_max_outside_m,tactical_anchors_checked,tactical_anchor_misses_gt0_5m,tactical_anchor_misses_data_anomaly,tactical_anchor_worst_miss_m,tactical_carries_checked,tactical_carry_max_speed_mps,tactical_carries_with_frames_gt9_5,tactical_carry_frames_gt9_5,realism_onscreen_player_max_mps,realism_onscreen_player_p999_mps,realism_onscreen_player_frames_over_cap,realism_onscreen_player_frames,realism_onscreen_ball_max_mps,realism_onscreen_ball_frames_over_30,realism_ball_discontinuity_max_m,realism_playback_1x_s,realism_match_s,realism_skips,realism_skip_match_s,realism_skip_playback_s,realism_stretch_added_s,realism_compress_saved_s,realism_pace_max_S,realism_pace_bins_at_stretch_max,tactical_onscreen_player_max_mps,tactical_onscreen_player_p999_mps,tactical_onscreen_player_frames_over_cap,tactical_onscreen_player_frames,tactical_onscreen_ball_max_mps,tactical_onscreen_ball_frames_over_30,tactical_ball_discontinuity_max_m,tactical_playback_1x_s,tactical_match_s,tactical_skips,tactical_skip_match_s,tactical_skip_playback_s,tactical_stretch_added_s,tactical_compress_saved_s,tactical_pace_max_S,tactical_pace_bins_at_stretch_max,ball_model,stoppages,active_count_mismatches,max_active_per_team,anchor_time_collisions,collisions_retimed,collisions_dropped,data_anomalies_carry,data_anomalies_anchor_pair,static_check_problems
3753972,0,0,0,0,12.43,11.6,0,0,3159,0,0,0,645,10.43,1,1,0,0,0,0,12.43,11.54,0,0,3159,0,0,0,645,10.43,1,1,9.68,7.5,32,4906322,40.9,19,0.0638,3872.5,5845.6,95,2082.6,153.6,94.0,137.9,12.0,18,9.55,7.5,21,4908763,40.9,19,0.0639,3874.4,5845.6,95,2082.6,153.6,92.2,134.3,12.0,18,"{'knots': 3027, 'segments': 2241, 'flights_ended_at_next_event': 997, 'flights_cut_short': 26, 'touches_reached_late': 48, 'max_late_s': 0.5, 'extreme_flights_lengthened': 0}",96,0,11,0,170,3,36,43,0
3753973,0,0,0,0,12.06,11.85,0,0,3115,0,0,0,575,9.28,0,0,0,0,0,0,12.05,11.85,0,0,3115,0,0,0,575,9.28,0,0,8.73,7.5,11,4526607,31.0,1,0.0708,3593.8,6067.2,100,2661.4,161.7,99.9,73.4,12.0,11,8.84,7.5,16,4529995,30.6,1,0.0708,3596.4,6067.2,100,2661.4,161.7,99.5,70.5,12.0,11,"{'knots': 2874, 'segments': 2163, 'flights_ended_at_next_event': 940, 'flights_cut_short': 20, 'touches_reached_late': 78, 'max_late_s': 0.5, 'extreme_flights_lengthened': 3}",100,0,11,0,193,1,34,63,0
3753974,0,0,0,0,12.31,11.87,0,0,3066,0,0,0,671,9.48,0,0,0,0,0,0,12.04,11.76,0,0,3066,0,0,0,671,9.48,0,0,10.82,7.5,21,4749118,30.1,0,0.0637,3731.8,5676.0,82,2058.1,132.6,91.2,109.7,8.5,0,10.57,7.5,29,4751626,30.0,0,0.0637,3733.7,5676.0,82,2058.1,132.6,90.1,106.8,8.5,0,"{'knots': 3005, 'segments': 2169, 'flights_ended_at_next_event': 951, 'flights_cut_short': 19, 'touches_reached_late': 60, 'max_late_s': 0.143, 'extreme_flights_lengthened': 3}",82,0,11,0,162,3,47,47,0
3753975,1,1,1,0,12.07,11.64,0,0,3188,0,0,0,662,9.32,0,0,1,1,1,0,11.99,11.59,0,0,3188,0,0,0,662,9.32,0,0,11.24,7.5,21,5117596,30.1,0,0.064,4010.9,5753.0,82,1848.9,132.6,82.7,108.3,6.02,0,11.25,7.5,21,5119268,30.1,0,0.064,4012.2,5753.0,82,1848.9,132.6,82.0,106.3,6.02,0,"{'knots': 3100, 'segments': 2307, 'flights_ended_at_next_event': 975, 'flights_cut_short': 16, 'touches_reached_late': 64, 'max_late_s': 0.652, 'extreme_flights_lengthened': 2}",83,0,11,0,166,1,27,47,0
3753976,0,1,0,0,12.61,12.0,0,0,3293,0,0,0,724,9.51,0,0,0,2,0,0,12.59,11.87,0,0,3293,0,0,0,724,9.51,0,0,11.34,7.5,30,5369166,38.2,36,0.0644,4199.9,5786.3,81,1687.0,130.9,126.7,156.9,12.0,18,9.38,7.5,20,5373698,38.2,36,0.0644,4203.3,5786.3,81,1687.0,130.9,127.4,154.2,12.0,18,"{'knots': 3325, 'segments': 2406, 'flights_ended_at_next_event': 1048, 'flights_cut_short': 24, 'touches_reached_late': 58, 'max_late_s': 0.492, 'extreme_flights_lengthened': 2}",83,0,11,0,170,1,58,52,0
3753977,0,2,0,0,13.35,12.03,0,0,2965,0,0,0,568,9.47,0,0,0,2,0,0,13.35,12.03,0,0,2965,0,0,0,568,9.47,0,0,11.22,7.5,27,4773120,30.1,0,0.0729,3782.8,5733.4,102,2136.7,164.9,116.1,94.8,6.02,0,10.48,7.5,22,4775518,30.1,0,0.0729,3784.7,5733.4,102,2136.7,164.9,115.2,92.2,6.02,0,"{'knots': 2878, 'segments': 2186, 'flights_ended_at_next_event': 942, 'flights_cut_short': 23, 'touches_reached_late': 72, 'max_late_s': 0.339, 'extreme_flights_lengthened': 2}",102,0,11,0,241,4,45,80,0
3753978,0,0,0,0,12.6,11.43,0,0,2920,0,0,0,611,9.52,0,0,0,0,0,0,12.53,11.86,0,0,2920,0,0,0,611,9.52,0,0,9.97,7.5,21,4637556,30.0,0,0.0565,3670.2,5839.2,96,2302.5,155.2,63.9,85.5,3.0,0,10.06,7.5,13,4642308,30.1,0,0.0565,3673.8,5839.2,96,2302.5,155.2,63.0,81.0,3.0,0,"{'knots': 2988, 'segments': 2213, 'flights_ended_at_next_event': 1009, 'flights_cut_short': 19, 'touches_reached_late': 48, 'max_late_s': 0.485, 'extreme_flights_lengthened': 5}",97,0,11,0,117,0,24,35,0
3753979,0,0,0,0,12.09,11.95,0,0,2756,0,0,0,509,9.28,0,0,0,0,0,0,12.09,11.99,0,0,2756,0,0,0,509,9.28,0,0,8.95,7.5,8,4200284,133.1,2,0.0633,3351.9,5901.0,104,2727.0,168.1,87.3,77.5,12.0,29,9.8,7.5,12,4204816,132.9,1,0.0633,3355.4,5901.0,104,2727.0,168.1,86.6,73.3,12.0,29,"{'knots': 2551, 'segments': 1901, 'flights_ended_at_next_event': 801, 'flights_cut_short': 25, 'touches_reached_late': 64, 'max_late_s': 0.233, 'extreme_flights_lengthened': 3}",104,0,11,0,124,0,38,43,0
3753980,0,0,0,0,12.05,11.68,0,0,3155,0,0,0,677,9.28,0,0,0,0,0,0,12.05,11.68,0,0,3155,0,0,0,677,9.28,0,0,9.57,7.5,25,5285962,31.2,1,0.1224,4138.5,5765.2,82,1776.8,132.6,127.2,109.7,12.0,50,9.74,7.5,15,5287788,44.6,1,0.1224,4139.9,5765.2,82,1776.8,132.6,126.2,107.3,12.0,50,"{'knots': 3232, 'segments': 2314, 'flights_ended_at_next_event': 1017, 'flights_cut_short': 18, 'touches_reached_late': 70, 'max_late_s': 0.517, 'extreme_flights_lengthened': 1}",87,0,11,0,130,0,42,35,0
3753981,0,0,0,0,12.09,12.09,0,0,2965,0,0,0,597,10.37,1,1,0,0,0,0,12.09,12.09,0,0,2965,0,0,0,597,10.37,1,1,10.0,7.5,14,4560842,30.2,0,0.0586,3628.4,5650.0,106,2217.3,171.4,93.4,69.0,4.01,0,9.55,7.5,19,4563900,30.3,0,0.0586,3630.7,5650.0,106,2217.3,171.4,92.8,66.1,4.01,0,"{'knots': 2906, 'segments': 2169, 'flights_ended_at_next_event': 935, 'flights_cut_short': 20, 'touches_reached_late': 57, 'max_late_s': 0.139, 'extreme_flights_lengthened': 2}",111,0,11,0,173,2,61,56,0
3753982,0,0,0,0,12.1,11.84,0,0,2959,0,0,0,559,10.61,1,169,0,0,0,0,12.01,12.01,0,0,2959,0,0,0,559,11.13,1,169,12.28,7.5,31,4484788,318.9,4,0.617,3574.0,5819.6,108,2495.1,174.6,157.2,82.2,12.0,31,10.36,7.5,25,4488418,370.2,2,0.617,3576.8,5819.6,108,2495.1,174.6,156.5,78.7,12.0,31,"{'knots': 2760, 'segments': 2097, 'flights_ended_at_next_event': 852, 'flights_cut_short': 38, 'touches_reached_late': 92, 'max_late_s': 0.663, 'extreme_flights_lengthened': 4}",108,0,11,0,191,5,59,69,0
3753983,0,0,0,0,12.43,11.74,0,0,2956,0,0,0,697,9.15,0,0,0,0,0,0,12.43,11.99,0,0,2956,0,0,0,697,9.15,0,0,9.19,7.5,8,4864023,30.0,0,0.0715,3815.6,5822.9,80,2108.2,129.3,58.7,87.0,6.36,0,8.71,7.5,10,4866597,30.0,0,0.0715,3817.5,5822.9,80,2108.2,129.3,57.4,83.8,6.36,0,"{'knots': 3187, 'segments': 2287, 'flights_ended_at_next_event': 1051, 'flights_cut_short': 14, 'touches_reached_late': 43, 'max_late_s': 0.077, 'extreme_flights_lengthened': 2}",80,0,11,0,96,0,12,20,0
3753984,0,0,0,0,12.65,11.91,0,0,2822,0,0,0,613,9.49,0,0,0,1,0,0,12.65,11.81,0,0,2822,0,0,0,613,9.49,0,0,9.47,7.5,19,4634433,30.1,0,0.0566,3754.8,6073.5,90,2414.9,145.5,82.0,131.2,3.77,0,9.35,7.5,17,4635532,30.1,0,0.0566,3755.6,6073.5,90,2414.9,145.5,80.9,129.3,3.77,0,"{'knots': 2916, 'segments': 2156, 'flights_ended_at_next_event': 927, 'flights_cut_short': 24, 'touches_reached_late': 59, 'max_late_s': 0.261, 'extreme_flights_lengthened': 4}",95,0,11,0,139,1,33,43,0
3753985,0,1,0,0,12.29,11.86,0,0,2674,0,0,0,558,10.16,1,1,0,1,0,0,12.21,11.71,0,0,2674,0,0,0,558,10.16,1,1,10.15,7.5,13,4643038,30.1,0,0.0506,3666.6,5729.7,91,2168.7,147.1,68.5,109.9,6.36,0,9.33,7.5,12,4647367,30.1,0,0.0505,3669.9,5729.7,91,2168.7,147.1,67.6,105.8,6.36,0,"{'knots': 2905, 'segments': 2085, 'flights_ended_at_next_event': 961, 'flights_cut_short': 18, 'touches_reached_late': 62, 'max_late_s': 0.211, 'extreme_flights_lengthened': 3}",91,0,11,0,110,1,28,34,0
3753986,1,0,0,1,12.7,12.21,0,0,2926,0,0,0,668,9.45,0,0,1,0,0,1,12.7,12.21,0,0,2926,0,0,0,668,9.45,0,0,9.84,7.5,28,4674494,813.7,2,1.5513,3693.2,5583.0,93,2064.5,150.4,98.9,74.4,12.0,33,9.47,7.5,19,4675528,930.1,1,1.5513,3694.0,5583.0,93,2064.5,150.4,97.9,72.6,12.0,33,"{'knots': 3021, 'segments': 2198, 'flights_ended_at_next_event': 953, 'flights_cut_short': 19, 'touches_reached_late': 43, 'max_late_s': 0.159, 'extreme_flights_lengthened': 5}",94,0,11,0,133,0,71,47,0
3753987,0,0,0,0,12.41,11.96,0,0,2760,0,0,0,574,9.29,0,0,0,0,0,0,12.41,11.96,0,0,2760,0,0,0,574,9.29,0,0,10.21,7.5,21,4337608,30.2,0,0.0584,3441.3,5800.5,95,2515.7,153.6,75.7,72.7,9.45,0,10.28,7.5,10,4340512,30.1,0,0.0584,3443.5,5800.5,95,2515.7,153.6,75.8,70.6,9.45,0,"{'knots': 2649, 'segments': 1954, 'flights_ended_at_next_event': 858, 'flights_cut_short': 20, 'touches_reached_late': 64, 'max_late_s': 0.46, 'extreme_flights_lengthened': 2}",95,0,11,0,124,1,27,23,0
3753988,0,1,0,0,13.43,13.43,0,0,3079,0,0,0,598,10.03,1,1,0,1,0,0,13.43,13.43,0,0,3079,0,0,0,598,10.03,1,1,10.83,7.5,24,4585460,30.2,0,0.0495,3656.8,5710.7,112,2222.2,181.1,97.6,110.3,6.02,0,11.29,7.5,31,4587418,30.1,0,0.0495,3658.3,5710.7,112,2222.2,181.1,97.2,108.5,6.02,0,"{'knots': 2919, 'segments': 2182, 'flights_ended_at_next_event': 905, 'flights_cut_short': 24, 'touches_reached_late': 78, 'max_late_s': 0.322, 'extreme_flights_lengthened': 0}",113,0,11,0,196,5,84,61,0
3753989,0,0,0,0,12.02,11.67,0,0,3016,0,0,0,601,9.49,0,0,0,0,0,0,12.02,11.8,0,0,3016,0,0,0,601,9.49,0,0,10.78,7.5,21,4787485,30.9,1,0.064,3772.3,5849.2,89,2107.4,143.9,35.5,148.9,2.93,0,10.04,7.5,13,4793777,30.3,0,0.064,3777.1,5849.2,89,2107.4,143.9,35.1,143.7,2.93,0,"{'knots': 3019, 'segments': 2123, 'flights_ended_at_next_event': 993, 'flights_cut_short': 16, 'touches_reached_late': 46, 'max_late_s': 0.227, 'extreme_flights_lengthened': 0}",89,0,11,0,93,0,25,20,0
3753990,0,0,0,0,12.88,11.48,0,0,3136,0,0,0,634,9.43,0,0,0,0,0,0,12.88,11.57,0,0,3136,0,0,0,634,9.43,0,0,10.7,7.5,24,4812324,30.1,0,0.0585,3792.8,5724.6,90,2075.1,145.5,99.9,102.0,7.7,0,10.73,7.5,33,4813886,30.0,0,0.0585,3793.9,5724.6,90,2075.1,145.5,99.2,100.1,7.7,0,"{'knots': 2986, 'segments': 2244, 'flights_ended_at_next_event': 978, 'flights_cut_short': 23, 'touches_reached_late': 55, 'max_late_s': 0.407, 'extreme_flights_lengthened': 0}",91,0,11,0,212,2,76,66,0
3753991,0,0,0,0,12.05,11.35,0,0,3201,0,0,0,647,11.84,1,36,0,0,0,0,12.05,11.4,0,0,3201,0,0,0,647,11.84,1,36,10.72,7.5,30,4824049,30.3,0,0.0704,3811.4,5680.0,96,2066.5,155.2,117.5,74.6,9.41,0,11.46,7.5,27,4826359,30.4,1,0.0704,3813.2,5680.0,96,2066.5,155.2,116.3,71.7,9.41,0,"{'knots': 3068, 'segments': 2262, 'flights_ended_at_next_event': 971, 'flights_cut_short': 22, 'touches_reached_late': 63, 'max_late_s': 0.365, 'extreme_flights_lengthened': 5}",97,0,11,0,189,2,56,45,0
3753992,0,0,0,0,12.94,11.46,0,0,2928,0,0,0,567,9.49,0,0,0,0,0,0,12.94,11.74,0,0,2928,0,0,0,567,9.49,0,0,9.94,7.5,27,4616172,110.0,1,0.1836,3663.8,5957.1,102,2476.9,164.9,97.5,78.8,12.0,27,10.43,7.5,14,4614786,110.1,1,0.1836,3662.7,5957.1,102,2476.9,164.9,95.7,77.9,12.0,27,"{'knots': 2847, 'segments': 2102, 'flights_ended_at_next_event': 927, 'flights_cut_short': 19, 'touches_reached_late': 58, 'max_late_s': 1.292, 'extreme_flights_lengthened': 4}",103,0,11,0,137,1,32,51,0
3753993,0,1,0,0,12.43,11.69,0,0,3031,0,0,0,614,9.5,0,0,0,1,0,0,12.43,11.56,0,0,3031,0,0,0,614,9.5,0,0,9.88,7.5,25,4609309,99.0,8,0.2111,3643.6,5770.6,92,2312.0,148.7,133.3,97.0,12.0,52,10.41,7.5,31,4615169,121.9,6,0.2111,3648.0,5770.6,92,2312.0,148.7,131.5,90.7,12.0,52,"{'knots': 2937, 'segments': 2179, 'flights_ended_at_next_event': 966, 'flights_cut_short': 32, 'touches_reached_late': 79, 'max_late_s': 0.495, 'extreme_flights_lengthened': 2}",93,0,11,0,209,4,53,59,0
3753994,1,1,0,1,13.99,13.99,0,0,2874,0,0,0,593,9.49,0,0,1,1,0,1,13.99,13.99,0,0,2874,0,0,0,593,9.49,0,0,9.18,7.5,19,4405654,471.8,1,0.7866,3505.9,5649.9,103,2335.2,166.5,96.1,71.2,12.0,31,9.9,7.5,23,4406512,471.8,1,0.7866,3506.6,5649.9,103,2335.2,166.5,93.9,68.4,12.0,31,"{'knots': 2779, 'segments': 2042, 'flights_ended_at_next_event': 880, 'flights_cut_short': 13, 'touches_reached_late': 51, 'max_late_s': 0.249, 'extreme_flights_lengthened': 2}",104,0,11,0,142,0,53,34,0
3753995,0,0,0,0,13.13,11.82,0,0,3043,0,0,0,636,9.5,0,0,0,0,0,0,13.05,11.87,0,0,3043,0,0,0,636,9.5,0,0,10.58,7.5,14,4569950,30.0,0,0.0709,3619.4,5843.8,96,2361.7,155.2,61.4,79.2,4.01,0,9.9,7.5,12,4576616,30.0,0,0.0709,3624.4,5843.8,96,2361.7,155.2,61.1,73.8,4.01,0,"{'knots': 2959, 'segments': 2172, 'flights_ended_at_next_event': 971, 'flights_cut_short': 15, 'touches_reached_late': 59, 'max_late_s': 0.285, 'extreme_flights_lengthened': 0}",98,0,11,0,151,0,29,31,0
3753996,1,0,0,1,11.99,11.99,0,0,3000,0,0,0,599,9.36,0,0,1,0,0,1,11.99,11.99,0,0,3000,0,0,0,599,9.36,0,0,10.25,7.5,27,4831112,30.0,0,0.064,3815.2,5716.1,95,2006.2,153.6,61.7,109.8,4.24,0,11.31,7.5,20,4836876,30.0,0,0.064,3819.5,5716.1,95,2006.2,153.6,61.1,104.9,4.24,0,"{'knots': 3074, 'segments': 2233, 'flights_ended_at_next_event': 1001, 'flights_cut_short': 16, 'touches_reached_late': 70, 'max_late_s': 0.172, 'extreme_flights_lengthened': 0}",96,0,11,0,137,0,30,31,0
3753997,0,0,0,0,12.01,11.97,0,0,3160,0,0,0,717,9.43,0,0,0,0,0,0,12.01,11.83,0,0,3160,0,0,0,717,9.43,0,0,9.45,7.5,22,4488020,83.8,21,0.0536,3685.7,5706.0,91,2170.5,147.1,80.9,77.8,12.0,49,9.26,7.5,24,4492193,83.8,20,0.0536,3689.0,5706.0,91,2170.5,147.1,79.7,73.3,12.0,49,"{'knots': 3157, 'segments': 2256, 'flights_ended_at_next_event': 1003, 'flights_cut_short': 17, 'touches_reached_late': 52, 'max_late_s': 0.109, 'extreme_flights_lengthened': 1}",93,0,11,0,99,2,36,17,0
3753998,0,0,0,0,12.53,11.86,0,0,2874,0,0,0,502,9.28,0,0,0,0,0,0,12.53,11.86,0,0,2874,0,0,0,502,9.28,0,0,9.77,7.5,15,4400586,30.0,0,0.0634,3512.3,5723.8,109,2375.3,176.2,71.0,83.3,5.06,0,10.0,7.5,15,4403511,30.0,0,0.0634,3514.5,5723.8,109,2375.3,176.2,71.1,81.2,5.06,0,"{'knots': 2752, 'segments': 2076, 'flights_ended_at_next_event': 844, 'flights_cut_short': 18, 'touches_reached_late': 82, 'max_late_s': 0.467, 'extreme_flights_lengthened': 1}",109,0,11,0,138,2,33,49,0
3753999,0,1,0,0,12.88,12.0,0,0,3009,0,0,0,665,10.87,2,3,0,0,0,0,12.88,11.69,0,0,3009,0,0,0,665,10.87,2,3,9.92,7.5,22,4770743,30.0,0,0.0781,3749.8,5685.0,83,2045.7,134.2,72.6,96.2,6.63,0,9.88,7.5,17,4775319,30.0,0,0.078,3753.3,5685.0,83,2045.7,134.2,71.9,91.9,6.63,0,"{'knots': 3163, 'segments': 2266, 'flights_ended_at_next_event': 1004, 'flights_cut_short': 19, 'touches_reached_late': 59, 'max_late_s': 0.41, 'extreme_flights_lengthened': 2}",83,0,11,0,116,2,43,35,0
3754000,0,0,0,0,13.17,13.17,0,0,2756,0,0,0,567,9.17,0,0,0,0,0,0,12.04,11.83,0,0,2756,0,0,0,567,9.17,0,0,9.42,7.5,14,4671827,30.0,0,0.0642,3689.8,5785.8,92,2238.0,148.7,91.0,97.6,12.0,13,9.26,7.5,15,4673213,30.0,0,0.0642,3690.9,5785.8,92,2238.0,148.7,90.4,95.9,12.0,13,"{'knots': 2800, 'segments': 2095, 'flights_ended_at_next_event': 941, 'flights_cut_short': 22, 'touches_reached_late': 72, 'max_late_s': 0.19, 'extreme_flights_lengthened': 2}",94,0,11,0,167,1,35,51,0
3754001,0,1,0,0,12.52,12.02,0,0,2889,0,0,0,536,9.5,0,0,0,1,0,0,12.52,11.86,0,0,2889,0,0,0,536,9.5,0,0,9.8,7.5,28,4566496,30.0,0,0.0567,3635.9,5971.7,108,2496.3,174.6,84.4,98.5,7.07,0,10.46,7.5,18,4566716,30.0,0,0.0567,3636.1,5971.7,108,2496.3,174.6,82.2,96.2,7.07,0,"{'knots': 2845, 'segments': 2071, 'flights_ended_at_next_event': 860, 'flights_cut_short': 29, 'touches_reached_late': 82, 'max_late_s': 0.293, 'extreme_flights_lengthened': 2}",109,0,11,0,136,1,46,47,0
3754002,0,1,0,0,13.49,13.49,0,0,3012,0,0,0,536,9.38,0,0,0,1,0,0,12.1,11.77,0,0,3012,0,0,0,536,9.38,0,0,10.37,7.5,19,4707582,30.5,7,0.064,3726.5,5650.8,98,2073.7,158.4,102.4,111.2,12.0,8,9.62,7.5,22,4711212,30.5,7,0.064,3729.2,5650.8,98,2073.7,158.4,100.2,106.3,12.0,8,"{'knots': 3009, 'segments': 2214, 'flights_ended_at_next_event': 955, 'flights_cut_short': 21, 'touches_reached_late': 76, 'max_late_s': 0.272, 'extreme_flights_lengthened': 3}",99,0,11,0,190,10,37,62,0
3754003,0,0,0,0,13.18,12.4,0,0,2903,0,0,0,709,9.41,0,0,0,0,0,0,13.18,12.33,0,0,2903,0,0,0,709,9.41,0,0,10.36,7.5,18,5019629,30.0,0,0.0642,3949.8,5701.8,90,1849.0,145.5,59.7,108.2,4.24,0,10.18,7.5,28,5021367,30.0,0,0.0642,3951.1,5701.8,90,1849.0,145.5,58.5,105.6,4.24,0,"{'knots': 3295, 'segments': 2381, 'flights_ended_at_next_event': 1048, 'flights_cut_short': 16, 'touches_reached_late': 71, 'max_late_s': 0.5, 'extreme_flights_lengthened': 1}",90,0,11,0,103,4,46,31,0
3754004,1,0,1,0,11.96,11.66,0,0,2765,0,0,0,564,9.33,0,0,1,0,1,0,11.95,11.66,0,0,2765,0,0,0,564,9.33,0,0,9.48,7.5,19,4330518,30.2,0,0.0493,3435.1,5769.1,94,2474.8,152.0,68.4,79.5,3.0,0,9.91,7.5,20,4333708,30.1,0,0.0493,3437.6,5769.1,94,2474.8,152.0,67.3,75.9,3.0,0,"{'knots': 2735, 'segments': 1985, 'flights_ended_at_next_event': 860, 'flights_cut_short': 17, 'touches_reached_late': 58, 'max_late_s': 0.212, 'extreme_flights_lengthened': 4}",94,0,11,0,102,0,26,34,0
3754005,1,0,1,0,12.05,11.61,0,0,2711,0,0,0,673,10.43,1,1,1,0,1,0,11.99,11.61,0,0,2711,0,0,0,673,10.43,1,1,10.38,7.5,10,4933258,67.6,10,0.0565,3864.8,5698.6,78,1874.4,126.1,77.9,163.3,12.0,39,8.75,7.5,8,4937658,80.1,10,0.0565,3868.1,5698.6,78,1874.4,126.1,77.6,159.7,12.0,39,"{'knots': 2825, 'segments': 2077, 'flights_ended_at_next_event': 885, 'flights_cut_short': 17, 'touches_reached_late': 58, 'max_late_s': 0.242, 'extreme_flights_lengthened': 1}",78,0,11,0,115,0,18,27,0
3754006,0,1,0,0,13.15,11.62,0,0,2430,0,0,0,428,9.23,0,0,0,1,0,0,13.15,11.73,0,0,2430,0,0,0,428,9.23,0,0,10.1,7.5,20,4260110,583.5,8,1.3562,3386.4,5797.5,97,2563.8,156.8,103.8,108.0,12.0,33,10.2,7.5,19,4263942,706.0,8,1.3562,3389.3,5797.5,97,2563.8,156.8,103.6,104.8,12.0,33,"{'knots': 2372, 'segments': 1807, 'flights_ended_at_next_event': 767, 'flights_cut_short': 30, 'touches_reached_late': 70, 'max_late_s': 0.34, 'extreme_flights_lengthened': 1}",99,0,11,0,157,1,35,43,0
3754007,0,0,0,0,12.0,11.4,0,0,2895,0,0,0,680,9.46,0,0,0,0,0,0,12.0,11.28,0,0,2895,0,0,0,680,9.46,0,0,10.18,7.5,26,4630505,53.5,26,0.0705,3885.3,5898.7,86,2145.1,139.0,95.3,102.6,12.0,18,10.77,7.5,22,4634595,53.5,26,0.0706,3888.7,5898.7,86,2145.1,139.0,94.2,98.2,12.0,18,"{'knots': 2996, 'segments': 2201, 'flights_ended_at_next_event': 977, 'flights_cut_short': 20, 'touches_reached_late': 56, 'max_late_s': 0.499, 'extreme_flights_lengthened': 3}",87,0,11,0,174,4,43,50,0
3754008,0,0,0,0,13.47,11.64,0,0,2813,0,0,0,672,12.13,1,65,0,0,0,0,13.47,11.65,0,0,2813,0,0,0,672,12.13,1,65,9.8,7.5,22,5128854,30.0,0,0.0586,4015.4,5931.3,79,1944.6,127.7,79.3,178.4,4.24,0,9.72,7.5,18,5131762,30.0,0,0.0585,4017.6,5931.3,79,1944.6,127.7,79.0,175.8,4.24,0,"{'knots': 2947, 'segments': 2164, 'flights_ended_at_next_event': 958, 'flights_cut_short': 16, 'touches_reached_late': 52, 'max_late_s': 0.234, 'extreme_flights_lengthened': 2}",80,0,11,0,170,0,43,40,0
3754009,0,0,0,0,14.42,11.86,0,0,3386,0,0,0,800,9.26,0,0,0,0,0,0,14.42,11.86,0,0,3386,0,0,0,800,9.26,0,0,10.74,7.5,21,5092692,30.2,0,0.0585,3993.7,5777.1,83,1900.9,134.2,95.1,111.6,12.0,21,10.4,7.5,23,5098390,30.2,0,0.0585,3998.0,5777.1,83,1900.9,134.2,94.8,107.0,12.0,21,"{'knots': 3410, 'segments': 2474, 'flights_ended_at_next_event': 1076, 'flights_cut_short': 14, 'touches_reached_late': 53, 'max_late_s': 0.305, 'extreme_flights_lengthened': 2}",85,0,11,0,169,4,54,49,0
3754010,0,1,0,0,12.01,11.72,0,0,2781,0,0,0,579,9.21,0,0,0,1,0,0,12.01,11.74,0,0,2781,0,0,0,579,9.21,0,0,9.38,7.5,5,5062244,30.1,0,0.05,3995.2,5779.5,98,1815.5,158.4,56.1,183.4,6.33,0,9.43,7.5,4,5068206,30.1,0,0.05,3999.7,5779.5,98,1815.5,158.4,56.1,178.9,6.33,0,"{'knots': 2916, 'segments': 2080, 'flights_ended_at_next_event': 964, 'flights_cut_short': 12, 'touches_reached_late': 61, 'max_late_s': 0.68, 'extreme_flights_lengthened': 2}",99,0,11,0,68,1,7,18,0
3754011,0,0,0,0,11.85,11.41,0,0,2835,0,0,0,606,9.24,0,0,0,0,0,0,11.96,11.18,0,0,2835,0,0,0,606,9.24,0,0,9.37,7.5,13,4975627,30.0,0,0.0704,3913.6,5795.5,88,1907.9,142.3,58.6,174.9,11.77,0,9.38,7.5,13,4983395,30.0,0,0.0705,3919.5,5795.5,88,1907.9,142.3,58.0,168.4,11.77,0,"{'knots': 3115, 'segments': 2181, 'flights_ended_at_next_event': 1019, 'flights_cut_short': 12, 'touches_reached_late': 49, 'max_late_s': 0.115, 'extreme_flights_lengthened': 0}",88,0,11,0,86,1,32,20,0
3754012,0,1,0,0,12.08,11.57,0,0,2927,0,0,0,684,9.4,0,0,0,1,0,0,12.08,11.76,0,0,2927,0,0,0,684,9.4,0,0,9.61,7.5,12,4785836,30.0,0,0.0512,3769.4,5748.7,88,2084.3,142.3,58.9,96.1,6.36,0,9.63,7.5,12,4787882,30.0,0,0.0512,3771.0,5748.7,88,2084.3,142.3,57.2,92.9,6.36,0,"{'knots': 3147, 'segments': 2246, 'flights_ended_at_next_event': 1056, 'flights_cut_short': 9, 'touches_reached_late': 43, 'max_late_s': 0.115, 'extreme_flights_lengthened': 1}",88,0,11,0,121,0,19,41,0
3754013,0,0,0,0,12.16,11.71,0,0,2726,0,0,0,515,9.53,0,0,0,0,0,0,12.16,11.49,0,0,2726,0,0,0,515,9.53,0,0,9.41,7.5,13,4549643,30.0,0,0.064,3626.4,5898.0,110,2438.2,177.8,85.6,96.7,10.81,0,8.41,7.5,12,4552855,30.0,0,0.064,3628.9,5898.0,110,2438.2,177.8,84.6,93.2,10.81,0,"{'knots': 2689, 'segments': 2016, 'flights_ended_at_next_event': 882, 'flights_cut_short': 21, 'touches_reached_late': 63, 'max_late_s': 0.14, 'extreme_flights_lengthened': 3}",113,0,11,0,137,1,31,34,0
3754014,0,1,0,0,12.01,11.9,0,0,2633,0,0,0,520,10.71,1,18,0,1,0,0,12.01,11.81,0,0,2633,0,0,0,520,10.71,1,18,11.8,7.5,22,4277363,30.2,0,0.0707,3419.3,5764.4,107,2476.5,173.0,56.2,97.8,3.77,0,12.38,7.5,10,4277031,30.2,0,0.0707,3419.0,5764.4,107,2476.5,173.0,55.4,97.2,3.77,0,"{'knots': 2540, 'segments': 1899, 'flights_ended_at_next_event': 820, 'flights_cut_short': 15, 'touches_reached_late': 65, 'max_late_s': 0.078, 'extreme_flights_lengthened': 2}",108,0,11,0,116,0,23,28,0
3754015,0,0,0,0,12.09,11.72,0,0,2836,0,0,0,619,10.77,1,32,0,0,0,0,12.1,11.78,0,0,2836,0,0,0,619,10.79,1,32,8.98,7.5,16,4605678,30.2,0,0.056,3655.8,5645.9,102,2099.0,164.9,45.8,101.8,4.24,0,10.04,7.5,14,4610804,30.2,0,0.056,3659.7,5645.9,102,2099.0,164.9,44.9,97.0,4.24,0,"{'knots': 3068, 'segments': 2185, 'flights_ended_at_next_event': 988, 'flights_cut_short': 16, 'touches_reached_late': 62, 'max_late_s': 0.5, 'extreme_flights_lengthened': 0}",103,0,11,0,127,2,43,18,0
3754016,0,1,0,0,13.2,13.2,0,0,2808,0,0,0,534,9.41,0,0,0,1,0,0,13.15,12.03,0,0,2808,0,0,0,534,9.35,0,0,10.73,7.5,28,4472160,87.6,4,0.2233,3541.6,5704.2,94,2353.9,152.0,127.6,88.3,12.0,54,9.71,7.5,25,4475042,127.4,3,0.2233,3543.8,5704.2,94,2353.9,152.0,126.5,85.0,12.0,54,"{'knots': 2873, 'segments': 2086, 'flights_ended_at_next_event': 927, 'flights_cut_short': 27, 'touches_reached_late': 53, 'max_late_s': 0.388, 'extreme_flights_lengthened': 7}",94,0,11,0,154,5,85,59,0
3754017,0,0,0,0,13.69,11.82,0,0,2616,0,0,0,509,9.44,0,0,0,0,0,0,13.42,11.72,0,0,2616,0,0,0,509,9.44,0,0,10.77,7.5,20,4463932,30.2,0,0.0671,3546.8,5708.9,101,2255.8,163.3,64.8,134.4,3.77,0,9.77,7.5,20,4467672,30.1,0,0.0671,3549.6,5708.9,101,2255.8,163.3,63.3,130.0,3.77,0,"{'knots': 2607, 'segments': 1942, 'flights_ended_at_next_event': 858, 'flights_cut_short': 23, 'touches_reached_late': 51, 'max_late_s': 0.331, 'extreme_flights_lengthened': 1}",102,0,11,0,131,3,24,29,0
3754018,0,0,0,0,13.15,11.99,0,0,3446,0,0,0,756,11.74,1,46,0,0,0,0,13.18,11.99,0,0,3446,0,0,0,756,11.97,1,46,10.33,7.5,15,4795106,30.0,0,0.0712,3813.6,5709.5,90,1998.2,145.5,58.7,101.9,4.24,0,9.19,7.5,11,4793465,30.0,0,0.0712,3812.3,5709.5,90,1998.2,145.5,56.5,100.8,4.24,0,"{'knots': 3347, 'segments': 2411, 'flights_ended_at_next_event': 1078, 'flights_cut_short': 18, 'touches_reached_late': 58, 'max_late_s': 0.5, 'extreme_flights_lengthened': 1}",90,0,11,0,127,1,29,34,0
3754019,0,0,0,0,12.0,11.0,0,0,2952,0,0,0,645,9.31,0,0,0,0,0,0,11.94,11.0,0,0,2952,0,0,0,645,9.31,0,0,11.44,7.5,7,4786100,111.3,20,0.0713,3766.4,5724.8,86,2078.5,139.0,80.8,99.7,12.0,26,9.4,7.5,11,4793338,111.4,20,0.0712,3771.8,5724.8,86,2078.5,139.0,81.4,94.8,12.0,26,"{'knots': 3021, 'segments': 2162, 'flights_ended_at_next_event': 989, 'flights_cut_short': 14, 'touches_reached_late': 58, 'max_late_s': 0.376, 'extreme_flights_lengthened': 0}",86,0,11,0,120,0,20,27,0
3754020,0,0,0,0,13.13,13.13,0,0,3036,0,0,0,600,9.25,0,0,0,0,0,0,12.1,11.61,0,0,3036,0,0,0,600,9.25,0,0,9.44,7.5,14,4421582,30.1,0,0.0588,3539.2,5743.0,116,2424.5,187.5,101.2,68.0,6.02,0,9.96,7.5,13,4421164,30.1,0,0.0588,3538.9,5743.0,116,2424.5,187.5,98.8,65.8,6.02,0,"{'knots': 2943, 'segments': 2142, 'flights_ended_at_next_event': 924, 'flights_cut_short': 20, 'touches_reached_late': 54, 'max_late_s': 0.5, 'extreme_flights_lengthened': 6}",116,0,11,0,104,0,31,32,0
3754021,0,0,0,0,13.12,11.78,0,0,3038,0,0,0,613,9.41,0,0,0,0,0,0,13.11,12.23,0,0,3038,0,0,0,613,9.41,0,0,9.4,7.5,16,4538864,39.8,18,0.0566,3608.4,5781.0,104,2335.8,168.1,83.4,88.3,12.0,18,9.62,7.5,14,4540888,39.8,18,0.0566,3610.0,5781.0,104,2335.8,168.1,83.6,87.0,12.0,18,"{'knots': 2895, 'segments': 2137, 'flights_ended_at_next_event': 885, 'flights_cut_short': 19, 'touches_reached_late': 75, 'max_late_s': 0.188, 'extreme_flights_lengthened': 1}",104,0,11,0,135,0,33,35,0
3754022,0,1,0,0,14.51,11.49,0,0,2480,0,0,0,333,9.42,0,0,0,1,0,0,14.51,11.49,0,0,2480,0,0,0,333,9.42,0,0,10.33,7.5,23,3988138,30.1,0,0.0553,3220.6,5883.1,122,2849.4,197.2,94.9,104.9,10.44,0,10.66,7.52,23,3992472,30.0,0,0.0553,3223.9,5883.1,122,2849.4,197.2,94.6,101.3,10.44,0,"{'knots': 2079, 'segments': 1645, 'flights_ended_at_next_event': 648, 'flights_cut_short': 35, 'touches_reached_late': 73, 'max_late_s': 0.5, 'extreme_flights_lengthened': 2}",123,0,11,0,179,0,42,64,0
3754023,0,0,0,0,14.29,14.29,0,0,2489,0,0,0,517,9.45,0,0,0,0,0,0,14.22,14.22,0,0,2489,0,0,0,517,9.45,0,0,10.17,7.5,20,4203772,50.3,15,0.0644,3374.3,6054.2,116,2914.4,187.5,116.1,69.1,12.0,38,9.7,7.5,26,4207578,52.9,12,0.0644,3377.1,6054.2,116,2914.4,187.5,115.4,65.5,12.0,38,"{'knots': 2592, 'segments': 1983, 'flights_ended_at_next_event': 834, 'flights_cut_short': 43, 'touches_reached_late': 86, 'max_late_s': 0.5, 'extreme_flights_lengthened': 3}",119,0,11,0,161,4,42,49,0
3754024,1,0,0,1,16.73,16.73,0,0,2898,0,0,0,496,9.19,0,0,1,0,0,1,16.73,16.73,0,0,2898,0,0,0,496,9.19,0,0,9.45,7.5,16,4388582,30.3,0,0.051,3522.4,5764.2,121,2444.2,195.6,90.9,84.1,8.76,0,11.68,7.5,15,4388846,30.0,0,0.051,3522.6,5764.2,121,2444.2,195.6,90.2,83.3,8.76,0,"{'knots': 2754, 'segments': 2075, 'flights_ended_at_next_event': 912, 'flights_cut_short': 19, 'touches_reached_late': 72, 'max_late_s': 0.565, 'extreme_flights_lengthened': 3}",123,0,11,0,161,2,35,42,0
3754025,0,0,0,0,12.01,11.69,0,0,2823,0,0,0,547,9.33,0,0,0,0,0,0,11.95,11.82,0,0,2823,0,0,0,547,9.33,0,0,8.61,7.5,10,4450160,66.7,3,0.04,3533.1,5655.5,99,2302.1,160.1,103.7,83.9,12.0,23,10.26,7.5,22,4453460,62.8,2,0.04,3535.6,5655.5,99,2302.1,160.1,102.2,79.9,12.0,23,"{'knots': 2821, 'segments': 2067, 'flights_ended_at_next_event': 929, 'flights_cut_short': 28, 'touches_reached_late': 69, 'max_late_s': 0.386, 'extreme_flights_lengthened': 4}",99,0,11,0,156,2,32,55,0
3754026,0,1,0,0,12.04,11.92,0,0,2526,0,0,0,379,9.35,0,0,0,1,0,0,12.04,11.9,0,0,2526,0,0,0,379,9.35,0,0,8.73,7.5,6,4030188,1920.8,32,3.2015,3222.0,5873.8,103,2832.0,166.5,111.7,98.1,12.0,71,8.46,7.5,8,4028779,1846.8,33,3.2015,3220.9,5873.8,103,2832.0,166.5,111.1,98.5,12.0,71,"{'knots': 2297, 'segments': 1732, 'flights_ended_at_next_event': 729, 'flights_cut_short': 22, 'touches_reached_late': 48, 'max_late_s': 0.456, 'extreme_flights_lengthened': 0}",104,0,11,0,100,2,28,32,0
3754027,0,0,0,0,12.87,11.91,0,0,3036,0,0,0,616,9.28,0,0,0,0,0,0,12.87,11.81,0,0,3036,0,0,0,616,9.28,0,0,9.44,7.5,15,4676142,31.1,2,0.0509,3707.6,5703.5,101,2183.4,163.3,81.5,57.3,6.02,0,9.66,7.5,11,4678364,31.0,1,0.0509,3709.2,5703.5,101,2183.4,163.3,79.9,54.0,6.02,0,"{'knots': 2980, 'segments': 2198, 'flights_ended_at_next_event': 980, 'flights_cut_short': 17, 'touches_reached_late': 55, 'max_late_s': 0.194, 'extreme_flights_lengthened': 3}",102,0,11,0,144,4,25,32,0
3754028,0,0,0,0,13.42,12.16,0,0,2851,0,0,0,615,9.83,1,1,0,0,0,0,13.42,12.16,0,0,2851,0,0,0,615,9.83,1,1,10.01,7.5,27,4320875,30.0,0,0.0706,3436.0,5811.2,99,2548.7,160.1,89.1,75.7,4.01,0,9.47,7.5,22,4323009,30.0,0,0.0706,3437.6,5811.2,99,2548.7,160.1,87.9,72.9,4.01,0,"{'knots': 2882, 'segments': 2132, 'flights_ended_at_next_event': 929, 'flights_cut_short': 17, 'touches_reached_late': 62, 'max_late_s': 0.1, 'extreme_flights_lengthened': 6}",101,0,11,0,185,2,44,33,0
3754029,0,0,0,0,12.03,12.02,0,0,2954,0,0,0,611,9.41,0,0,0,0,0,0,12.03,12.0,0,0,2954,0,0,0,611,9.41,0,0,9.87,7.5,16,4764012,675.9,10,1.966,3793.7,5831.3,113,2262.9,182.7,127.9,85.2,12.0,88,9.28,7.5,18,4766278,677.0,10,1.966,3795.4,5831.3,113,2262.9,182.7,126.7,82.3,12.0,88,"{'knots': 2869, 'segments': 2114, 'flights_ended_at_next_event': 903, 'flights_cut_short': 27, 'touches_reached_late': 73, 'max_late_s': 0.5, 'extreme_flights_lengthened': 1}",114,0,11,0,97,0,22,32,0
3754030,1,0,1,0,12.01,11.8,0,0,2976,0,0,0,541,9.49,0,0,1,0,1,0,11.98,11.84,0,0,2976,0,0,0,541,9.49,0,0,9.64,7.5,30,4550546,30.2,0,0.0564,3591.2,5821.2,88,2368.3,142.3,108.7,112.6,8.22,0,9.85,7.5,24,4553340,30.1,0,0.0565,3593.3,5821.2,88,2368.3,142.3,108.1,109.9,8.22,0,"{'knots': 2657, 'segments': 2010, 'flights_ended_at_next_event': 829, 'flights_cut_short': 46, 'touches_reached_late': 84, 'max_late_s': 0.429, 'extreme_flights_lengthened': 5}",88,0,11,0,179,5,58,55,0
3754031,0,2,0,0,12.01,11.87,0,0,2874,0,0,0,529,9.07,0,0,0,2,0,0,12.04,11.86,0,0,2874,0,0,0,529,9.07,0,0,10.22,7.5,19,4258341,192.6,10,0.0565,3400.8,5884.8,107,2705.7,173.0,120.0,71.3,12.0,28,9.96,7.5,30,4260585,191.8,9,0.0564,3402.5,5884.8,107,2705.7,173.0,119.3,68.9,12.0,28,"{'knots': 2563, 'segments': 1932, 'flights_ended_at_next_event': 813, 'flights_cut_short': 23, 'touches_reached_late': 62, 'max_late_s': 0.5, 'extreme_flights_lengthened': 2}",110,0,11,0,160,4,53,51,0
3754032,0,1,0,0,14.89,11.94,0,0,3010,0,0,0,701,9.39,0,0,0,0,0,0,14.89,12.0,0,0,3010,0,0,0,701,9.39,0,0,9.62,7.5,16,4768288,1598.9,1,2.6649,3861.9,5730.7,82,2000.1,132.6,86.6,87.9,12.0,35,10.62,7.5,16,4768943,1045.0,2,2.6649,3862.4,5730.7,82,2000.1,132.6,85.5,86.2,12.0,35,"{'knots': 3108, 'segments': 2273, 'flights_ended_at_next_event': 1039, 'flights_cut_short': 15, 'touches_reached_late': 53, 'max_late_s': 0.216, 'extreme_flights_lengthened': 0}",82,0,11,0,155,2,22,49,0
3754033,0,0,0,0,13.31,13.31,0,0,2938,0,0,0,554,9.41,0,0,0,0,0,0,14.87,14.87,0,0,2938,0,0,0,554,9.41,0,0,10.88,7.5,10,4461798,30.5,1,0.0642,3545.2,5677.9,101,2314.8,163.3,96.0,77.2,12.0,27,8.3,7.5,13,4463602,30.2,0,0.0642,3546.5,5677.9,101,2314.8,163.3,93.4,73.2,12.0,27,"{'knots': 2803, 'segments': 2063, 'flights_ended_at_next_event': 919, 'flights_cut_short': 16, 'touches_reached_late': 61, 'max_late_s': 0.254, 'extreme_flights_lengthened': 2}",102,0,11,0,130,0,17,40,0
3754034,0,0,0,0,12.0,11.71,0,0,2830,0,0,0,630,11.15,1,1,0,1,0,0,12.0,11.71,0,0,2830,0,0,0,630,11.15,1,1,8.65,7.5,19,4666868,32.5,1,0.0633,3687.0,5864.2,92,2323.9,148.7,93.1,95.1,6.02,0,9.38,7.5,22,4668712,30.9,1,0.0633,3688.4,5864.2,92,2323.9,148.7,90.7,91.3,6.02,0,"{'knots': 2854, 'segments': 2154, 'flights_ended_at_next_event': 947, 'flights_cut_short': 13, 'touches_reached_late': 49, 'max_late_s': 0.139, 'extreme_flights_lengthened': 0}",94,0,11,0,189,1,33,63,0
3754035,0,0,0,0,11.87,11.64,0,0,2693,0,0,0,596,9.49,0,0,0,0,0,0,11.88,11.32,0,0,2693,0,0,0,596,9.49,0,0,10.94,7.5,18,4561128,30.0,0,0.0533,3600.8,5788.4,89,2280.8,143.9,66.6,117.2,4.01,0,10.16,7.5,23,4565022,30.0,0,0.0533,3603.8,5788.4,89,2280.8,143.9,64.8,112.4,4.01,0,"{'knots': 2836, 'segments': 2069, 'flights_ended_at_next_event': 919, 'flights_cut_short': 8, 'touches_reached_late': 52, 'max_late_s': 0.443, 'extreme_flights_lengthened': 1}",90,0,11,0,118,1,33,35,0
3754036,0,0,0,0,14.14,12.08,0,0,2789,0,0,0,618,9.05,0,0,0,0,0,0,14.14,12.08,0,0,2789,0,0,0,618,9.05,0,0,10.02,7.5,22,4694580,30.0,0,0.0583,3711.7,5853.5,95,2243.5,153.6,58.1,109.8,6.36,0,10.0,7.5,20,4698562,30.0,0,0.0582,3714.7,5853.5,95,2243.5,153.6,58.2,106.9,6.36,0,"{'knots': 2864, 'segments': 2084, 'flights_ended_at_next_event': 914, 'flights_cut_short': 27, 'touches_reached_late': 60, 'max_late_s': 0.202, 'extreme_flights_lengthened': 1}",95,0,11,0,117,0,38,33,0
3754037,0,1,0,0,13.15,12.09,0,0,3223,0,0,0,750,9.45,0,0,0,1,0,0,13.15,11.88,0,0,3223,0,0,0,750,9.45,0,0,9.56,7.5,31,5260442,30.1,0,0.0636,4119.2,5674.7,82,1736.9,132.6,118.4,69.6,6.02,0,9.98,7.5,24,5264160,30.2,0,0.0637,4122.0,5674.7,82,1736.9,132.6,117.8,66.1,6.02,0,"{'knots': 3385, 'segments': 2467, 'flights_ended_at_next_event': 1090, 'flights_cut_short': 21, 'touches_reached_late': 58, 'max_late_s': 0.5, 'extreme_flights_lengthened': 4}",84,0,11,0,178,3,61,62,0
3754038,0,0,0,0,11.98,11.98,0,0,3004,0,0,0,679,9.25,0,0,0,0,0,0,11.89,11.69,0,0,3004,0,0,0,679,9.25,0,0,9.78,7.5,10,4881355,30.0,0,0.05,3849.2,5772.5,88,2031.3,142.3,65.3,99.5,8.27,0,10.07,7.5,15,4884648,30.0,0,0.05,3851.8,5772.5,88,2031.3,142.3,63.6,95.3,8.27,0,"{'knots': 3230, 'segments': 2317, 'flights_ended_at_next_event': 1062, 'flights_cut_short': 21, 'touches_reached_late': 45, 'max_late_s': 0.178, 'extreme_flights_lengthened': 1}",89,0,11,0,96,1,29,31,0
3754039,0,0,0,0,11.93,11.76,0,0,2765,0,0,0,486,9.41,0,0,0,0,0,0,11.9,11.9,0,0,2765,0,0,0,486,9.43,0,0,9.11,7.5,20,4205737,30.2,0,0.0644,3388.9,6026.8,122,2817.1,197.2,84.5,102.5,3.0,0,11.17,7.5,21,4207673,30.1,0,0.0643,3390.4,6026.8,122,2817.1,197.2,84.5,101.1,3.0,0,"{'knots': 2607, 'segments': 2008, 'flights_ended_at_next_event': 776, 'flights_cut_short': 44, 'touches_reached_late': 101, 'max_late_s': 0.173, 'extreme_flights_lengthened': 6}",123,0,11,0,157,2,48,54,0
3754040,0,0,0,0,12.32,12.32,0,0,3037,0,0,0,704,9.37,0,0,0,0,0,0,12.32,12.32,0,0,3037,0,0,0,704,9.37,0,0,9.64,7.5,26,5086840,30.0,0,0.0446,3994.2,5708.3,86,1802.1,139.0,76.5,127.5,7.23,0,9.64,7.5,27,5090008,30.0,0,0.0446,3996.6,5708.3,86,1802.1,139.0,75.3,123.9,7.23,0,"{'knots': 3214, 'segments': 2306, 'flights_ended_at_next_event': 1037, 'flights_cut_short': 24, 'touches_reached_late': 57, 'max_late_s': 0.461, 'extreme_flights_lengthened': 1}",88,0,11,0,124,1,62,42,0
3754041,0,1,0,0,12.42,11.83,0,0,2992,0,0,0,730,9.49,0,0,0,1,0,0,12.42,12.04,0,0,2992,0,0,0,730,9.49,0,0,9.72,7.5,39,5060437,30.3,1,0.0542,3938.2,5581.4,64,1660.3,103.5,118.7,205.1,6.14,0,10.21,7.5,21,5062285,30.4,1,0.0542,3939.6,5581.4,64,1660.3,103.5,116.7,201.7,6.14,0,"{'knots': 3308, 'segments': 2381, 'flights_ended_at_next_event': 1054, 'flights_cut_short': 21, 'touches_reached_late': 59, 'max_late_s': 0.5, 'extreme_flights_lengthened': 5}",65,0,11,0,182,1,86,67,0
3754042,0,1,0,0,11.99,11.44,0,0,2988,0,0,0,581,9.45,0,0,0,1,0,0,11.99,11.58,0,0,2988,0,0,0,581,9.45,0,0,10.35,7.5,14,4648027,30.0,0,0.0574,3689.5,5667.0,103,2083.9,166.5,69.9,130.0,6.02,0,9.46,7.5,9,4651899,30.0,0,0.0574,3692.5,5667.0,103,2083.9,166.5,70.1,127.2,6.02,0,"{'knots': 3006, 'segments': 2204, 'flights_ended_at_next_event': 915, 'flights_cut_short': 15, 'touches_reached_late': 67, 'max_late_s': 0.192, 'extreme_flights_lengthened': 0}",103,0,11,0,134,4,30,42,0
3754043,1,0,0,1,14.29,12.28,0,0,3025,0,0,0,644,10.68,2,80,1,0,0,1,14.29,12.28,0,0,3025,0,0,0,644,10.95,2,93,10.83,7.5,18,4856258,30.0,0,0.0583,3850.5,5691.4,105,2029.0,169.8,79.4,61.0,4.24,0,10.91,7.5,12,4860592,30.1,0,0.0583,3853.8,5691.4,105,2029.0,169.8,78.8,57.1,4.24,0,"{'knots': 3065, 'segments': 2227, 'flights_ended_at_next_event': 1024, 'flights_cut_short': 12, 'touches_reached_late': 45, 'max_late_s': 0.116, 'extreme_flights_lengthened': 2}",106,0,11,0,130,2,27,39,0
3754044,0,0,0,0,13.93,11.05,0,0,2803,0,0,0,649,9.22,0,0,0,0,0,0,12.52,11.94,0,0,2803,0,0,0,649,9.22,0,0,9.36,7.5,21,4934907,30.0,0,0.0539,3895.4,5719.4,96,1919.0,155.2,49.7,109.9,2.22,0,9.49,7.5,29,4940407,30.0,0,0.0539,3899.6,5719.4,96,1919.0,155.2,49.4,105.4,2.23,0,"{'knots': 2980, 'segments': 2198, 'flights_ended_at_next_event': 975, 'flights_cut_short': 14, 'touches_reached_late': 58, 'max_late_s': 0.115, 'extreme_flights_lengthened': 0}",97,0,11,0,140,0,38,37,0
3754045,0,1,0,0,12.3,11.44,0,0,3058,0,0,0,499,9.49,0,0,0,1,0,0,12.16,11.44,0,0,3058,0,0,0,499,9.49,0,0,8.8,7.5,16,4284104,30.1,0,0.058,3417.1,5691.4,105,2415.7,169.8,91.5,119.7,12.0,19,9.34,7.5,21,4285798,30.1,0,0.0582,3418.4,5691.4,105,2415.7,169.8,91.2,118.2,12.0,19,"{'knots': 2771, 'segments': 2084, 'flights_ended_at_next_event': 882, 'flights_cut_short': 20, 'touches_reached_late': 66, 'max_late_s': 0.249, 'extreme_flights_lengthened': 3}",105,0,11,0,164,4,39,48,0
3754046,0,0,0,0,11.97,11.61,0,0,3120,0,0,0,649,9.44,0,0,0,0,0,0,12.05,11.61,0,0,3120,0,0,0,649,9.44,0,0,10.39,7.5,20,5031532,31.2,2,0.0585,3949.0,5659.3,84,1836.6,135.8,85.3,94.7,6.36,0,10.85,7.5,21,5032192,31.2,2,0.0585,3949.5,5659.3,84,1836.6,135.8,83.7,92.6,6.36,0,"{'knots': 3033, 'segments': 2230, 'flights_ended_at_next_event': 960, 'flights_cut_short': 8, 'touches_reached_late': 55, 'max_late_s': 0.138, 'extreme_flights_lengthened': 4}",85,0,11,0,135,2,37,43,0
3754047,0,2,0,0,12.16,11.79,0,0,3046,0,0,0,662,9.38,0,0,0,3,0,0,12.16,11.96,0,0,3046,0,0,0,662,9.38,0,0,10.62,7.5,38,5110358,2084.0,2,3.5106,4033.2,5790.5,99,2009.1,160.1,174.0,81.9,12.0,35,9.67,7.5,27,5113130,2106.6,3,3.5106,4035.3,5790.5,99,2009.1,160.1,173.5,79.2,12.0,35,"{'knots': 3286, 'segments': 2400, 'flights_ended_at_next_event': 1042, 'flights_cut_short': 26, 'touches_reached_late': 70, 'max_late_s': 0.5, 'extreme_flights_lengthened': 4}",99,0,11,0,247,5,93,105,0
3754048,0,0,0,0,12.75,11.98,0,0,3079,0,0,0,626,9.44,0,0,0,0,0,0,12.66,11.93,0,0,3079,0,0,0,626,9.44,0,0,9.69,7.5,15,4885239,74.9,1,0.0583,3913.8,5728.0,85,1956.0,137.4,111.9,107.5,12.0,27,9.64,7.5,20,4888506,69.3,1,0.0583,3916.3,5728.0,85,1956.0,137.4,110.5,103.6,12.0,27,"{'knots': 3097, 'segments': 2271, 'flights_ended_at_next_event': 995, 'flights_cut_short': 30, 'touches_reached_late': 70, 'max_late_s': 0.5, 'extreme_flights_lengthened': 3}",86,0,11,0,150,2,66,53,0
3754049,0,0,0,0,12.08,12.08,0,0,2801,0,0,0,441,11.03,1,37,0,0,0,0,12.13,12.13,0,0,2801,0,0,0,441,10.78,1,40,9.73,7.5,29,4447872,33.3,1,0.056,3534.6,5814.6,101,2502.2,163.3,120.4,61.2,4.24,0,9.97,7.5,28,4448972,33.7,2,0.056,3535.5,5814.6,101,2502.2,163.3,119.9,59.9,4.24,0,"{'knots': 2617, 'segments': 1962, 'flights_ended_at_next_event': 868, 'flights_cut_short': 37, 'touches_reached_late': 68, 'max_late_s': 0.39, 'extreme_flights_lengthened': 5}",101,0,11,0,210,3,63,73,0
3754050,0,1,0,0,12.16,11.91,0,0,2796,0,0,0,502,11.22,1,49,0,1,0,0,12.16,11.92,0,0,2796,0,0,0,502,11.33,1,49,9.36,7.5,12,4196764,30.1,0,0.0609,3346.0,5717.1,102,2551.1,164.9,89.9,74.8,7.83,0,9.38,7.5,19,4197974,30.3,0,0.0608,3346.9,5717.1,102,2551.1,164.9,88.7,72.7,7.83,0,"{'knots': 2430, 'segments': 1862, 'flights_ended_at_next_event': 779, 'flights_cut_short': 23, 'touches_reached_late': 65, 'max_late_s': 0.451, 'extreme_flights_lengthened': 6}",102,0,11,0,147,2,25,43,0
3754051,0,0,0,0,12.05,11.84,0,0,2478,0,0,0,426,9.54,0,0,0,0,0,0,11.85,11.84,0,0,2478,0,0,0,426,9.54,0,0,10.62,7.5,17,3990477,30.0,0,0.0707,3206.5,5780.9,112,2717.4,181.1,44.9,82.9,3.0,0,9.44,7.5,6,3996614,30.2,0,0.0707,3211.2,5780.9,112,2717.4,181.1,45.4,78.8,3.0,0,"{'knots': 2413, 'segments': 1843, 'flights_ended_at_next_event': 830, 'flights_cut_short': 20, 'touches_reached_late': 62, 'max_late_s': 0.22, 'extreme_flights_lengthened': 1}",114,0,11,0,119,0,14,34,0
3754052,0,0,0,0,12.12,11.69,0,0,2758,0,0,0,459,9.2,0,0,0,0,0,0,12.04,11.18,0,0,2758,0,0,0,459,9.2,0,0,10.62,7.5,12,4278573,30.6,9,0.0542,3418.6,5929.4,108,2649.3,174.6,72.5,108.5,12.0,9,8.56,7.5,7,4281697,30.6,9,0.0541,3420.9,5929.4,108,2649.3,174.6,72.5,106.2,12.0,9,"{'knots': 2479, 'segments': 1876, 'flights_ended_at_next_event': 767, 'flights_cut_short': 15, 'touches_reached_late': 68, 'max_late_s': 0.147, 'extreme_flights_lengthened': 1}",108,0,11,0,134,4,13,49,0
3754053,0,0,0,0,12.09,12.09,0,0,3069,0,0,0,652,9.26,0,0,0,0,0,0,12.09,12.09,0,0,3069,0,0,0,652,9.26,0,0,10.04,7.5,12,4821630,30.0,0,0.0579,3803.1,5709.3,92,2009.3,148.7,55.9,101.4,3.0,0,10.62,7.5,12,4825854,30.0,0,0.0579,3806.3,5709.3,92,2009.3,148.7,55.0,97.2,3.0,0,"{'knots': 3055, 'segments': 2233, 'flights_ended_at_next_event': 980, 'flights_cut_short': 17, 'touches_reached_late': 53, 'max_late_s': 2.183, 'extreme_flights_lengthened': 1}",93,0,11,0,121,1,36,36,0
3754054,0,0,0,0,11.99,11.51,0,0,2940,0,0,0,613,9.42,0,0,0,0,0,0,11.98,11.84,0,0,2940,0,0,0,613,9.42,0,0,9.27,7.5,21,4633002,30.3,0,0.064,3637.3,5638.3,78,2037.4,126.1,72.5,162.1,3.35,0,9.42,7.5,17,4639140,30.2,0,0.064,3641.9,5638.3,78,2037.4,126.1,71.2,156.2,3.35,0,"{'knots': 3060, 'segments': 2223, 'flights_ended_at_next_event': 971, 'flights_cut_short': 15, 'touches_reached_late': 49, 'max_late_s': 0.5, 'extreme_flights_lengthened': 3}",80,0,11,0,109,2,42,31,0
3754055,0,1,0,0,12.12,12.0,0,0,3485,0,0,0,747,9.33,0,0,0,1,0,0,12.12,11.67,0,0,3485,0,0,0,747,9.33,0,0,9.83,7.5,20,5114582,30.3,1,0.0585,4026.6,5735.8,93,1855.7,150.4,99.8,103.6,4.01,0,9.18,7.5,14,5115022,30.3,1,0.0585,4027.0,5735.8,93,1855.7,150.4,98.4,101.8,4.01,0,"{'knots': 3307, 'segments': 2433, 'flights_ended_at_next_event': 1047, 'flights_cut_short': 21, 'touches_reached_late': 58, 'max_late_s': 0.43, 'extreme_flights_lengthened': 2}",94,0,11,0,170,6,32,51,0
3754056,0,1,0,0,12.16,11.9,0,0,2808,0,0,0,700,9.37,0,0,0,1,0,0,12.16,11.93,0,0,2808,0,0,0,700,9.37,0,0,11.35,7.5,10,4934276,30.2,0,0.0563,3879.2,5729.4,86,1925.0,139.0,52.8,117.0,6.36,0,10.17,7.5,17,4936828,30.2,0,0.0564,3881.1,5729.4,86,1925.0,139.0,51.9,114.1,6.36,0,"{'knots': 3127, 'segments': 2241, 'flights_ended_at_next_event': 1043, 'flights_cut_short': 13, 'touches_reached_late': 34, 'max_late_s': 0.123, 'extreme_flights_lengthened': 2}",87,0,11,0,86,2,16,17,0
3754057,0,3,0,0,12.61,11.79,0,0,2759,0,0,0,569,9.36,0,0,0,3,0,0,12.61,11.72,0,0,2759,0,0,0,569,9.36,0,0,9.87,7.5,28,4593401,103.9,7,0.1248,3656.3,5653.3,108,2182.5,174.6,103.2,92.2,12.0,25,10.21,7.5,26,4597185,103.9,8,0.1248,3659.2,5653.3,108,2182.5,174.6,102.5,88.7,12.0,25,"{'knots': 2896, 'segments': 2123, 'flights_ended_at_next_event': 937, 'flights_cut_short': 18, 'touches_reached_late': 62, 'max_late_s': 0.303, 'extreme_flights_lengthened': 2}",109,0,11,0,177,1,72,66,0
3754058,0,0,0,0,12.08,11.69,0,0,3023,0,0,0,656,9.43,0,0,0,0,0,0,11.88,11.33,0,0,3023,0,0,0,656,9.43,0,0,10.08,7.5,16,4858136,30.1,0,0.064,3890.2,5746.6,95,1981.3,153.6,63.3,91.8,4.24,0,8.82,7.5,11,4859735,30.1,0,0.064,3891.5,5746.6,95,1981.3,153.6,62.6,89.9,4.24,0,"{'knots': 2974, 'segments': 2215, 'flights_ended_at_next_event': 955, 'flights_cut_short': 28, 'touches_reached_late': 63, 'max_late_s': 0.465, 'extreme_flights_lengthened': 0}",96,0,11,0,142,0,36,43,0
3754059,0,0,0,0,12.19,11.82,0,0,2735,0,0,0,545,8.54,0,0,0,0,0,0,12.15,11.58,0,0,2735,0,0,0,545,8.54,0,0,11.07,7.5,20,4381100,30.1,0,0.0509,3530.4,5828.9,91,2414.6,147.1,70.0,101.0,3.14,0,9.74,7.5,18,4385023,30.0,0,0.0509,3533.4,5828.9,91,2414.6,147.1,69.4,97.4,3.14,0,"{'knots': 2757, 'segments': 2013, 'flights_ended_at_next_event': 901, 'flights_cut_short': 23, 'touches_reached_late': 45, 'max_late_s': 0.236, 'extreme_flights_lengthened': 3}",91,0,11,0,129,2,42,35,0
3754060,0,0,0,0,13.51,12.01,0,0,2696,0,0,0,556,9.84,1,1,0,0,0,0,13.51,11.34,0,0,2696,0,0,0,556,9.84,1,1,10.47,7.5,14,4280122,31.6,1,0.0599,3410.8,5783.5,103,2550.9,166.5,81.8,70.0,6.36,0,10.47,7.5,22,4283378,30.1,0,0.0599,3413.3,5783.5,103,2550.9,166.5,81.8,67.5,6.36,0,"{'knots': 2726, 'segments': 1994, 'flights_ended_at_next_event': 845, 'flights_cut_short': 21, 'touches_reached_late': 75, 'max_late_s': 0.499, 'extreme_flights_lengthened': 4}",106,0,11,0,128,3,61,53,0
3754061,0,0,0,0,13.79,11.94,0,0,3069,0,0,0,593,9.25,0,0,0,0,0,0,12.52,11.75,0,0,3069,0,0,0,593,9.25,0,0,8.98,7.5,6,5002096,30.0,0,0.0584,3943.1,5773.1,94,1946.8,152.0,68.4,103.5,4.88,0,9.62,7.5,18,5004032,30.0,0,0.0584,3944.5,5773.1,94,1946.8,152.0,67.1,100.8,4.88,0,"{'knots': 2988, 'segments': 2179, 'flights_ended_at_next_event': 984, 'flights_cut_short': 21, 'touches_reached_late': 54, 'max_late_s': 0.285, 'extreme_flights_lengthened': 2}",95,0,11,0,110,1,22,40,0
3754062,0,1,0,0,12.34,11.99,0,0,2941,0,0,0,529,9.32,0,0,0,1,0,0,12.12,11.99,0,0,2941,0,0,0,529,9.32,0,0,10.89,7.5,24,4366844,30.0,0,0.0708,3466.7,5917.1,97,2672.6,156.8,133.0,67.6,11.45,0,10.46,7.56,36,4366624,30.0,0,0.0708,3466.5,5917.1,97,2672.6,156.8,131.9,66.7,11.45,0,"{'knots': 2762, 'segments': 2098, 'flights_ended_at_next_event': 883, 'flights_cut_short': 29, 'touches_reached_late': 70, 'max_late_s': 0.5, 'extreme_flights_lengthened': 2}",98,0,11,0,245,3,72,87,0
3754063,0,0,0,0,12.16,11.84,0,0,3024,0,0,0,601,9.58,1,4,0,0,0,0,12.16,11.8,0,0,3024,0,0,0,601,9.58,1,4,10.01,7.5,23,4697947,30.1,0,0.0509,3737.1,5893.8,91,2311.9,147.1,98.7,90.5,4.32,0,9.57,7.5,29,4699752,30.2,0,0.0509,3738.5,5893.8,91,2311.9,147.1,97.2,87.7,4.32,0,"{'knots': 2989, 'segments': 2222, 'flights_ended_at_next_event': 983, 'flights_cut_short': 20, 'touches_reached_late': 71, 'max_late_s': 0.279, 'extreme_flights_lengthened': 4}",93,0,11,0,196,3,52,62,0
3754064,0,0,0,0,13.13,13.13,0,0,3293,0,0,0,672,9.42,0,0,0,0,0,0,13.03,11.79,0,0,3293,0,0,0,672,9.42,0,0,10.4,7.5,28,4862352,30.1,0,0.0787,3832.3,5816.6,91,2092.7,147.1,79.9,118.7,4.24,0,10.42,7.5,32,4868886,30.1,0,0.0787,3837.2,5816.6,91,2092.7,147.1,78.5,112.2,4.24,0,"{'knots': 3165, 'segments': 2302, 'flights_ended_at_next_event': 997, 'flights_cut_short': 11, 'touches_reached_late': 59, 'max_late_s': 0.181, 'extreme_flights_lengthened': 3}",92,0,11,0,144,4,39,49,0
3754065,0,0,0,0,12.08,11.82,0,0,2842,0,0,0,432,11.23,1,2,0,0,0,0,12.09,11.86,0,0,2842,0,0,0,432,11.2,1,2,9.47,7.5,15,4182288,30.2,0,0.064,3349.8,5739.8,111,2641.6,179.5,127.3,55.0,5.44,0,9.47,7.5,16,4187084,30.2,0,0.064,3353.4,5739.8,111,2641.6,179.5,127.5,51.7,5.44,0,"{'knots': 2543, 'segments': 1976, 'flights_ended_at_next_event': 827, 'flights_cut_short': 34, 'touches_reached_late': 82, 'max_late_s': 0.5, 'extreme_flights_lengthened': 5}",113,0,11,0,203,7,35,60,0
3754066,0,0,0,0,12.38,11.89,0,0,2883,0,0,0,581,8.96,0,0,0,0,0,0,12.37,11.94,0,0,2883,0,0,0,581,8.96,0,0,10.18,7.5,16,4270179,30.0,0,0.0538,3389.7,5783.2,93,2511.7,150.4,66.1,98.2,12.0,18,10.08,7.5,17,4278364,30.0,0,0.0538,3395.9,5783.2,93,2511.7,150.4,66.4,92.3,12.0,18,"{'knots': 2849, 'segments': 2062, 'flights_ended_at_next_event': 912, 'flights_cut_short': 11, 'touches_reached_late': 48, 'max_late_s': 0.203, 'extreme_flights_lengthened': 0}",93,0,11,0,123,0,37,31,0
3754067,0,2,0,0,12.48,11.73,0,0,2854,0,0,0,689,11.31,1,1,0,2,0,0,12.48,12.03,0,0,2854,0,0,0,689,11.31,1,1,10.08,7.5,25,4532434,30.0,0,0.0643,3686.9,5784.3,98,2250.0,158.4,65.1,70.9,4.23,0,10.26,7.5,21,4532791,30.2,0,0.0642,3687.2,5784.3,98,2250.0,158.4,64.2,69.7,4.23,0,"{'knots': 2924, 'segments': 2119, 'flights_ended_at_next_event': 903, 'flights_cut_short': 13, 'touches_reached_late': 67, 'max_late_s': 0.453, 'extreme_flights_lengthened': 2}",102,0,11,0,121,1,40,41,0
3754068,0,0,0,0,12.2,12.2,0,0,2492,0,0,0,549,10.3,1,54,0,0,0,0,12.2,12.2,0,0,2492,0,0,0,549,10.3,1,54,10.53,7.5,20,4499769,30.0,0,0.05,3585.4,5792.5,108,2340.0,174.6,67.4,109.0,4.24,0,9.66,7.5,6,4502651,30.9,1,0.0502,3587.6,5792.5,108,2340.0,174.6,67.0,106.4,4.24,0,"{'knots': 2626, 'segments': 1936, 'flights_ended_at_next_event': 826, 'flights_cut_short': 11, 'touches_reached_late': 81, 'max_late_s': 0.128, 'extreme_flights_lengthened': 0}",110,0,11,0,111,5,33,36,0
3754069,0,1,0,0,13.15,11.9,0,0,3057,0,0,0,642,9.39,0,0,0,1,0,0,13.15,11.8,0,0,3057,0,0,0,642,9.48,0,0,11.03,7.5,21,4908354,30.0,0,0.0645,3865.5,5729.1,90,1998.3,145.5,109.3,120.0,12.0,19,10.08,7.5,14,4911984,30.1,0,0.0645,3868.3,5729.1,90,1998.3,145.5,107.8,115.7,12.0,19,"{'knots': 3065, 'segments': 2248, 'flights_ended_at_next_event': 977, 'flights_cut_short': 24, 'touches_reached_late': 76, 'max_late_s': 0.353, 'extreme_flights_lengthened': 4}",90,0,11,0,214,3,39,58,0
3754070,0,0,0,0,12.06,12.06,0,0,2848,0,0,0,625,8.77,0,0,0,0,0,0,12.08,12.06,0,0,2848,0,0,0,625,8.77,0,0,9.07,7.5,14,4747490,30.0,0,0.0707,3781.2,5838.9,113,2213.1,182.7,69.9,97.1,5.66,0,9.35,7.5,14,4753826,30.0,0,0.0706,3786.0,5838.9,113,2213.1,182.7,71.0,93.3,5.66,0,"{'knots': 3000, 'segments': 2204, 'flights_ended_at_next_event': 969, 'flights_cut_short': 12, 'touches_reached_late': 65, 'max_late_s': 0.5, 'extreme_flights_lengthened': 0}",114,0,11,0,147,1,31,33,0
3754071,0,0,0,0,12.28,12.28,0,0,2635,0,0,0,598,9.43,0,0,0,0,0,0,12.75,12.75,0,0,2635,0,0,0,598,9.43,0,0,9.58,7.5,9,4549077,30.0,0,0.0641,3685.0,5890.8,89,2306.1,143.9,61.8,105.4,3.0,0,8.75,7.5,12,4554624,30.0,0,0.0641,3689.3,5890.8,89,2306.1,143.9,61.5,100.8,3.0,0,"{'knots': 2779, 'segments': 2013, 'flights_ended_at_next_event': 932, 'flights_cut_short': 3, 'touches_reached_late': 47, 'max_late_s': 0.085, 'extreme_flights_lengthened': 2}",90,0,11,0,106,1,19,26,0
3754072,0,0,0,0,12.08,11.93,0,0,2970,0,0,0,581,9.47,0,0,0,0,0,0,12.07,11.98,0,0,2970,0,0,0,581,9.47,0,0,9.67,7.5,21,4633200,43.7,1,0.0584,3668.5,5653.4,97,2148.7,156.8,96.4,89.5,6.02,0,10.63,7.5,22,4634234,30.3,0,0.0584,3669.3,5653.4,97,2148.7,156.8,94.9,87.2,6.02,0,"{'knots': 2900, 'segments': 2177, 'flights_ended_at_next_event': 947, 'flights_cut_short': 19, 'touches_reached_late': 55, 'max_late_s': 0.432, 'extreme_flights_lengthened': 0}",97,0,11,0,210,1,53,58,0
3754073,0,0,0,0,12.03,11.92,0,0,3017,0,0,0,601,9.45,0,0,0,0,0,0,12.01,11.53,0,0,3017,0,0,0,601,9.45,0,0,9.19,7.5,20,4767751,576.0,4,0.9602,3780.8,5843.4,103,2270.9,166.5,132.0,90.1,12.0,60,9.6,7.5,20,4766278,324.9,4,0.9602,3779.7,5843.4,103,2270.9,166.5,128.5,87.8,12.0,60,"{'knots': 2893, 'segments': 2151, 'flights_ended_at_next_event': 930, 'flights_cut_short': 23, 'touches_reached_late': 64, 'max_late_s': 0.5, 'extreme_flights_lengthened': 1}",104,0,11,0,143,5,20,49,0
3754074,0,1,0,0,13.35,11.53,0,0,2850,0,0,0,644,9.42,0,0,0,1,0,0,13.35,11.64,0,0,2850,0,0,0,644,9.42,0,0,11.21,7.5,20,4865629,1191.1,15,2.7331,3828.2,5749.9,87,2068.0,140.7,102.9,97.2,12.0,69,11.02,7.5,13,4868093,1529.8,15,2.7331,3830.1,5749.9,87,2068.0,140.7,102.1,94.5,12.0,69,"{'knots': 2892, 'segments': 2133, 'flights_ended_at_next_event': 960, 'flights_cut_short': 16, 'touches_reached_late': 48, 'max_late_s': 0.85, 'extreme_flights_lengthened': 1}",87,0,11,0,150,0,25,47,0
3754075,1,0,0,1,12.61,12.61,0,0,3221,0,0,0,623,9.45,0,0,1,0,0,1,12.05,11.97,0,0,3221,0,0,0,623,9.45,0,0,10.44,7.5,24,5054611,30.0,0,0.054,3981.6,5810.7,83,1982.4,134.2,154.7,135.4,11.1,0,10.37,7.5,14,5053406,30.0,0,0.054,3980.6,5810.7,83,1982.4,134.2,153.4,135.0,11.1,0,"{'knots': 3323, 'segments': 2410, 'flights_ended_at_next_event': 1077, 'flights_cut_short': 21, 'touches_reached_late': 65, 'max_late_s': 1.043, 'extreme_flights_lengthened': 6}",86,0,11,0,177,0,42,54,0
3754076,0,0,0,0,12.28,11.23,0,0,2695,0,0,0,533,9.42,0,0,0,0,0,0,12.02,11.23,0,0,2695,0,0,0,533,9.42,0,0,10.07,7.5,10,4397048,30.1,0,0.0447,3551.5,5942.8,99,2503.6,160.1,50.0,97.7,9.32,0,8.83,7.5,10,4401611,30.1,0,0.0447,3555.0,5942.8,99,2503.6,160.1,49.8,94.1,9.32,0,"{'knots': 2732, 'segments': 1968, 'flights_ended_at_next_event': 866, 'flights_cut_short': 19, 'touches_reached_late': 68, 'max_late_s': 0.305, 'extreme_flights_lengthened': 1}",103,0,11,0,102,0,39,23,0
3754077,0,0,0,0,13.15,12.0,0,0,3258,0,0,0,717,9.75,1,25,0,0,0,0,13.15,11.89,0,0,3258,0,0,0,717,9.75,1,25,9.74,7.5,19,5022398,30.2,0,0.0641,3952.7,5985.3,90,2110.9,145.5,67.1,134.3,6.36,0,9.54,7.5,12,5024300,30.1,0,0.0641,3954.2,5985.3,90,2110.9,145.5,65.4,131.1,6.36,0,"{'knots': 3239, 'segments': 2343, 'flights_ended_at_next_event': 1032, 'flights_cut_short': 25, 'touches_reached_late': 62, 'max_late_s': 0.5, 'extreme_flights_lengthened': 1}",90,0,11,0,135,3,32,38,0
3754078,0,0,0,0,11.97,11.77,0,0,2775,0,0,0,573,9.45,0,0,0,0,0,0,11.94,11.77,0,0,2775,0,0,0,573,9.45,0,0,10.21,7.5,21,4528108,30.0,0,0.0709,3664.2,5852.0,100,2323.0,161.7,80.1,106.4,6.36,0,10.07,7.5,17,4529166,30.0,0,0.071,3665.1,5852.0,100,2323.0,161.7,78.0,103.5,6.36,0,"{'knots': 2835, 'segments': 2077, 'flights_ended_at_next_event': 886, 'flights_cut_short': 24, 'touches_reached_late': 64, 'max_late_s': 0.493, 'extreme_flights_lengthened': 3}",101,0,11,0,113,1,36,35,0
3754079,0,0,0,0,13.67,13.67,0,0,2887,0,0,0,572,9.36,0,0,0,0,0,0,12.12,11.87,0,0,2887,0,0,0,572,9.36,0,0,10.82,7.5,19,4556764,30.3,0,0.0708,3589.5,5824.8,84,2341.5,135.8,65.8,95.3,4.25,0,9.48,7.5,14,4558502,30.9,1,0.0708,3590.8,5824.8,84,2341.5,135.8,64.2,92.5,4.25,0,"{'knots': 2977, 'segments': 2166, 'flights_ended_at_next_event': 968, 'flights_cut_short': 20, 'touches_reached_late': 66, 'max_late_s': 0.5, 'extreme_flights_lengthened': 0}",85,0,11,0,124,3,30,42,0
3754080,0,1,0,0,12.2,11.55,0,0,3038,0,0,0,626,10.78,1,1,0,1,0,0,12.2,11.62,0,0,3038,0,0,0,626,10.78,1,1,9.78,7.5,41,4695680,30.0,0,0.054,3729.7,5775.1,105,2231.0,169.8,129.8,114.0,6.41,0,9.99,7.5,31,4699310,30.2,0,0.054,3732.4,5775.1,105,2231.0,169.8,128.5,110.0,6.41,0,"{'knots': 2973, 'segments': 2219, 'flights_ended_at_next_event': 944, 'flights_cut_short': 26, 'touches_reached_late': 62, 'max_late_s': 0.444, 'extreme_flights_lengthened': 2}",105,0,11,0,222,2,112,77,0
3754081,0,0,0,0,12.04,11.77,0,0,2970,0,0,0,626,9.42,0,0,0,0,0,0,11.99,11.99,0,0,2970,0,0,0,626,9.42,0,0,10.17,7.5,18,4680366,57.0,15,0.0695,3806.5,5721.8,87,2047.6,140.7,84.0,92.3,12.0,21,11.32,7.5,24,4685016,57.0,16,0.0695,3810.1,5721.8,87,2047.6,140.7,83.9,88.6,12.0,21,"{'knots': 2998, 'segments': 2196, 'flights_ended_at_next_event': 971, 'flights_cut_short': 16, 'touches_reached_late': 76, 'max_late_s': 0.493, 'extreme_flights_lengthened': 2}",88,0,11,0,138,4,38,33,0
3754082,0,0,0,0,13.15,11.86,0,0,2967,0,0,0,688,9.34,0,0,0,0,0,0,13.15,11.65,0,0,2967,0,0,0,688,9.34,0,0,9.63,7.5,22,5108724,48.7,1,0.1065,3994.5,5820.2,75,1891.6,121.2,80.1,135.4,12.0,23,9.24,7.5,11,5112291,63.9,1,0.1065,3997.2,5820.2,75,1891.6,121.2,80.0,132.6,12.0,23,"{'knots': 3213, 'segments': 2300, 'flights_ended_at_next_event': 1079, 'flights_cut_short': 7, 'touches_reached_late': 48, 'max_late_s': 0.259, 'extreme_flights_lengthened': 1}",76,0,11,0,114,1,14,22,0
3754083,0,1,0,0,12.09,12.09,0,0,3113,0,0,0,614,9.24,0,0,0,1,0,0,12.01,12.01,0,0,3113,0,0,0,614,9.24,0,0,9.9,7.5,11,4864024,30.1,0,0.0566,3840.1,5771.0,95,2035.9,153.6,64.1,112.6,6.02,0,9.47,7.5,13,4869810,30.1,0,0.0566,3844.5,5771.0,95,2035.9,153.6,64.1,108.2,6.02,0,"{'knots': 2970, 'segments': 2137, 'flights_ended_at_next_event': 978, 'flights_cut_short': 14, 'touches_reached_late': 58, 'max_late_s': 0.4, 'extreme_flights_lengthened': 0}",96,0,11,0,117,3,28,24,0
3754084,0,1,0,0,14.31,12.02,0,0,2603,0,0,0,495,9.27,0,0,0,0,0,0,14.29,12.07,0,0,2603,0,0,0,495,9.27,0,0,8.57,7.5,9,4363194,30.0,0,0.0581,3447.6,5629.4,87,2277.1,140.7,65.3,110.6,3.0,0,9.14,7.5,8,4366384,30.1,0,0.058,3450.0,5629.4,87,2277.1,140.7,64.3,107.1,3.0,0,"{'knots': 2494, 'segments': 1852, 'flights_ended_at_next_event': 802, 'flights_cut_short': 13, 'touches_reached_late': 55, 'max_late_s': 0.4, 'extreme_flights_lengthened': 2}",88,0,11,0,130,0,24,36,0
3754085,0,0,0,0,12.49,11.75,0,0,3028,0,0,0,669,9.3,0,0,0,0,0,0,12.24,11.73,0,0,3028,0,0,0,669,9.3,0,0,12.66,7.5,21,4869370,30.0,0,0.0638,3852.3,5701.6,100,2004.7,161.7,86.4,92.6,5.66,0,12.63,7.5,23,4871416,30.0,0,0.0638,3853.9,5701.6,100,2004.7,161.7,84.7,89.4,5.66,0,"{'knots': 3060, 'segments': 2262, 'flights_ended_at_next_event': 997, 'flights_cut_short': 27, 'touches_reached_late': 64, 'max_late_s': 0.132, 'extreme_flights_lengthened': 4}",100,0,11,0,164,1,42,51,0
3754086,0,1,0,0,12.5,11.66,0,0,2707,0,0,0,553,9.83,1,25,0,1,0,0,12.52,11.64,0,0,2707,0,0,0,553,9.83,1,25,10.04,7.5,13,4240063,30.0,0,0.065,3382.1,5695.4,103,2497.2,166.5,93.8,76.4,10.87,0,9.94,7.5,21,4245044,30.0,0,0.0651,3385.9,5695.4,103,2497.2,166.5,93.7,72.6,10.87,0,"{'knots': 2674, 'segments': 2003, 'flights_ended_at_next_event': 871, 'flights_cut_short': 15, 'touches_reached_late': 59, 'max_late_s': 0.245, 'extreme_flights_lengthened': 4}",103,0,11,0,166,2,38,55,0
3754087,0,0,0,0,11.97,11.96,0,0,3163,0,0,0,517,9.42,0,0,0,0,0,0,12.03,12.0,0,0,3163,0,0,0,517,9.42,0,0,10.32,7.5,11,4574042,30.0,0,0.064,3628.6,5693.8,100,2289.1,161.7,127.9,65.5,5.89,0,11.1,7.5,16,4574482,30.0,0,0.064,3628.9,5693.8,100,2289.1,161.7,127.4,64.7,5.89,0,"{'knots': 2964, 'segments': 2180, 'flights_ended_at_next_event': 959, 'flights_cut_short': 20, 'touches_reached_late': 70, 'max_late_s': 0.463, 'extreme_flights_lengthened': 10}",100,0,11,0,141,3,21,60,0
3754088,0,0,0,0,12.11,12.01,0,0,3078,0,0,0,680,9.34,0,0,0,0,0,0,12.11,12.01,0,0,3078,0,0,0,680,9.34,0,0,9.92,7.5,24,4711080,30.0,0,0.051,3730.8,5772.7,99,2185.2,160.1,67.0,83.7,2.95,0,10.76,7.5,11,4712818,30.0,0,0.051,3732.1,5772.7,99,2185.2,160.1,66.0,81.4,2.95,0,"{'knots': 3103, 'segments': 2260, 'flights_ended_at_next_event': 998, 'flights_cut_short': 17, 'touches_reached_late': 66, 'max_late_s': 0.189, 'extreme_flights_lengthened': 0}",99,0,11,0,139,3,32,30,0
3754089,0,0,0,0,12.3,11.92,0,0,2710,0,0,0,510,9.31,0,0,0,0,0,0,12.3,11.97,0,0,2710,0,0,0,510,9.31,0,0,9.87,7.5,16,4251368,30.0,0,0.0562,3387.4,5732.9,102,2503.8,164.9,75.3,81.8,4.01,0,9.91,7.5,20,4256032,30.1,0,0.0562,3390.9,5732.9,102,2503.8,164.9,76.0,79.0,4.01,0,"{'knots': 2615, 'segments': 1973, 'flights_ended_at_next_event': 835, 'flights_cut_short': 34, 'touches_reached_late': 65, 'max_late_s': 0.345, 'extreme_flights_lengthened': 3}",102,0,11,0,136,2,34,39,0
3754090,0,0,0,0,14.57,14.57,0,0,2573,0,0,0,572,9.42,0,0,0,0,0,0,14.57,14.57,0,0,2573,0,0,0,572,9.42,0,0,10.23,7.5,16,4488016,384.1,2,0.8331,3549.4,5650.9,91,2247.9,147.1,91.9,92.7,12.0,31,10.46,7.5,14,4493625,417.9,2,0.8331,3553.6,5650.9,91,2247.9,147.1,91.6,88.1,12.0,31,"{'knots': 2631, 'segments': 1940, 'flights_ended_at_next_event': 855, 'flights_cut_short': 18, 'touches_reached_late': 49, 'max_late_s': 0.194, 'extreme_flights_lengthened': 2}",92,0,11,0,132,4,32,46,0
3754091,0,1,0,0,12.92,12.92,0,0,2689,0,0,0,556,11.57,1,33,0,1,0,0,12.92,12.92,0,0,2689,0,0,0,556,11.71,1,33,9.47,7.5,27,4248161,30.1,0,0.0563,3409.0,5729.8,116,2543.9,187.5,90.5,54.7,5.82,0,10.05,7.5,17,4247247,30.3,1,0.0563,3408.3,5729.8,116,2543.9,187.5,88.7,53.7,5.82,0,"{'knots': 2691, 'segments': 1995, 'flights_ended_at_next_event': 840, 'flights_cut_short': 10, 'touches_reached_late': 60, 'max_late_s': 0.436, 'extreme_flights_lengthened': 2}",116,0,11,0,127,1,45,44,0
3754092,0,0,0,0,12.34,11.72,0,0,2883,0,0,0,557,9.51,0,0,0,0,0,0,12.35,11.63,0,0,2883,0,0,0,557,9.51,0,0,9.54,7.5,19,4247366,30.0,0,0.0437,3400.3,5996.3,111,2760.5,179.5,103.3,118.2,3.0,0,10.26,7.5,24,4248905,30.0,0,0.0437,3401.5,5996.3,111,2760.5,179.5,101.8,115.5,3.0,0,"{'knots': 2698, 'segments': 2006, 'flights_ended_at_next_event': 825, 'flights_cut_short': 11, 'touches_reached_late': 73, 'max_late_s': 0.21, 'extreme_flights_lengthened': 4}",111,0,11,0,219,6,88,78,0
3754093,0,0,0,0,12.24,11.88,0,0,2815,0,0,0,600,9.24,0,0,0,0,0,0,12.24,11.98,0,0,2815,0,0,0,600,9.24,0,0,9.92,7.5,20,4639748,30.0,0,0.0559,3685.5,5779.4,104,2228.9,168.1,90.9,124.0,4.01,0,10.74,7.5,24,4639788,30.0,0,0.0559,3685.6,5779.4,104,2228.9,168.1,89.1,122.2,4.01,0,"{'knots': 2774, 'segments': 2133, 'flights_ended_at_next_event': 936, 'flights_cut_short': 22, 'touches_reached_late': 66, 'max_late_s': 0.5, 'extreme_flights_lengthened': 2}",107,0,11,0,203,0,51,50,0
3754094,0,1,0,0,13.44,12.07,0,0,3094,0,0,0,696,9.44,0,0,0,1,0,0,13.21,12.07,0,0,3094,0,0,0,696,9.44,0,0,9.74,7.5,18,4870008,30.0,0,0.051,3838.1,5643.8,91,1932.6,147.1,94.3,114.5,6.02,0,10.3,7.5,17,4875464,30.0,0,0.051,3842.2,5643.8,91,1932.6,147.1,94.6,110.7,6.02,0,"{'knots': 3098, 'segments': 2302, 'flights_ended_at_next_event': 1007, 'flights_cut_short': 17, 'touches_reached_late': 65, 'max_late_s': 0.339, 'extreme_flights_lengthened': 1}",91,0,11,0,224,3,42,65,0
3754095,0,0,0,0,12.42,12.42,0,0,2900,0,0,0,539,9.42,0,0,0,0,0,0,12.42,12.42,0,0,2900,0,0,0,539,9.42,0,0,9.4,7.5,16,4508608,893.3,22,0.4445,3578.9,5888.7,99,2488.9,160.1,100.4,81.3,12.0,33,9.75,7.5,16,4510662,893.2,23,0.4445,3580.4,5888.7,99,2488.9,160.1,99.0,78.5,12.0,33,"{'knots': 2823, 'segments': 2057, 'flights_ended_at_next_event': 911, 'flights_cut_short': 15, 'touches_reached_late': 73, 'max_late_s': 1.576, 'extreme_flights_lengthened': 2}",99,0,11,0,134,1,32,52,0
3754096,0,0,0,0,12.58,11.94,0,0,2862,0,0,0,524,9.43,0,0,0,0,0,0,12.35,11.96,0,0,2862,0,0,0,524,9.43,0,0,10.3,7.5,16,4510022,30.2,0,0.0611,3580.1,5767.6,100,2299.3,161.7,86.8,136.6,5.01,0,9.56,7.5,13,4513080,30.1,0,0.0609,3582.4,5767.6,100,2299.3,161.7,86.6,134.1,5.01,0,"{'knots': 2621, 'segments': 1968, 'flights_ended_at_next_event': 830, 'flights_cut_short': 18, 'touches_reached_late': 84, 'max_late_s': 0.5, 'extreme_flights_lengthened': 3}",101,0,11,0,139,1,27,45,0
3754097,0,0,0,0,11.96,11.73,0,0,3066,0,0,0,718,9.3,0,0,0,0,0,0,12.01,11.75,0,0,3066,0,0,0,718,9.3,0,0,10.09,7.5,16,5129255,30.0,0,0.0644,4028.0,5730.3,87,1810.3,140.7,66.2,98.8,5.66,0,8.98,7.5,14,5132401,30.0,0,0.0644,4030.3,5730.3,87,1810.3,140.7,66.5,96.7,5.66,0,"{'knots': 3196, 'segments': 2333, 'flights_ended_at_next_event': 1052, 'flights_cut_short': 21, 'touches_reached_late': 60, 'max_late_s': 0.477, 'extreme_flights_lengthened': 3}",89,0,11,0,113,0,33,34,0
3754098,0,1,0,0,11.98,11.32,0,0,3128,0,0,0,659,9.31,0,0,0,1,0,0,12.07,11.43,0,0,3128,0,0,0,659,9.31,0,0,10.13,7.5,14,4907430,673.8,4,1.2796,3895.8,5879.5,109,2108.4,176.2,100.1,151.5,12.0,33,9.14,7.5,17,4910422,767.4,3,1.2796,3898.1,5879.5,109,2108.3,176.2,99.4,148.6,12.0,33,"{'knots': 3247, 'segments': 2390, 'flights_ended_at_next_event': 1033, 'flights_cut_short': 13, 'touches_reached_late': 78, 'max_late_s': 0.5, 'extreme_flights_lengthened': 1}",112,0,11,0,147,2,42,62,0
3754099,0,1,0,0,14.66,11.87,0,0,2672,0,0,0,550,9.49,0,0,0,1,0,0,14.59,11.87,0,0,2672,0,0,0,550,9.49,0,0,11.26,7.5,21,4275069,30.0,0,0.0586,3415.6,5777.0,108,2542.9,174.6,84.4,77.5,3.77,0,10.99,7.5,29,4279185,30.0,0,0.0585,3418.7,5777.0,108,2542.9,174.6,83.3,73.3,3.77,0,"{'knots': 2576, 'segments': 1919, 'flights_ended_at_next_event': 821, 'flights_cut_short': 26, 'touches_reached_late': 62, 'max_late_s': 0.5, 'extreme_flights_lengthened': 4}",108,0,11,0,138,2,29,43,0
3754100,0,0,0,0,13.68,11.77,0,0,2850,0,0,0,515,9.88,1,5,0,0,0,0,13.55,11.77,0,0,2850,0,0,0,515,9.88,1,5,10.66,7.5,17,4358493,30.1,0,0.0629,3461.2,5802.0,94,2444.1,152.0,81.7,130.3,6.02,0,11.11,7.5,21,4361261,30.0,0,0.0629,3463.3,5802.0,94,2444.1,152.0,81.2,127.8,6.02,0,"{'knots': 2541, 'segments': 1915, 'flights_ended_at_next_event': 786, 'flights_cut_short': 44, 'touches_reached_late': 85, 'max_late_s': 0.311, 'extreme_flights_lengthened': 3}",95,0,11,0,145,3,29,37,0
3754101,0,0,0,0,12.05,11.67,0,0,2694,0,0,0,529,9.7,1,1,0,0,0,0,12.07,11.78,0,0,2694,0,0,0,529,9.7,1,1,10.77,7.5,18,4386220,30.0,0,0.064,3503.8,5643.9,92,2243.9,148.7,60.9,105.8,4.24,0,10.17,7.5,17,4390524,30.0,0,0.064,3507.1,5643.9,92,2243.9,148.7,60.7,102.3,4.24,0,"{'knots': 2699, 'segments': 2016, 'flights_ended_at_next_event': 888, 'flights_cut_short': 21, 'touches_reached_late': 55, 'max_late_s': 0.182, 'extreme_flights_lengthened': 0}",92,0,11,0,148,1,19,47,0
3754102,0,1,0,0,13.15,12.81,0,0,2812,0,0,0,600,9.41,0,0,0,1,0,0,13.15,12.81,0,0,2812,0,0,0,600,9.41,0,0,10.37,7.5,22,4662526,30.0,0,0.0568,3671.1,5766.3,85,2204.1,137.4,93.6,122.1,10.84,0,9.79,7.5,14,4667124,30.0,0,0.0568,3674.6,5766.3,85,2204.1,137.4,93.9,118.8,10.84,0,"{'knots': 2819, 'segments': 2069, 'flights_ended_at_next_event': 892, 'flights_cut_short': 20, 'touches_reached_late': 59, 'max_late_s': 0.5, 'extreme_flights_lengthened': 3}",87,0,11,0,133,2,42,44,0
3754103,0,0,0,0,12.07,11.63,0,0,3379,0,0,0,727,9.29,0,0,0,1,0,0,12.07,11.63,0,0,3379,0,0,0,727,9.29,0,0,11.32,7.5,41,4982186,30.0,0,0.0538,3919.8,5826.8,89,2045.2,143.9,88.4,94.0,6.02,0,11.21,7.5,32,4986454,30.0,0,0.0538,3923.0,5826.8,89,2045.2,143.9,88.7,91.0,6.02,0,"{'knots': 3348, 'segments': 2458, 'flights_ended_at_next_event': 1070, 'flights_cut_short': 24, 'touches_reached_late': 78, 'max_late_s': 0.412, 'extreme_flights_lengthened': 0}",89,0,11,0,222,1,70,50,0
3754104,0,1,0,0,12.94,11.69,0,0,2773,0,0,0,610,11.85,2,32,0,1,0,0,12.94,11.69,0,0,2773,0,0,0,610,10.98,2,49,8.88,7.5,20,4407942,30.3,0,0.0447,3496.2,5769.8,96,2390.0,155.2,71.0,109.8,6.02,0,10.38,7.5,23,4409900,30.1,0,0.0447,3497.7,5769.8,96,2390.0,155.2,68.8,106.1,6.02,0,"{'knots': 2719, 'segments': 1996, 'flights_ended_at_next_event': 877, 'flights_cut_short': 22, 'touches_reached_late': 45, 'max_late_s': 0.162, 'extreme_flights_lengthened': 1}",101,0,11,0,125,3,34,32,0
3754105,0,1,0,0,13.64,11.79,0,0,2787,0,0,0,608,9.47,0,0,0,1,0,0,13.64,11.83,0,0,2787,0,0,0,608,9.47,0,0,9.26,7.5,18,4583480,30.0,0,0.0707,3632.5,5833.8,98,2377.9,158.4,85.1,66.9,8.72,0,9.62,7.5,18,4586032,30.0,0,0.0707,3634.4,5833.8,98,2377.9,158.4,84.1,64.0,8.72,0,"{'knots': 2861, 'segments': 2116, 'flights_ended_at_next_event': 930, 'flights_cut_short': 25, 'touches_reached_late': 64, 'max_late_s': 0.172, 'extreme_flights_lengthened': 1}",100,0,11,0,133,2,33,50,0
3754106,0,0,0,0,14.29,11.87,0,0,2932,0,0,0,576,9.47,0,0,0,0,0,0,14.29,11.89,0,0,2932,0,0,0,576,9.47,0,0,9.76,7.5,23,4616965,250.2,11,0.4883,3678.6,6013.6,110,2570.4,177.8,153.1,95.5,12.0,64,10.01,7.5,27,4618473,205.6,9,0.4883,3679.7,6013.6,110,2570.4,177.8,151.3,92.5,12.0,64,"{'knots': 2779, 'segments': 2100, 'flights_ended_at_next_event': 876, 'flights_cut_short': 36, 'touches_reached_late': 102, 'max_late_s': 0.293, 'extreme_flights_lengthened': 5}",111,0,11,0,200,4,73,72,0
3754107,0,0,0,0,14.38,11.69,0,0,2838,0,0,0,691,9.48,0,0,0,0,0,0,14.37,11.72,0,0,2838,0,0,0,691,9.48,0,0,9.57,7.5,16,4984870,516.6,12,0.8609,3925.1,5678.1,91,1873.6,147.1,89.3,115.7,12.0,31,9.59,7.5,16,4988302,316.2,13,0.8609,3927.7,5678.1,91,1873.6,147.1,87.9,111.6,12.0,31,"{'knots': 3208, 'segments': 2302, 'flights_ended_at_next_event': 1033, 'flights_cut_short': 20, 'touches_reached_late': 55, 'max_late_s': 0.5, 'extreme_flights_lengthened': 3}",92,0,11,0,86,0,30,34,0
3754108,0,0,0,0,13.57,13.03,0,0,2937,0,0,0,649,9.4,0,0,0,0,0,0,13.57,13.03,0,0,2937,0,0,0,649,9.4,0,0,9.92,7.5,25,4830354,30.0,0,0.0445,3788.1,5965.9,78,2201.8,126.1,74.3,176.4,3.0,0,9.73,7.5,25,4832816,30.1,0,0.0445,3789.9,5965.9,78,2201.8,126.1,74.0,174.3,3.0,0,"{'knots': 2958, 'segments': 2186, 'flights_ended_at_next_event': 976, 'flights_cut_short': 13, 'touches_reached_late': 47, 'max_late_s': 0.5, 'extreme_flights_lengthened': 3}",80,0,11,0,189,3,47,36,0
3754109,0,0,0,0,13.35,11.51,0,0,3024,0,0,0,605,9.73,1,5,0,0,0,0,13.35,11.6,0,0,3024,0,0,0,605,9.73,1,5,10.23,7.5,29,4622398,30.0,0,0.0546,3673.4,5647.8,105,2147.5,169.8,81.4,78.1,5.96,0,9.89,7.5,19,4629130,30.0,0,0.0546,3678.5,5647.8,105,2147.5,169.8,81.9,73.5,5.96,0,"{'knots': 2904, 'segments': 2148, 'flights_ended_at_next_event': 953, 'flights_cut_short': 18, 'touches_reached_late': 59, 'max_late_s': 0.377, 'extreme_flights_lengthened': 0}",107,0,11,0,169,1,36,44,0
3754110,0,0,0,0,14.37,14.24,0,0,2916,0,0,0,584,9.5,0,0,0,0,0,0,14.37,14.32,0,0,2916,0,0,0,584,9.5,0,0,8.74,7.5,17,4714093,64.2,2,0.1141,3721.6,5821.9,92,2216.3,148.7,90.8,123.4,12.0,24,10.23,7.5,20,4715941,84.9,1,0.1141,3723.0,5821.9,92,2216.3,148.7,90.0,121.2,12.0,23,"{'knots': 2943, 'segments': 2162, 'flights_ended_at_next_event': 907, 'flights_cut_short': 16, 'touches_reached_late': 66, 'max_late_s': 0.156, 'extreme_flights_lengthened': 2}",93,0,11,0,147,3,44,50,0
3754111,0,2,0,0,12.15,12.15,0,0,3012,0,0,0,662,9.15,0,0,0,2,0,0,12.03,12.03,0,0,3012,0,0,0,662,9.15,0,0,10.16,7.5,14,4921498,64.0,1,0.0566,4028.8,5782.8,98,1896.7,158.4,97.3,113.0,12.0,23,9.93,7.5,13,4922765,60.7,2,0.0566,4029.8,5782.8,98,1896.7,158.4,96.5,111.2,12.0,23,"{'knots': 3191, 'segments': 2321, 'flights_ended_at_next_event': 1070, 'flights_cut_short': 21, 'touches_reached_late': 58, 'max_late_s': 0.5, 'extreme_flights_lengthened': 6}",98,0,11,0,134,1,16,40,0
3754112,0,0,0,0,12.03,12.03,0,0,2757,0,0,0,589,9.43,0,0,0,0,0,0,12.02,12.02,0,0,2757,0,0,0,589,9.43,0,0,9.81,7.5,11,4665606,30.1,0,0.0583,3707.7,5836.7,106,2252.5,171.4,54.7,102.6,3.0,0,9.51,7.5,13,4667938,30.1,0,0.0583,3709.5,5836.7,106,2252.5,171.4,53.4,99.5,3.0,0,"{'knots': 2897, 'segments': 2106, 'flights_ended_at_next_event': 967, 'flights_cut_short': 9, 'touches_reached_late': 42, 'max_late_s': 0.165, 'extreme_flights_lengthened': 2}",108,0,11,0,85,1,18,21,0
3754113,0,0,0,0,12.01,11.93,0,0,2956,0,0,0,625,10.29,1,110,0,0,0,0,11.97,11.25,0,0,2956,0,0,0,625,10.29,1,110,10.08,7.5,28,4799958,42.3,1,0.064,3789.7,5938.7,93,2335.3,150.4,128.1,92.2,12.0,25,10.61,7.5,28,4804559,50.8,2,0.064,3793.2,5938.7,93,2335.3,150.4,127.7,88.3,12.0,25,"{'knots': 2959, 'segments': 2193, 'flights_ended_at_next_event': 953, 'flights_cut_short': 23, 'touches_reached_late': 71, 'max_late_s': 1.302, 'extreme_flights_lengthened': 4}",96,0,11,0,185,2,82,60,0
3754114,0,1,0,0,12.13,11.98,0,0,3024,0,0,0,597,9.38,0,0,0,0,0,0,11.93,11.69,0,0,3024,0,0,0,597,9.38,0,0,10.86,7.5,22,4780490,30.1,0,0.064,3786.6,5738.4,101,2087.1,163.3,95.9,123.5,8.42,0,9.29,7.5,17,4784208,30.0,0,0.064,3789.4,5738.4,101,2087.1,163.3,94.6,119.4,8.42,0,"{'knots': 3143, 'segments': 2261, 'flights_ended_at_next_event': 992, 'flights_cut_short': 22, 'touches_reached_late': 56, 'max_late_s': 0.351, 'extreme_flights_lengthened': 2}",101,0,11,0,155,0,46,33,0
3754115,0,0,0,0,12.79,12.79,0,0,2797,0,0,0,498,9.49,0,0,0,0,0,0,12.5,12.5,0,0,2797,0,0,0,498,9.49,0,0,9.73,7.5,20,4311274,30.0,0,0.0566,3460.5,5712.9,119,2426.5,192.4,75.8,94.0,3.02,0,8.91,7.5,16,4316070,30.0,0,0.0566,3464.2,5712.9,119,2426.5,192.4,75.3,89.8,3.02,0,"{'knots': 2740, 'segments': 2053, 'flights_ended_at_next_event': 881, 'flights_cut_short': 26, 'touches_reached_late': 94, 'max_late_s': 0.299, 'extreme_flights_lengthened': 2}",120,0,11,0,140,2,20,32,0
3754116,0,0,0,0,12.03,11.54,0,0,3187,0,0,0,756,10.82,1,29,0,0,0,0,12.03,11.73,0,0,3187,0,0,0,756,10.94,1,28,9.74,7.5,28,5405356,114.1,49,0.058,4232.2,5830.2,84,1733.2,135.8,133.4,133.8,12.0,53,9.97,7.5,19,5409998,114.1,49,0.0579,4235.7,5830.2,84,1733.2,135.8,131.2,128.2,12.0,53,"{'knots': 3388, 'segments': 2479, 'flights_ended_at_next_event': 1090, 'flights_cut_short': 28, 'touches_reached_late': 70, 'max_late_s': 0.5, 'extreme_flights_lengthened': 7}",85,0,11,0,184,1,59,49,0
3754117,0,0,0,0,13.88,10.47,0,0,2849,0,0,0,627,9.32,0,0,0,0,0,0,13.88,10.47,0,0,2849,0,0,0,627,9.32,0,0,9.88,7.5,15,4936575,36.8,8,0.0639,3878.5,5726.4,84,1939.8,135.8,76.6,120.5,12.0,16,9.19,7.5,12,4940825,36.8,8,0.0639,3881.7,5726.4,84,1939.8,135.8,76.0,116.7,12.0,16,"{'knots': 2974, 'segments': 2147, 'flights_ended_at_next_event': 990, 'flights_cut_short': 22, 'touches_reached_late': 51, 'max_late_s': 0.193, 'extreme_flights_lengthened': 0}",84,0,11,0,132,2,24,24,0
3754118,0,0,0,0,13.15,11.71,0,0,3095,0,0,0,547,9.34,0,0,0,0,0,0,12.63,11.71,0,0,3095,0,0,0,547,9.34,0,0,9.87,7.5,15,5175236,30.1,0,0.0435,4039.9,5701.5,73,1756.2,118.0,100.0,123.3,8.14,0,9.43,7.5,15,5178932,30.1,0,0.0435,4042.7,5701.5,73,1756.2,118.0,98.4,118.9,8.14,0,"{'knots': 3410, 'segments': 2452, 'flights_ended_at_next_event': 1158, 'flights_cut_short': 15, 'touches_reached_late': 54, 'max_late_s': 0.566, 'extreme_flights_lengthened': 4}",73,0,11,0,164,2,51,73,0
3754119,0,0,0,0,12.86,11.64,0,0,2621,0,0,0,532,9.46,0,0,0,0,0,0,12.86,11.58,0,0,2621,0,0,0,532,9.46,0,0,9.8,7.5,14,4064425,30.2,0,0.0641,3316.8,5858.6,97,2652.1,156.8,49.3,95.8,3.32,0,9.85,7.5,12,4066978,30.2,0,0.0641,3318.8,5858.6,97,2652.1,156.8,48.2,92.7,3.32,0,"{'knots': 2511, 'segments': 1830, 'flights_ended_at_next_event': 831, 'flights_cut_short': 13, 'touches_reached_late': 54, 'max_late_s': 1.728, 'extreme_flights_lengthened': 0}",98,0,11,0,82,1,14,28,0
3754120,0,1,0,0,12.67,11.59,0,0,2710,0,0,0,516,9.46,0,0,0,1,0,0,12.64,11.59,0,0,2710,0,0,0,516,9.46,0,0,9.98,7.5,8,4307314,30.0,0,0.0316,3486.5,5811.8,97,2463.7,156.8,70.7,89.0,4.24,0,8.68,7.5,6,4310571,30.1,0,0.0316,3489.1,5811.8,97,2463.7,156.8,70.8,86.5,4.24,0,"{'knots': 2714, 'segments': 1960, 'flights_ended_at_next_event': 868, 'flights_cut_short': 18, 'touches_reached_late': 51, 'max_late_s': 0.5, 'extreme_flights_lengthened': 4}",97,0,11,0,102,4,21,38,0
3754121,0,3,0,0,12.18,11.51,0,0,2647,0,0,0,420,9.41,0,0,0,3,0,0,12.19,11.51,0,0,2647,0,0,0,420,9.41,0,0,9.19,7.5,13,4114989,67.3,70,0.064,3293.1,5665.2,107,2590.7,173.0,114.7,69.0,12.0,24,9.24,7.5,17,4117280,67.3,71,0.064,3294.8,5665.2,107,2590.7,173.0,113.0,65.6,12.0,24,"{'knots': 2403, 'segments': 1835, 'flights_ended_at_next_event': 734, 'flights_cut_short': 31, 'touches_reached_late': 85, 'max_late_s': 0.499, 'extreme_flights_lengthened': 7}",109,0,11,0,154,2,32,54,0
3754122,0,0,0,0,13.94,11.98,0,0,2824,0,0,0,560,10.55,1,1,0,0,0,0,13.47,11.84,0,0,2824,0,0,0,560,10.55,1,1,9.58,7.5,19,4544827,30.0,0,0.0642,3619.4,5818.8,95,2338.2,153.6,121.9,136.5,10.12,0,9.64,7.5,16,4545150,30.2,0,0.0642,3619.7,5818.8,95,2338.2,153.6,120.7,135.1,10.12,0,"{'knots': 2656, 'segments': 1980, 'flights_ended_at_next_event': 838, 'flights_cut_short': 26, 'touches_reached_late': 70, 'max_late_s': 0.233, 'extreme_flights_lengthened': 5}",96,0,11,0,196,7,70,81,0
3754123,0,1,0,0,12.1,11.75,0,0,2786,0,0,0,582,9.6,1,4,0,1,0,0,12.31,11.75,0,0,2786,0,0,0,582,9.85,1,8,10.47,7.5,22,4536840,30.0,0,0.0513,3595.5,5709.5,97,2276.6,156.8,71.8,66.0,3.0,0,10.42,7.5,16,4538512,30.0,0,0.0513,3596.7,5709.5,97,2276.6,156.8,70.9,64.0,3.0,0,"{'knots': 2815, 'segments': 2098, 'flights_ended_at_next_event': 917, 'flights_cut_short': 16, 'touches_reached_late': 60, 'max_late_s': 0.309, 'extreme_flights_lengthened': 1}",98,0,11,0,136,0,29,30,0
3754124,0,1,0,0,11.99,11.99,0,0,3187,0,0,0,611,9.42,0,0,0,1,0,0,12.06,11.98,0,0,3187,0,0,0,611,9.42,0,0,10.14,7.5,26,4622529,30.2,0,0.0501,3688.2,5940.1,114,2406.8,184.3,118.2,147.6,8.12,0,9.84,7.5,20,4625565,30.2,0,0.0501,3690.5,5940.1,114,2406.8,184.3,117.5,144.6,8.12,0,"{'knots': 2931, 'segments': 2172, 'flights_ended_at_next_event': 936, 'flights_cut_short': 22, 'touches_reached_late': 91, 'max_late_s': 0.499, 'extreme_flights_lengthened': 4}",114,0,11,0,173,5,45,58,0
3754125,0,0,0,0,12.05,11.61,0,0,3176,0,0,0,794,9.31,0,0,0,0,0,0,12.05,11.61,0,0,3176,0,0,0,794,9.31,0,0,10.59,7.5,28,5491108,34.8,7,0.0583,4275.9,6016.0,71,1738.8,114.8,94.5,210.5,12.0,15,11.34,7.5,19,5493462,34.8,7,0.0583,4277.7,6016.0,71,1738.8,114.8,94.4,208.6,12.0,15,"{'knots': 3481, 'segments': 2490, 'flights_ended_at_next_event': 1099, 'flights_cut_short': 17, 'touches_reached_late': 55, 'max_late_s': 0.397, 'extreme_flights_lengthened': 3}",71,0,11,0,177,1,61,44,0
3754126,0,1,0,0,12.1,12.04,0,0,3169,0,0,0,741,9.16,0,0,0,1,0,0,12.1,11.61,0,0,3169,0,0,0,741,9.16,0,0,9.9,7.5,15,4834907,30.0,0,0.0569,3834.8,5776.3,103,2127.2,166.5,97.9,78.7,4.72,0,9.42,7.5,17,4836372,30.0,0,0.0568,3835.9,5776.3,103,2127.2,166.5,95.5,75.1,4.72,0,"{'knots': 3202, 'segments': 2334, 'flights_ended_at_next_event': 1005, 'flights_cut_short': 20, 'touches_reached_late': 72, 'max_late_s': 0.5, 'extreme_flights_lengthened': 6}",103,0,11,0,119,1,30,25,0
3754127,0,0,0,0,12.22,12.22,0,0,3132,0,0,0,732,9.47,0,0,0,0,0,0,12.1,12.05,0,0,3132,0,0,0,732,9.47,0,0,10.07,7.5,29,4871978,30.1,0,0.0641,3864.3,5910.4,101,2249.8,163.3,106.8,66.3,3.34,0,10.63,7.5,20,4874255,30.2,0,0.0641,3866.0,5910.4,101,2249.8,163.3,105.3,63.1,3.34,0,"{'knots': 3169, 'segments': 2335, 'flights_ended_at_next_event': 998, 'flights_cut_short': 13, 'touches_reached_late': 67, 'max_late_s': 0.5, 'extreme_flights_lengthened': 4}",103,0,11,0,183,2,64,63,0
3754128,0,1,0,0,12.09,11.77,0,0,3049,0,0,0,694,9.45,0,0,0,1,0,0,12.09,11.58,0,0,3049,0,0,0,694,9.45,0,0,9.48,7.5,17,4978446,762.5,2,1.2814,3928.4,5813.8,96,2066.2,155.2,112.2,86.4,12.0,33,9.15,7.5,17,4979084,504.5,3,1.2814,3928.9,5813.8,96,2066.2,155.2,112.1,85.8,12.0,33,"{'knots': 3087, 'segments': 2307, 'flights_ended_at_next_event': 1005, 'flights_cut_short': 18, 'touches_reached_late': 71, 'max_late_s': 0.198, 'extreme_flights_lengthened': 4}",97,0,11,0,182,1,30,48,0
3754129,0,0,0,0,12.0,11.96,0,0,3544,0,0,0,729,8.98,0,0,0,0,0,0,12.06,12.02,0,0,3544,0,0,0,729,8.98,0,0,8.79,7.5,14,5087669,30.0,0,0.0642,3996.8,5706.2,87,1778.2,140.7,80.8,152.7,12.0,8,9.57,7.5,15,5094378,30.0,0,0.0642,4001.8,5706.2,87,1778.2,140.7,80.8,147.5,12.0,8,"{'knots': 3406, 'segments': 2455, 'flights_ended_at_next_event': 1079, 'flights_cut_short': 21, 'touches_reached_late': 81, 'max_late_s': 0.184, 'extreme_flights_lengthened': 4}",89,0,11,0,141,1,19,25,0
3754130,0,0,0,0,12.29,11.53,0,0,2451,0,0,0,515,9.5,0,0,0,0,0,0,12.25,11.54,0,0,2451,0,0,0,515,9.5,0,0,10.13,7.5,21,4171089,42.4,43,0.0711,3310.2,5839.1,92,2647.4,148.7,73.8,103.9,12.0,18,9.8,7.5,17,4174961,42.4,43,0.0711,3313.2,5839.1,92,2647.4,148.7,72.7,100.0,12.0,18,"{'knots': 2519, 'segments': 1869, 'flights_ended_at_next_event': 804, 'flights_cut_short': 30, 'touches_reached_late': 71, 'max_late_s': 2.164, 'extreme_flights_lengthened': 0}",92,0,11,0,130,0,35,47,0
3754131,0,0,0,0,12.2,11.4,0,0,2714,0,0,0,552,9.49,0,0,0,0,0,0,12.2,11.94,0,0,2714,0,0,0,552,9.49,0,0,10.64,7.5,30,4396224,30.1,0,0.059,3538.5,6036.2,109,2684.3,176.2,97.1,86.6,6.02,0,9.6,7.5,27,4400165,30.1,0,0.059,3541.5,6036.2,109,2684.3,176.2,96.6,83.1,6.02,0,"{'knots': 2722, 'segments': 2046, 'flights_ended_at_next_event': 881, 'flights_cut_short': 28, 'touches_reached_late': 66, 'max_late_s': 0.166, 'extreme_flights_lengthened': 1}",109,0,11,0,212,2,68,47,0
3754132,1,2,1,0,12.06,11.92,0,0,2434,0,0,0,424,9.13,0,0,1,0,1,0,12.06,11.93,0,0,2434,0,0,0,424,9.13,0,0,9.55,7.5,10,4047758,30.1,0,0.0584,3239.7,5757.9,106,2655.8,171.4,63.7,97.4,4.24,0,9.01,7.5,11,4051124,30.0,0,0.0584,3242.2,5757.9,106,2655.8,171.4,62.4,93.6,4.24,0,"{'knots': 2301, 'segments': 1732, 'flights_ended_at_next_event': 720, 'flights_cut_short': 24, 'touches_reached_late': 67, 'max_late_s': 0.5, 'extreme_flights_lengthened': 0}",106,0,11,0,87,0,27,21,0
3754133,0,0,0,0,12.19,11.39,0,0,2554,0,0,0,496,9.34,0,0,0,0,0,0,12.27,11.03,0,0,2554,0,0,0,496,9.34,0,0,11.59,7.5,22,4437873,30.0,0,0.0508,3510.9,5648.0,91,2282.3,147.1,72.7,74.6,4.37,0,8.71,7.5,17,4440183,30.0,0,0.0508,3512.6,5648.0,91,2282.3,147.1,72.6,72.8,4.37,0,"{'knots': 2625, 'segments': 1968, 'flights_ended_at_next_event': 876, 'flights_cut_short': 18, 'touches_reached_late': 50, 'max_late_s': 0.238, 'extreme_flights_lengthened': 0}",91,0,11,0,156,0,43,45,0
3754134,0,1,0,0,13.49,12.68,0,0,2749,0,0,0,553,8.91,0,0,0,1,0,0,13.48,12.53,0,0,2749,0,0,0,553,8.91,0,0,10.44,7.5,24,4295148,30.1,0,0.0703,3414.0,5756.8,98,2504.9,158.4,72.9,69.2,6.75,0,10.24,7.5,19,4298822,30.2,0,0.0704,3416.8,5756.8,98,2504.9,158.4,71.9,65.4,6.75,0,"{'knots': 2650, 'segments': 1987, 'flights_ended_at_next_event': 829, 'flights_cut_short': 15, 'touches_reached_late': 64, 'max_late_s': 0.233, 'extreme_flights_lengthened': 3}",98,0,11,0,127,1,27,27,0
3754135,0,0,0,0,13.87,11.08,0,0,2888,0,0,0,668,9.37,0,0,0,0,0,0,13.87,11.93,0,0,2888,0,0,0,668,9.37,0,0,10.44,7.5,31,4668486,70.5,3,0.0508,3734.7,5798.8,102,2186.2,164.9,97.9,140.8,12.0,27,10.45,7.5,33,4674885,92.9,2,0.0508,3739.6,5798.8,102,2186.2,164.9,97.2,135.1,12.0,27,"{'knots': 2894, 'segments': 2160, 'flights_ended_at_next_event': 923, 'flights_cut_short': 24, 'touches_reached_late': 58, 'max_late_s': 0.5, 'extreme_flights_lengthened': 1}",102,0,11,0,144,0,40,40,0
3754136,1,1,1,0,13.52,12.73,0,0,2791,0,0,0,481,9.22,0,0,1,0,1,0,13.53,11.48,0,0,2791,0,0,0,481,9.22,0,0,9.44,7.5,26,4561963,54.7,31,0.0586,3622.7,5662.2,102,2182.1,164.9,103.2,125.5,12.0,22,8.82,7.5,16,4562271,54.7,31,0.0586,3622.9,5662.2,102,2182.1,164.9,101.0,123.1,12.0,22,"{'knots': 2696, 'segments': 2023, 'flights_ended_at_next_event': 852, 'flights_cut_short': 36, 'touches_reached_late': 86, 'max_late_s': 0.5, 'extreme_flights_lengthened': 2}",103,0,11,0,180,3,44,57,0
3754137,0,3,0,0,12.65,11.63,0,0,2716,0,0,0,519,9.54,0,0,0,1,0,0,12.65,11.89,0,0,2716,0,0,0,519,9.54,0,0,11.21,7.5,32,4550018,910.3,65,1.5173,3592.4,5839.2,89,2387.4,143.9,140.3,143.3,12.0,59,12.24,7.5,24,4552724,832.5,65,1.5173,3594.5,5839.2,89,2387.4,143.9,139.7,140.7,12.0,59,"{'knots': 2733, 'segments': 2007, 'flights_ended_at_next_event': 814, 'flights_cut_short': 22, 'touches_reached_late': 59, 'max_late_s': 0.5, 'extreme_flights_lengthened': 6}",89,0,11,0,178,4,92,60,0
3754138,0,0,0,0,13.03,11.82,0,0,2622,0,0,0,544,10.65,2,84,0,0,0,0,13.06,11.93,0,0,2622,0,0,0,544,10.65,2,89,10.22,7.5,16,4325164,854.2,2,2.6016,3432.0,5803.6,95,2526.6,153.6,100.9,99.4,12.0,35,9.95,7.5,15,4330422,970.4,2,2.6014,3436.0,5803.6,95,2526.6,153.6,100.5,95.0,12.0,35,"{'knots': 2599, 'segments': 1895, 'flights_ended_at_next_event': 821, 'flights_cut_short': 14, 'touches_reached_late': 63, 'max_late_s': 0.5, 'extreme_flights_lengthened': 3}",98,0,11,0,127,1,50,42,0
3754139,0,1,0,0,12.09,11.8,0,0,2879,0,0,0,535,9.41,0,0,0,1,0,0,12.09,11.8,0,0,2879,0,0,0,535,9.41,0,0,10.04,7.5,33,4740208,198.7,8,0.2385,3761.0,5686.3,104,2138.9,168.1,149.1,103.2,12.0,56,11.27,7.5,25,4743772,198.7,7,0.2385,3763.7,5686.3,104,2138.9,168.1,148.3,99.8,12.0,56,"{'knots': 2872, 'segments': 2154, 'flights_ended_at_next_event': 930, 'flights_cut_short': 28, 'touches_reached_late': 75, 'max_late_s': 0.5, 'extreme_flights_lengthened': 2}",104,0,11,0,186,2,69,60,0
3754140,0,0,0,0,12.16,11.65,0,0,3224,0,0,0,744,9.43,0,0,0,0,0,0,12.16,11.61,0,0,3224,0,0,0,744,9.43,0,0,9.4,7.5,28,5183750,230.6,2,0.4838,4070.9,5723.7,88,1804.8,142.3,84.0,74.3,12.0,29,11.24,7.5,27,5186500,210.4,2,0.4838,4073.0,5723.7,88,1804.8,142.3,82.8,71.0,12.0,29,"{'knots': 3396, 'segments': 2450, 'flights_ended_at_next_event': 1055, 'flights_cut_short': 19, 'touches_reached_late': 56, 'max_late_s': 0.336, 'extreme_flights_lengthened': 0}",88,0,11,0,106,0,37,34,0
3754141,0,0,0,0,12.07,12.07,0,0,3029,0,0,0,679,9.42,0,0,0,0,0,0,12.27,12.27,0,0,3029,0,0,0,679,9.42,0,0,11.0,7.5,25,4613759,30.0,0,0.0641,3645.1,5841.1,91,2296.9,147.1,48.1,94.2,3.0,0,9.25,7.5,24,4615020,30.0,0,0.0641,3646.1,5841.1,91,2296.9,147.1,46.5,91.7,3.0,0,"{'knots': 3039, 'segments': 2182, 'flights_ended_at_next_event': 959, 'flights_cut_short': 23, 'touches_reached_late': 56, 'max_late_s': 0.458, 'extreme_flights_lengthened': 1}",91,0,11,0,109,1,21,23,0
3754142,0,0,0,0,12.65,11.64,0,0,3309,0,0,0,758,9.33,0,0,0,0,0,0,12.65,11.59,0,0,3309,0,0,0,758,9.33,0,0,9.45,7.5,20,5094716,30.1,0,0.0361,3982.2,5601.3,75,1747.0,121.2,109.6,103.0,9.49,0,9.42,7.5,18,5099314,30.1,0,0.0361,3985.7,5601.3,75,1747.0,121.2,108.5,98.3,9.49,0,"{'knots': 3410, 'segments': 2424, 'flights_ended_at_next_event': 1074, 'flights_cut_short': 11, 'touches_reached_late': 47, 'max_late_s': 1.032, 'extreme_flights_lengthened': 8}",75,0,11,0,154,0,67,37,0
3754143,0,1,0,0,12.58,11.98,0,0,2938,0,0,0,570,12.08,1,69,0,1,0,0,12.45,11.91,0,0,2938,0,0,0,570,10.72,1,50,11.22,7.5,30,4773582,855.9,1,1.4277,3784.6,5884.8,103,2293.0,166.5,122.3,96.0,12.0,54,10.21,7.5,19,4778928,855.8,1,1.4277,3788.7,5884.8,103,2293.0,166.5,121.5,91.1,12.0,54,"{'knots': 3014, 'segments': 2270, 'flights_ended_at_next_event': 959, 'flights_cut_short': 43, 'touches_reached_late': 108, 'max_late_s': 1.429, 'extreme_flights_lengthened': 6}",104,0,11,0,193,0,27,35,0
3754144,0,0,0,0,12.18,12.04,0,0,3129,0,0,0,765,9.44,0,0,0,0,0,0,12.43,12.04,0,0,3129,0,0,0,765,9.44,0,0,10.58,7.5,36,5032962,212.4,5,0.049,3953.4,5685.1,86,1915.5,139.0,117.1,72.3,12.0,27,10.48,7.5,24,5031114,211.1,5,0.049,3952.0,5685.1,86,1915.5,139.0,114.6,71.2,12.0,27,"{'knots': 3384, 'segments': 2433, 'flights_ended_at_next_event': 1079, 'flights_cut_short': 23, 'touches_reached_late': 55, 'max_late_s': 0.459, 'extreme_flights_lengthened': 4}",88,0,11,0,140,2,76,47,0
3754145,0,0,0,0,12.14,12.14,0,0,3268,0,0,0,723,9.38,0,0,0,0,0,0,12.16,12.16,0,0,3268,0,0,0,723,9.38,0,0,10.19,7.5,19,5035228,728.3,18,1.4803,3938.7,5649.7,76,1830.1,122.9,120.3,123.9,12.0,64,9.59,7.5,15,5041542,618.9,18,1.4803,3943.5,5649.7,76,1830.1,122.9,119.1,117.9,12.0,64,"{'knots': 3528, 'segments': 2485, 'flights_ended_at_next_event': 1156, 'flights_cut_short': 18, 'touches_reached_late': 39, 'max_late_s': 0.43, 'extreme_flights_lengthened': 3}",77,0,11,0,134,1,50,37,0
3754146,0,2,0,0,12.02,11.5,0,0,2746,0,0,0,605,10.55,1,12,0,2,0,0,12.02,11.42,0,0,2746,0,0,0,605,10.55,1,12,9.95,7.5,19,4617907,30.1,0,0.0583,3660.5,5779.3,99,2290.7,160.1,96.0,84.2,8.53,0,11.33,7.5,15,4619117,30.1,0,0.0583,3661.4,5779.3,99,2290.7,160.1,94.4,81.6,8.53,0,"{'knots': 2740, 'segments': 2046, 'flights_ended_at_next_event': 847, 'flights_cut_short': 45, 'touches_reached_late': 94, 'max_late_s': 0.253, 'extreme_flights_lengthened': 5}",100,0,11,0,166,2,48,49,0
3754147,1,1,1,0,13.18,12.02,0,0,3490,0,0,0,714,10.51,1,1,1,1,1,0,13.18,11.8,0,0,3490,0,0,0,714,10.51,1,1,9.74,7.5,28,5049682,30.1,0,0.0704,3982.4,5818.5,96,2021.6,155.2,112.4,81.9,4.24,0,10.28,7.5,25,5054742,30.1,0,0.0704,3986.2,5818.5,96,2021.6,155.2,112.6,78.3,4.24,0,"{'knots': 3425, 'segments': 2516, 'flights_ended_at_next_event': 1086, 'flights_cut_short': 33, 'touches_reached_late': 76, 'max_late_s': 0.5, 'extreme_flights_lengthened': 6}",98,0,11,0,203,0,74,38,0
3754148,0,1,0,0,12.47,11.44,0,0,2588,0,0,0,511,8.94,0,0,0,1,0,0,12.25,11.14,0,0,2588,0,0,0,511,8.94,0,0,10.14,7.5,15,4402933,30.2,0,0.0499,3514.1,5856.9,107,2490.0,173.0,58.4,84.1,4.01,0,10.54,7.5,9,4407712,38.4,1,0.0499,3517.8,5856.9,107,2490.0,173.0,58.6,80.7,4.01,0,"{'knots': 2542, 'segments': 1897, 'flights_ended_at_next_event': 805, 'flights_cut_short': 18, 'touches_reached_late': 67, 'max_late_s': 0.5, 'extreme_flights_lengthened': 2}",107,0,11,0,118,1,24,36,0
3754149,0,0,0,0,11.98,11.98,0,0,3338,0,0,0,703,11.45,1,39,0,0,0,0,12.06,12.06,0,0,3338,0,0,0,703,11.09,1,5,11.18,7.5,28,4849262,30.2,0,0.0709,3819.1,5687.1,89,2021.3,143.9,96.6,87.1,5.3,0,10.25,7.5,14,4850780,30.2,0,0.0709,3820.3,5687.1,89,2021.3,143.9,95.8,85.2,5.3,0,"{'knots': 3217, 'segments': 2360, 'flights_ended_at_next_event': 1036, 'flights_cut_short': 25, 'touches_reached_late': 68, 'max_late_s': 0.259, 'extreme_flights_lengthened': 1}",92,0,11,0,202,2,77,65,0
3754150,0,0,0,0,15.06,11.88,0,0,2821,0,0,0,603,9.56,1,3,0,0,0,0,15.06,11.79,0,0,2821,0,0,0,603,9.56,1,3,9.38,7.5,25,4640796,30.0,0,0.0709,3728.8,5826.1,84,2217.2,135.8,75.1,91.0,4.01,0,9.85,7.5,16,4640803,30.0,0,0.0709,3728.8,5826.1,84,2217.2,135.8,73.0,88.9,4.01,0,"{'knots': 2914, 'segments': 2148, 'flights_ended_at_next_event': 953, 'flights_cut_short': 14, 'touches_reached_late': 61, 'max_late_s': 0.332, 'extreme_flights_lengthened': 1}",85,0,11,0,185,1,49,56,0
3754151,0,2,0,0,12.43,11.65,0,0,2506,0,0,0,448,9.38,0,0,0,2,0,0,12.43,11.23,0,0,2506,0,0,0,448,9.38,0,0,9.04,7.5,11,4560336,84.3,6,0.051,3628.0,5832.0,106,2388.4,171.4,144.3,131.3,12.0,45,9.27,7.5,18,4563020,46.9,7,0.051,3630.0,5832.0,106,2388.4,171.4,142.6,127.6,12.0,45,"{'knots': 2537, 'segments': 1939, 'flights_ended_at_next_event': 824, 'flights_cut_short': 23, 'touches_reached_late': 77, 'max_late_s': 0.5, 'extreme_flights_lengthened': 5}",106,0,11,0,150,0,30,48,0
3754152,0,0,0,0,12.0,11.69,0,0,2965,0,0,0,533,9.5,0,0,0,0,0,0,12.08,11.87,0,0,2965,0,0,0,533,9.5,0,0,10.4,7.5,12,4523970,30.0,0,0.0781,3608.6,5955.2,111,2560.9,179.5,112.2,77.2,12.0,21,9.3,7.5,20,4525004,30.0,0,0.0781,3609.4,5955.2,111,2560.9,179.5,111.5,75.8,12.0,21,"{'knots': 2771, 'segments': 2062, 'flights_ended_at_next_event': 818, 'flights_cut_short': 26, 'touches_reached_late': 92, 'max_late_s': 0.5, 'extreme_flights_lengthened': 6}",114,0,11,0,155,0,47,55,0
3754153,0,2,0,0,14.03,12.04,0,0,2676,0,0,0,559,9.23,0,0,0,1,0,0,12.7,11.83,0,0,2676,0,0,0,559,9.23,0,0,11.84,7.5,20,4540206,30.2,0,0.051,3609.5,5834.1,104,2380.7,168.1,93.0,105.0,8.71,0,11.16,7.5,25,4545970,30.2,0,0.051,3613.8,5834.1,104,2380.7,168.1,91.6,99.2,8.71,0,"{'knots': 2699, 'segments': 1986, 'flights_ended_at_next_event': 862, 'flights_cut_short': 20, 'touches_reached_late': 58, 'max_late_s': 0.56, 'extreme_flights_lengthened': 3}",107,0,11,0,142,2,59,38,0
3754154,0,0,0,0,12.99,11.55,0,0,3190,0,0,0,587,9.33,0,0,0,0,0,0,12.04,11.44,0,0,3190,0,0,0,587,9.33,0,0,9.66,7.5,28,4791974,30.0,0,0.0782,3800.2,5768.4,104,2170.7,168.1,112.2,77.8,6.36,0,9.44,7.5,18,4793778,30.0,0,0.0782,3801.6,5768.4,104,2170.7,168.1,111.4,75.6,6.36,0,"{'knots': 3018, 'segments': 2256, 'flights_ended_at_next_event': 984, 'flights_cut_short': 27, 'touches_reached_late': 80, 'max_late_s': 0.5, 'extreme_flights_lengthened': 3}",105,0,11,0,191,0,42,37,0
3754155,0,1,0,0,12.06,11.38,0,0,2633,0,0,0,461,9.28,0,0,0,1,0,0,12.07,11.38,0,0,2633,0,0,0,461,9.28,0,0,9.27,7.5,15,4574900,59.6,3,0.0555,3630.8,5681.8,101,2213.0,163.3,96.1,97.3,12.0,50,10.14,7.5,14,4575714,93.6,2,0.0555,3631.5,5681.8,101,2213.0,163.3,95.1,95.7,12.0,50,"{'knots': 2596, 'segments': 1928, 'flights_ended_at_next_event': 847, 'flights_cut_short': 25, 'touches_reached_late': 61, 'max_late_s': 0.5, 'extreme_flights_lengthened': 1}",103,0,11,0,107,2,26,29,0
3754156,0,0,0,0,13.35,13.35,0,0,2687,0,0,0,562,9.08,0,0,0,0,0,0,13.35,13.35,0,0,2687,0,0,0,562,9.08,0,0,11.32,7.5,25,4778243,30.1,0,0.0514,3764.2,5736.4,88,2072.1,142.3,97.2,139.6,6.02,0,11.12,7.5,21,4781627,30.1,0,0.0514,3766.7,5736.4,88,2072.1,142.3,96.0,135.8,6.02,0,"{'knots': 2881, 'segments': 2207, 'flights_ended_at_next_event': 1003, 'flights_cut_short': 28, 'touches_reached_late': 59, 'max_late_s': 0.317, 'extreme_flights_lengthened': 2}",90,0,11,0,193,1,52,33,0
3754157,0,0,0,0,12.06,11.87,0,0,3089,0,0,0,650,8.75,0,0,0,0,0,0,12.06,11.75,0,0,3089,0,0,0,650,8.75,0,0,11.34,7.5,14,5366229,30.0,0,0.0707,4204.7,6089.9,85,1939.8,137.4,78.3,161.1,12.0,15,10.88,7.5,16,5365019,30.0,0,0.0707,4203.7,6089.9,85,1939.8,137.4,75.3,159.0,12.0,15,"{'knots': 3195, 'segments': 2326, 'flights_ended_at_next_event': 1058, 'flights_cut_short': 11, 'touches_reached_late': 58, 'max_late_s': 0.091, 'extreme_flights_lengthened': 1}",86,0,11,0,117,0,27,36,0
3754158,0,1,0,0,12.43,12.43,0,0,2999,0,0,0,567,9.43,0,0,0,1,0,0,12.43,12.43,0,0,2999,0,0,0,567,9.43,0,0,9.08,7.5,23,4718712,721.5,3,1.4324,3725.4,5768.5,92,2238.6,148.7,130.5,83.7,12.0,64,9.29,7.5,17,4725533,646.9,3,1.4324,3730.6,5768.5,92,2238.6,148.7,129.8,77.8,12.0,64,"{'knots': 2878, 'segments': 2110, 'flights_ended_at_next_event': 911, 'flights_cut_short': 25, 'touches_reached_late': 68, 'max_late_s': 0.5, 'extreme_flights_lengthened': 1}",92,0,11,0,162,6,43,51,0
3754159,1,0,1,0,12.17,11.69,0,0,3013,0,0,0,746,9.49,0,0,1,0,1,0,12.16,11.69,0,0,3013,0,0,0,746,9.49,0,0,9.29,7.5,17,4967248,1746.2,3,3.2839,3913.4,5651.4,92,1918.0,148.7,125.9,94.6,12.0,68,9.46,7.5,14,4969778,1186.5,4,3.2839,3915.3,5651.4,92,1918.0,148.7,125.5,92.3,12.0,68,"{'knots': 3312, 'segments': 2362, 'flights_ended_at_next_event': 1045, 'flights_cut_short': 21, 'touches_reached_late': 61, 'max_late_s': 1.092, 'extreme_flights_lengthened': 5}",93,0,11,0,111,1,37,30,0
3754160,0,0,0,0,12.5,12.1,0,0,2844,0,0,0,578,9.3,0,0,0,0,0,0,12.5,12.38,0,0,2844,0,0,0,578,9.3,0,0,8.91,7.5,13,4858418,30.0,0,0.0638,3811.0,5827.5,79,2029.8,127.7,45.8,160.1,2.21,0,10.24,7.5,18,4863921,30.0,0,0.0639,3815.2,5827.5,79,2029.8,127.7,44.5,154.6,2.21,0,"{'knots': 3052, 'segments': 2214, 'flights_ended_at_next_event': 1026, 'flights_cut_short': 29, 'touches_reached_late': 51, 'max_late_s': 0.497, 'extreme_flights_lengthened': 0}",79,0,11,0,110,0,30,33,0
3754161,0,1,0,0,12.42,12.42,0,0,2996,0,0,0,619,9.45,0,0,0,1,0,0,12.42,12.42,0,0,2996,0,0,0,619,9.45,0,0,10.85,7.5,28,4485074,30.4,1,0.0708,3567.7,5817.2,104,2452.8,168.1,116.0,80.7,8.78,0,10.31,7.5,29,4486284,30.2,0,0.0708,3568.6,5817.2,104,2452.8,168.1,114.7,78.5,8.78,0,"{'knots': 2940, 'segments': 2249, 'flights_ended_at_next_event': 942, 'flights_cut_short': 14, 'touches_reached_late': 84, 'max_late_s': 0.379, 'extreme_flights_lengthened': 4}",104,0,11,0,204,0,63,76,0
3754162,0,0,0,0,12.51,11.79,0,0,2713,0,0,0,566,9.42,0,0,0,0,0,0,12.47,12.01,0,0,2713,0,0,0,566,9.42,0,0,9.94,7.5,14,4730444,30.0,0,0.0639,3746.0,5917.8,98,2281.0,158.4,73.5,122.7,6.36,0,9.78,7.5,18,4735575,30.1,0,0.0639,3749.9,5917.8,98,2281.0,158.4,72.4,117.7,6.36,0,"{'knots': 2810, 'segments': 2048, 'flights_ended_at_next_event': 899, 'flights_cut_short': 17, 'touches_reached_late': 62, 'max_late_s': 0.203, 'extreme_flights_lengthened': 4}",101,0,11,0,106,2,22,24,0
3754163,0,1,0,0,14.15,14.15,0,0,3226,0,0,0,731,11.65,1,79,0,1,0,0,14.15,14.15,0,0,3226,0,0,0,731,11.65,1,79,9.71,7.5,32,5391166,30.3,0,0.0588,4226.4,5860.8,87,1853.7,140.7,160.6,81.9,12.0,29,9.62,7.5,20,5392530,30.3,0,0.0588,4227.4,5860.8,87,1853.7,140.7,160.0,80.2,12.0,29,"{'knots': 3344, 'segments': 2449, 'flights_ended_at_next_event': 1085, 'flights_cut_short': 28, 'touches_reached_late': 70, 'max_late_s': 0.5, 'extreme_flights_lengthened': 7}",88,0,11,0,205,2,75,60,0
3754164,0,0,0,0,13.68,13.68,0,0,2765,0,0,0,485,11.38,1,43,0,1,0,0,13.68,13.68,0,0,2765,0,0,0,485,11.18,1,43,9.28,7.5,24,4500988,143.3,12,0.1719,3581.3,5775.8,93,2315.2,150.4,135.3,164.8,12.0,27,9.83,7.5,20,4501333,143.3,12,0.1719,3581.6,5775.8,93,2315.2,150.4,133.9,163.1,12.0,27,"{'knots': 2561, 'segments': 1947, 'flights_ended_at_next_event': 804, 'flights_cut_short': 24, 'touches_reached_late': 56, 'max_late_s': 0.5, 'extreme_flights_lengthened': 5}",94,0,11,0,185,2,53,51,0
3754165,1,3,0,1,12.42,11.88,0,0,3259,0,0,0,590,9.47,0,0,1,3,0,1,12.42,11.88,0,0,3259,0,0,0,590,9.47,0,0,9.65,7.5,15,4559160,30.1,0,0.0781,3633.0,5704.7,103,2277.0,166.5,105.7,66.8,12.0,39,10.04,7.5,15,4557442,30.0,0,0.0781,3631.7,5704.7,103,2277.0,166.5,103.0,65.4,12.0,39,"{'knots': 2863, 'segments': 2120, 'flights_ended_at_next_event': 894, 'flights_cut_short': 20, 'touches_reached_late': 68, 'max_late_s': 0.159, 'extreme_flights_lengthened': 2}",105,0,11,0,146,1,23,43,0
3754166,0,0,0,0,13.71,13.71,0,0,2658,0,0,0,510,9.47,0,0,0,0,0,0,13.7,13.7,0,0,2658,0,0,0,510,9.47,0,0,9.98,7.5,21,4661557,30.1,0,0.0642,3703.0,5821.2,105,2247.4,169.8,83.6,124.1,6.77,0,9.81,7.5,12,4664417,30.1,0,0.0642,3705.2,5821.2,105,2247.4,169.8,82.5,120.8,6.77,0,"{'knots': 2730, 'segments': 2024, 'flights_ended_at_next_event': 856, 'flights_cut_short': 23, 'touches_reached_late': 68, 'max_late_s': 2.036, 'extreme_flights_lengthened': 2}",106,0,11,0,102,0,29,41,0
3754167,0,0,0,0,12.02,11.5,0,0,2948,0,0,0,639,9.37,0,0,0,0,0,0,12.02,11.41,0,0,2948,0,0,0,639,9.37,0,0,9.05,7.5,13,4777649,527.5,8,0.3821,3769.6,5877.0,84,2241.2,135.8,95.7,97.6,12.0,62,9.03,7.5,5,4780026,361.8,10,0.3821,3771.5,5877.0,84,2241.2,135.8,94.5,94.5,12.0,62,"{'knots': 3310, 'segments': 2342, 'flights_ended_at_next_event': 1089, 'flights_cut_short': 20, 'touches_reached_late': 51, 'max_late_s': 2.025, 'extreme_flights_lengthened': 4}",85,0,11,0,113,0,24,30,0
3754168,0,0,0,0,12.69,11.64,0,0,2675,0,0,0,573,9.53,0,0,0,0,0,0,12.68,11.49,0,0,2675,0,0,0,573,9.62,1,1,9.38,7.5,24,4450863,30.3,0,0.0537,3520.5,5666.7,91,2254.1,147.1,79.9,119.1,4.24,0,10.47,7.5,25,4455131,30.3,1,0.0537,3523.8,5666.7,91,2254.1,147.1,79.0,114.9,4.24,0,"{'knots': 2695, 'segments': 2025, 'flights_ended_at_next_event': 885, 'flights_cut_short': 24, 'touches_reached_late': 61, 'max_late_s': 0.461, 'extreme_flights_lengthened': 0}",92,0,11,0,176,3,44,60,0
3754169,0,1,0,0,12.6,11.74,0,0,2868,0,0,0,557,10.94,1,33,0,0,0,0,12.61,11.76,0,0,2868,0,0,0,557,11.27,1,33,9.42,7.5,11,4557910,30.1,0,0.0648,3643.0,5859.1,98,2400.9,158.4,101.2,74.9,6.23,0,8.84,7.5,11,4559168,30.0,0,0.0648,3643.9,5859.1,98,2400.9,158.4,101.1,73.8,6.23,0,"{'knots': 2847, 'segments': 2092, 'flights_ended_at_next_event': 933, 'flights_cut_short': 30, 'touches_reached_late': 76, 'max_late_s': 0.585, 'extreme_flights_lengthened': 3}",99,0,11,0,157,3,38,39,0
3754170,0,0,0,0,12.02,11.82,0,0,2753,0,0,0,520,9.42,0,0,0,1,0,0,12.12,11.82,0,0,2753,0,0,0,520,9.42,0,0,11.26,7.5,17,4526654,30.0,0,0.0638,3607.4,5904.0,109,2436.3,176.2,70.3,106.8,4.01,0,10.97,7.5,13,4531208,30.0,0,0.0638,3610.8,5904.0,109,2436.3,176.2,69.9,103.0,4.01,0,"{'knots': 2689, 'segments': 1999, 'flights_ended_at_next_event': 832, 'flights_cut_short': 28, 'touches_reached_late': 83, 'max_late_s': 0.107, 'extreme_flights_lengthened': 2}",109,0,11,0,146,5,29,34,0
3754171,0,1,0,0,11.86,11.7,0,0,3020,0,0,0,747,9.5,0,0,0,1,0,0,11.99,11.68,0,0,3020,0,0,0,747,9.5,0,0,9.63,7.49,19,5155810,30.0,0,0.0639,4038.3,5655.9,81,1695.1,130.9,68.4,121.8,8.22,0,9.64,7.5,14,5161200,30.0,0,0.0639,4042.3,5655.9,81,1695.1,130.9,66.7,116.0,8.22,0,"{'knots': 3250, 'segments': 2352, 'flights_ended_at_next_event': 1077, 'flights_cut_short': 9, 'touches_reached_late': 45, 'max_late_s': 0.205, 'extreme_flights_lengthened': 2}",83,0,11,0,138,1,15,29,0
3754172,0,0,0,0,12.02,11.57,0,0,2446,0,0,0,374,9.44,0,0,0,0,0,0,12.03,11.48,0,0,2446,0,0,0,374,9.44,0,0,10.68,7.5,14,3944974,30.1,0,0.0632,3170.0,5798.9,111,2761.1,179.5,57.4,104.6,3.56,0,9.81,7.5,16,3944028,30.1,0,0.0632,3169.3,5798.9,111,2761.1,179.5,56.3,104.3,3.56,0,"{'knots': 2153, 'segments': 1649, 'flights_ended_at_next_event': 712, 'flights_cut_short': 14, 'touches_reached_late': 56, 'max_late_s': 0.204, 'extreme_flights_lengthened': 1}",114,0,11,0,106,4,15,27,0
3754173,0,0,0,0,12.58,12.58,0,0,3243,0,0,0,791,9.4,0,0,0,0,0,0,12.12,11.89,0,0,3243,0,0,0,791,9.4,0,0,9.36,7.5,21,5374136,30.0,0,0.0583,4191.3,5648.8,73,1526.9,118.0,96.6,145.1,6.36,0,10.19,7.5,14,5375125,30.0,0,0.0583,4192.0,5648.8,73,1526.9,118.0,93.4,141.2,6.36,0,"{'knots': 3451, 'segments': 2476, 'flights_ended_at_next_event': 1095, 'flights_cut_short': 15, 'touches_reached_late': 51, 'max_late_s': 0.24, 'extreme_flights_lengthened': 7}",73,0,11,0,155,1,52,49,0
3754174,0,1,0,0,12.09,11.72,0,0,3021,0,0,0,630,9.42,0,0,0,1,0,0,12.09,11.77,0,0,3021,0,0,0,630,9.42,0,0,9.84,7.5,24,4974639,30.3,1,0.0559,3915.7,5798.1,90,1996.8,145.5,99.7,130.7,8.02,0,9.62,7.5,21,4980161,30.3,0,0.0559,3919.9,5798.1,90,1996.8,145.5,97.4,124.2,8.02,0,"{'knots': 3085, 'segments': 2258, 'flights_ended_at_next_event': 991, 'flights_cut_short': 24, 'touches_reached_late': 67, 'max_late_s': 0.264, 'extreme_flights_lengthened': 7}",91,0,11,0,131,4,55,39,0
3754175,1,0,1,0,13.33,11.64,0,0,2789,0,0,0,463,9.46,0,0,1,0,1,0,13.33,11.64,0,0,2789,0,0,0,463,9.46,0,0,8.38,7.5,9,4192157,30.0,0,0.0721,3343.0,5741.2,101,2571.6,163.3,78.7,68.6,4.01,0,10.25,7.5,12,4191617,30.1,0,0.0721,3342.5,5741.2,101,2571.6,163.3,77.7,68.0,4.01,0,"{'knots': 2418, 'segments': 1826, 'flights_ended_at_next_event': 776, 'flights_cut_short': 25, 'touches_reached_late': 62, 'max_late_s': 0.5, 'extreme_flights_lengthened': 4}",101,0,11,0,122,2,23,28,0
3754176,0,0,0,0,12.11,11.84,0,0,2624,0,0,0,479,9.36,0,0,0,0,0,0,12.11,11.87,0,0,2624,0,0,0,479,9.36,0,0,10.32,7.5,14,4133004,30.0,0,0.0539,3336.9,5782.2,105,2637.0,169.8,88.7,66.7,6.12,0,9.95,7.5,12,4133560,30.0,0,0.0539,3337.3,5782.2,105,2637.0,169.8,87.8,65.3,6.12,0,"{'knots': 2452, 'segments': 1854, 'flights_ended_at_next_event': 793, 'flights_cut_short': 23, 'touches_reached_late': 62, 'max_late_s': 0.279, 'extreme_flights_lengthened': 3}",106,0,11,0,135,1,16,40,0
3754177,0,0,0,0,12.43,12.09,0,0,3385,0,0,0,693,9.48,0,0,0,0,0,0,12.43,12.09,0,0,3385,0,0,0,693,9.48,0,0,10.41,7.5,43,5099710,30.3,0,0.0716,4018.6,5774.3,95,1959.9,153.6,137.4,86.7,3.53,0,10.02,7.5,28,5097048,30.3,0,0.0716,4016.6,5774.3,95,1959.9,153.6,135.5,86.8,3.53,0,"{'knots': 3126, 'segments': 2319, 'flights_ended_at_next_event': 959, 'flights_cut_short': 23, 'touches_reached_late': 72, 'max_late_s': 0.499, 'extreme_flights_lengthened': 4}",95,0,11,0,233,1,95,95,0
3754178,0,2,0,0,12.21,12.21,0,0,2656,0,0,0,518,10.76,1,99,0,2,0,0,12.21,12.21,0,0,2656,0,0,0,518,10.76,1,99,10.28,7.5,18,4914709,457.2,2,1.1109,3891.6,6133.1,103,2322.7,166.5,170.2,255.3,12.0,33,11.19,7.5,15,4915435,336.7,3,1.1109,3892.1,6133.1,103,2322.7,166.5,168.2,252.8,12.0,33,"{'knots': 2634, 'segments': 1989, 'flights_ended_at_next_event': 824, 'flights_cut_short': 28, 'touches_reached_late': 81, 'max_late_s': 0.5, 'extreme_flights_lengthened': 7}",106,0,11,0,188,1,54,63,0
3754179,0,0,0,0,12.06,11.76,0,0,2990,0,0,0,500,10.48,1,16,0,0,0,0,12.03,11.76,0,0,2990,0,0,0,500,10.48,1,16,9.05,7.5,19,4442393,30.3,0,0.0707,3523.9,5809.9,97,2450.1,156.8,92.5,85.0,7.71,0,9.23,7.5,15,4446683,30.2,0,0.0706,3527.2,5809.9,97,2450.1,156.8,92.2,81.5,7.71,0,"{'knots': 2763, 'segments': 2042, 'flights_ended_at_next_event': 912, 'flights_cut_short': 13, 'touches_reached_late': 61, 'max_late_s': 0.358, 'extreme_flights_lengthened': 5}",102,0,11,0,141,5,27,36,0
3754180,0,0,0,0,13.64,12.08,0,0,2983,0,0,0,629,9.33,0,0,0,0,0,0,12.42,12.06,0,0,2983,0,0,0,629,9.33,0,0,10.49,7.5,17,4425230,30.1,0,0.0639,3503.3,5880.3,88,2473.2,142.3,74.1,120.1,4.24,0,10.35,7.5,21,4428204,30.1,0,0.0639,3505.6,5880.3,88,2473.2,142.3,72.8,116.5,4.24,0,"{'knots': 2758, 'segments': 2040, 'flights_ended_at_next_event': 879, 'flights_cut_short': 22, 'touches_reached_late': 57, 'max_late_s': 0.747, 'extreme_flights_lengthened': 1}",89,0,11,0,153,0,39,36,0
3754181,0,0,0,0,11.94,11.89,0,0,2604,0,0,0,449,9.48,0,0,0,0,0,0,11.94,11.8,0,0,2604,0,0,0,449,9.48,0,0,9.3,7.5,16,4355420,30.0,0,0.0404,3477.0,5713.1,107,2360.0,173.0,55.3,104.3,3.0,0,9.09,7.5,12,4361491,30.1,0,0.0404,3481.6,5713.1,107,2360.0,173.0,54.9,99.4,3.0,0,"{'knots': 2559, 'segments': 1904, 'flights_ended_at_next_event': 821, 'flights_cut_short': 14, 'touches_reached_late': 64, 'max_late_s': 0.226, 'extreme_flights_lengthened': 2}",108,0,11,0,105,0,30,31,0
3754182,0,0,0,0,12.12,11.69,0,0,2992,0,0,0,621,8.94,0,0,0,0,0,0,12.12,11.67,0,0,2992,0,0,0,621,8.94,0,0,11.33,7.5,24,4951650,42.2,3,0.064,3899.9,5718.5,91,1928.1,147.1,81.4,118.9,12.0,19,11.33,7.5,20,4956930,41.6,2,0.064,3903.9,5718.5,91,1928.1,147.1,79.5,113.1,12.0,19,"{'knots': 3102, 'segments': 2259, 'flights_ended_at_next_event': 1037, 'flights_cut_short': 27, 'touches_reached_late': 56, 'max_late_s': 0.184, 'extreme_flights_lengthened': 1}",91,0,11,0,141,1,33,42,0
3754183,1,1,1,0,12.03,11.97,0,0,2899,0,0,0,568,9.35,0,0,1,1,1,0,12.03,11.97,0,0,2899,0,0,0,568,9.35,0,0,9.63,7.5,14,4633266,102.2,17,0.1705,3647.3,5753.9,84,2224.8,135.8,88.9,106.5,12.0,39,10.17,7.5,14,4635928,102.3,17,0.1705,3649.3,5753.9,84,2224.8,135.8,87.5,103.0,12.0,39,"{'knots': 2905, 'segments': 2159, 'flights_ended_at_next_event': 974, 'flights_cut_short': 21, 'touches_reached_late': 60, 'max_late_s': 0.491, 'extreme_flights_lengthened': 1}",84,0,11,0,163,0,28,33,0
3754184,0,0,0,0,12.3,11.62,0,0,3139,0,0,0,711,9.38,0,0,0,0,0,0,12.3,11.62,0,0,3139,0,0,0,711,9.38,0,0,9.85,7.5,16,4996442,30.1,0,0.0566,3919.2,5832.9,82,2015.1,132.6,97.9,129.0,6.02,0,11.1,7.5,18,4997696,30.1,0,0.0566,3920.1,5832.9,82,2015.1,132.6,96.4,126.6,6.02,0,"{'knots': 3183, 'segments': 2327, 'flights_ended_at_next_event': 1032, 'flights_cut_short': 16, 'touches_reached_late': 66, 'max_late_s': 0.224, 'extreme_flights_lengthened': 3}",83,0,11,0,162,1,28,55,0
3754185,0,1,0,0,13.24,13.24,0,0,2783,0,0,0,530,9.31,0,0,0,1,0,0,13.24,13.24,0,0,2783,0,0,0,530,9.31,0,0,9.56,7.5,13,4509912,30.3,1,0.0641,3597.9,5761.1,111,2242.8,179.5,40.7,140.6,4.01,0,9.91,7.5,10,4516820,30.0,0,0.0641,3603.2,5761.1,111,2242.8,179.5,40.5,135.1,4.01,0,"{'knots': 2800, 'segments': 2060, 'flights_ended_at_next_event': 969, 'flights_cut_short': 16, 'touches_reached_late': 56, 'max_late_s': 0.234, 'extreme_flights_lengthened': 0}",113,0,11,0,100,2,16,15,0
3754186,0,2,0,0,12.07,12.07,0,0,2683,0,0,0,598,9.46,0,0,0,2,0,0,12.07,12.07,0,0,2683,0,0,0,598,9.46,0,0,8.9,7.5,15,4635994,30.1,0,0.0509,3670.6,5601.7,97,2045.8,156.8,78.0,120.0,6.02,0,9.34,7.5,13,4640966,30.1,0,0.0509,3674.4,5601.7,97,2045.8,156.8,77.0,115.3,6.02,0,"{'knots': 2847, 'segments': 2095, 'flights_ended_at_next_event': 930, 'flights_cut_short': 17, 'touches_reached_late': 67, 'max_late_s': 0.5, 'extreme_flights_lengthened': 3}",100,0,11,0,152,0,37,35,0
3754187,0,1,0,0,12.19,11.93,0,0,2896,0,0,0,552,9.42,0,0,0,1,0,0,12.19,11.88,0,0,2896,0,0,0,552,9.42,0,0,10.89,7.5,25,4447586,30.3,1,0.0647,3537.7,5652.7,103,2276.1,166.5,80.4,85.8,4.24,0,10.87,7.5,13,4450402,30.4,1,0.0647,3539.8,5652.7,103,2276.1,166.5,79.0,82.2,4.24,0,"{'knots': 2764, 'segments': 2024, 'flights_ended_at_next_event': 869, 'flights_cut_short': 12, 'touches_reached_late': 60, 'max_late_s': 0.148, 'extreme_flights_lengthened': 1}",103,0,11,0,116,4,46,43,0
3754188,0,0,0,0,12.08,11.92,0,0,2732,0,0,0,518,9.19,0,0,0,0,0,0,11.97,11.9,0,0,2732,0,0,0,518,9.19,0,0,11.11,7.5,16,4235990,30.0,0,0.0566,3393.7,5705.7,113,2453.9,182.7,53.1,93.8,4.39,0,9.5,7.5,6,4241072,30.0,0,0.0566,3397.6,5705.7,113,2453.9,182.7,53.0,89.9,4.39,0,"{'knots': 2686, 'segments': 2005, 'flights_ended_at_next_event': 851, 'flights_cut_short': 28, 'touches_reached_late': 69, 'max_late_s': 0.402, 'extreme_flights_lengthened': 0}",114,0,11,0,97,0,27,20,0
3754189,0,0,0,0,11.98,11.88,0,0,2820,0,0,0,562,9.64,1,3,0,0,0,0,11.98,11.88,0,0,2820,0,0,0,562,9.64,1,3,10.15,7.5,15,4612894,30.0,0,0.0555,3658.0,5652.3,100,2121.0,161.7,64.7,99.7,6.36,0,10.41,7.5,19,4618988,30.0,0,0.0555,3662.6,5652.3,100,2121.0,161.7,64.4,94.7,6.36,0,"{'knots': 2814, 'segments': 2070, 'flights_ended_at_next_event': 928, 'flights_cut_short': 22, 'touches_reached_late': 62, 'max_late_s': 0.843, 'extreme_flights_lengthened': 2}",102,0,11,0,144,2,44,35,0
3754190,0,1,0,0,14.23,14.23,0,0,2570,0,0,0,554,9.45,0,0,0,0,0,0,14.32,14.32,0,0,2570,0,0,0,554,9.45,0,0,9.52,7.5,25,4254052,462.6,3,0.5556,3391.1,5835.6,103,2616.6,166.5,113.4,107.8,12.0,31,8.94,7.5,27,4256802,462.6,2,0.5556,3393.1,5835.6,103,2616.6,166.5,112.2,104.6,12.0,31,"{'knots': 2506, 'segments': 1870, 'flights_ended_at_next_event': 780, 'flights_cut_short': 27, 'touches_reached_late': 65, 'max_late_s': 1.728, 'extreme_flights_lengthened': 3}",104,0,11,0,166,2,46,45,0
3754191,0,0,0,0,12.07,11.6,0,0,3186,0,0,0,721,9.22,0,0,0,0,0,0,12.12,11.92,0,0,3186,0,0,0,721,9.22,0,0,10.03,7.5,28,5005206,30.1,0,0.0651,3958.1,5719.7,86,1898.8,139.0,85.8,87.7,10.0,0,9.85,7.5,26,5007931,30.0,0,0.0651,3960.1,5719.7,86,1898.8,139.0,84.8,84.6,10.0,0,"{'knots': 3222, 'segments': 2360, 'flights_ended_at_next_event': 1053, 'flights_cut_short': 26, 'touches_reached_late': 75, 'max_late_s': 0.086, 'extreme_flights_lengthened': 2}",87,0,11,0,180,3,44,48,0
3754192,0,1,0,0,12.81,11.86,0,0,2729,0,0,0,574,10.61,2,4,0,0,0,0,12.24,11.94,0,0,2729,0,0,0,574,10.61,2,4,10.47,7.5,21,4465648,30.1,0,0.057,3544.8,5766.0,99,2406.2,160.1,103.4,78.4,12.0,25,10.87,7.5,26,4467254,30.1,0,0.057,3546.0,5766.0,99,2406.2,160.1,101.8,75.6,12.0,25,"{'knots': 2718, 'segments': 2008, 'flights_ended_at_next_event': 870, 'flights_cut_short': 21, 'touches_reached_late': 55, 'max_late_s': 0.217, 'extreme_flights_lengthened': 5}",99,0,11,0,164,3,57,55,0
3754193,0,0,0,0,14.27,12.0,0,0,2929,0,0,0,658,9.43,0,0,0,0,0,0,14.27,12.0,0,0,2929,0,0,0,658,9.43,0,0,10.12,7.5,23,4820816,31.1,1,0.051,3805.7,5779.3,94,2123.4,152.0,92.7,94.7,5.66,0,9.67,7.5,23,4828406,31.1,1,0.051,3811.5,5779.3,94,2123.4,152.0,93.0,89.2,5.66,0,"{'knots': 3197, 'segments': 2345, 'flights_ended_at_next_event': 1083, 'flights_cut_short': 11, 'touches_reached_late': 45, 'max_late_s': 0.26, 'extreme_flights_lengthened': 1}",95,0,11,0,185,2,54,51,0
3754194,0,0,0,0,12.0,12.0,0,0,2900,0,0,0,702,9.35,0,0,0,0,0,0,12.01,12.01,0,0,2900,0,0,0,702,9.35,0,0,9.87,7.5,22,4919662,30.1,0,0.0583,3852.8,5824.9,77,2032.3,124.5,69.8,134.0,6.36,0,9.79,7.5,17,4922830,30.1,0,0.0582,3855.2,5824.9,77,2032.3,124.5,67.9,129.7,6.36,0,"{'knots': 2967, 'segments': 2140, 'flights_ended_at_next_event': 937, 'flights_cut_short': 15, 'touches_reached_late': 45, 'max_late_s': 0.17, 'extreme_flights_lengthened': 3}",78,0,11,0,92,2,27,26,0
3754195,0,0,0,0,13.43,12.06,0,0,2562,0,0,0,449,9.19,0,0,0,0,0,0,13.42,12.06,0,0,2562,0,0,0,449,9.19,0,0,9.32,7.5,12,3961034,30.4,1,0.064,3160.9,5818.6,98,2791.4,158.4,70.1,94.9,12.0,18,8.85,7.5,12,3965016,30.4,1,0.064,3163.9,5818.6,98,2791.4,158.4,70.2,91.9,12.0,18,"{'knots': 2384, 'segments': 1780, 'flights_ended_at_next_event': 755, 'flights_cut_short': 16, 'touches_reached_late': 67, 'max_late_s': 0.247, 'extreme_flights_lengthened': 3}",99,0,11,0,130,2,24,38,0
3754196,0,1,0,0,12.5,11.62,0,0,2962,0,0,0,606,8.96,0,0,0,1,0,0,12.5,11.45,0,0,2962,0,0,0,606,8.96,0,0,10.31,7.5,22,4841466,30.0,0,0.0708,3838.7,5983.1,100,2328.1,161.7,91.5,69.4,4.24,0,8.82,7.5,22,4845803,30.0,0,0.0708,3842.0,5983.1,100,2328.1,161.7,90.5,65.1,4.24,0,"{'knots': 2885, 'segments': 2165, 'flights_ended_at_next_event': 936, 'flights_cut_short': 23, 'touches_reached_late': 74, 'max_late_s': 0.5, 'extreme_flights_lengthened': 4}",100,0,11,0,186,0,21,56,0
3754197,0,1,0,0,12.69,11.82,0,0,3278,0,0,0,637,9.34,0,0,0,0,0,0,12.69,11.87,0,0,3278,0,0,0,637,9.34,0,0,10.84,7.5,34,4759369,30.2,0,0.0629,3785.3,5723.1,110,2157.3,177.8,112.6,70.8,6.02,0,10.22,7.5,27,4762867,30.3,0,0.0629,3788.0,5723.1,110,2157.3,177.8,112.0,67.6,6.02,0,"{'knots': 3026, 'segments': 2275, 'flights_ended_at_next_event': 947, 'flights_cut_short': 39, 'touches_reached_late': 89, 'max_late_s': 0.311, 'extreme_flights_lengthened': 6}",112,0,11,0,158,1,43,61,0
3754198,0,0,0,0,12.27,11.11,0,0,3080,0,0,0,640,9.53,0,0,0,0,0,0,12.22,11.08,0,0,3080,0,0,0,640,9.53,0,0,9.64,7.5,28,4633706,30.2,0,0.0566,3706.4,5712.1,120,2173.2,194.0,83.2,109.6,11.02,0,11.15,7.5,22,4632804,30.4,1,0.0566,3705.8,5712.1,120,2173.2,194.0,82.2,109.3,11.02,0,"{'knots': 3018, 'segments': 2201, 'flights_ended_at_next_event': 917, 'flights_cut_short': 22, 'touches_reached_late': 81, 'max_late_s': 0.247, 'extreme_flights_lengthened': 1}",121,0,11,0,89,0,32,33,0
3754199,0,1,0,0,12.57,12.03,0,0,2681,0,0,0,499,9.49,0,0,0,1,0,0,12.59,12.03,0,0,2681,0,0,0,499,9.49,0,0,10.14,7.5,20,4229581,137.0,2,0.4229,3367.4,6005.3,99,2810.0,160.1,95.2,83.1,12.0,29,9.73,7.5,16,4232663,186.8,2,0.4229,3369.8,6005.3,99,2810.0,160.1,94.1,79.6,12.0,29,"{'knots': 2564, 'segments': 1907, 'flights_ended_at_next_event': 781, 'flights_cut_short': 14, 'touches_reached_late': 59, 'max_late_s': 0.381, 'extreme_flights_lengthened': 0}",101,0,11,0,151,2,64,44,0
3754200,0,0,0,0,12.02,11.82,0,0,2757,0,0,0,494,9.38,0,0,0,0,0,0,12.02,11.82,0,0,2757,0,0,0,494,9.38,0,0,9.43,7.5,16,4446222,941.6,52,2.1913,3549.7,5823.3,111,2443.0,179.5,101.9,111.8,12.0,55,10.0,7.5,17,4448290,1022.5,51,2.1913,3551.3,5823.3,111,2443.0,179.5,100.9,109.2,12.0,55,"{'knots': 2731, 'segments': 2036, 'flights_ended_at_next_event': 844, 'flights_cut_short': 30, 'touches_reached_late': 82, 'max_late_s': 0.121, 'extreme_flights_lengthened': 4}",111,0,11,0,135,1,38,41,0
3754201,0,0,0,0,13.71,13.71,0,0,3201,0,0,0,605,9.42,0,0,0,0,0,0,13.7,13.7,0,0,3201,0,0,0,605,9.42,0,0,9.98,7.5,24,4891106,92.9,5,0.1794,3880.2,5825.7,107,2082.5,173.0,133.9,169.8,12.0,44,9.45,7.5,26,4892426,105.4,5,0.1794,3881.2,5825.7,107,2082.5,173.0,133.2,168.1,12.0,44,"{'knots': 2878, 'segments': 2168, 'flights_ended_at_next_event': 911, 'flights_cut_short': 22, 'touches_reached_late': 84, 'max_late_s': 0.5, 'extreme_flights_lengthened': 4}",107,0,11,0,210,4,50,47,0
3754202,0,1,0,0,11.99,11.79,0,0,2942,0,0,0,643,9.42,0,0,0,1,0,0,11.98,11.79,0,0,2942,0,0,0,643,9.42,0,0,9.8,7.5,17,4779346,30.0,0,0.0641,3785.7,5672.5,101,2012.7,163.3,66.4,103.7,3.59,0,10.63,7.5,19,4783834,30.0,0,0.0641,3789.1,5672.5,101,2012.7,163.3,66.1,99.9,3.59,0,"{'knots': 2942, 'segments': 2145, 'flights_ended_at_next_event': 962, 'flights_cut_short': 20, 'touches_reached_late': 47, 'max_late_s': 0.198, 'extreme_flights_lengthened': 0}",101,0,11,0,146,1,39,39,0
3754203,0,1,0,0,12.65,11.28,0,0,2598,0,0,0,518,9.34,0,0,0,1,0,0,12.0,11.39,0,0,2598,0,0,0,518,9.34,0,0,10.32,7.5,15,4489644,39.6,35,0.0564,3581.6,5928.4,108,2528.9,174.6,93.2,85.6,12.0,18,9.67,7.5,12,4490433,39.6,36,0.0564,3582.2,5928.4,108,2528.9,174.6,91.1,83.0,12.0,18,"{'knots': 2679, 'segments': 2016, 'flights_ended_at_next_event': 877, 'flights_cut_short': 35, 'touches_reached_late': 78, 'max_late_s': 0.5, 'extreme_flights_lengthened': 5}",109,0,11,0,151,0,30,49,0
3754204,1,2,1,0,12.03,11.47,0,0,2791,0,0,0,618,9.41,0,0,1,2,1,0,12.03,11.83,0,0,2791,0,0,0,618,9.41,0,0,10.62,7.5,21,4643430,30.0,0,0.0711,3671.3,5709.3,94,2126.4,152.0,59.9,123.3,4.37,0,11.26,7.5,11,4650866,30.0,0,0.0711,3677.0,5709.3,94,2126.4,152.0,59.1,116.9,4.37,0,"{'knots': 2917, 'segments': 2100, 'flights_ended_at_next_event': 946, 'flights_cut_short': 11, 'touches_reached_late': 65, 'max_late_s': 0.5, 'extreme_flights_lengthened': 1}",94,0,11,0,112,2,21,34,0
3754205,0,0,0,0,12.2,11.41,0,0,3201,0,0,0,779,9.45,0,0,0,1,0,0,12.2,11.3,0,0,3201,0,0,0,779,9.45,0,0,10.47,7.5,32,4890234,30.0,0,0.0704,3997.5,5720.1,89,1878.6,143.9,98.6,86.5,12.0,11,9.66,7.5,17,4889432,30.0,0,0.0704,3996.9,5720.1,89,1878.6,143.9,96.0,84.5,12.0,11,"{'knots': 3480, 'segments': 2489, 'flights_ended_at_next_event': 1109, 'flights_cut_short': 17, 'touches_reached_late': 53, 'max_late_s': 0.325, 'extreme_flights_lengthened': 1}",90,0,11,0,160,0,49,38,0
3754206,0,0,0,0,12.02,11.79,0,0,3068,0,0,0,649,9.54,0,0,0,0,0,0,12.06,11.79,0,0,3068,0,0,0,649,9.54,0,0,11.24,7.5,28,4622860,37.9,17,0.0643,3663.9,5809.2,99,2340.3,160.1,108.8,73.9,12.0,17,11.34,7.5,27,4626578,37.9,17,0.0643,3666.7,5809.2,99,2340.3,160.1,107.7,69.9,12.0,17,"{'knots': 2982, 'segments': 2247, 'flights_ended_at_next_event': 964, 'flights_cut_short': 20, 'touches_reached_late': 73, 'max_late_s': 0.368, 'extreme_flights_lengthened': 1}",100,0,11,0,201,2,34,56,0
3754207,0,0,0,0,12.61,12.57,0,0,2958,0,0,0,589,9.4,0,0,0,0,0,0,12.65,11.99,0,0,2958,0,0,0,589,9.4,0,0,8.75,7.5,21,4679488,30.0,0,0.0592,3697.0,5810.8,93,2255.5,150.4,88.7,97.2,8.5,0,9.82,7.5,15,4681358,30.0,0,0.0592,3698.4,5810.8,93,2255.5,150.4,86.3,93.4,8.5,0,"{'knots': 2918, 'segments': 2179, 'flights_ended_at_next_event': 968, 'flights_cut_short': 24, 'touches_reached_late': 60, 'max_late_s': 0.5, 'extreme_flights_lengthened': 2}",95,0,11,0,157,1,33,46,0
3754208,0,0,0,0,12.48,11.85,0,0,3181,0,0,0,603,9.19,0,0,0,0,0,0,12.48,11.64,0,0,3181,0,0,0,603,9.19,0,0,10.45,7.5,42,4804734,30.1,0,0.0644,3809.9,5766.1,104,2125.3,168.1,106.0,105.0,4.97,0,10.26,7.5,37,4809948,30.2,0,0.0644,3813.8,5766.1,104,2125.3,168.1,106.3,101.3,4.97,0,"{'knots': 3028, 'segments': 2272, 'flights_ended_at_next_event': 987, 'flights_cut_short': 26, 'touches_reached_late': 89, 'max_late_s': 0.5, 'extreme_flights_lengthened': 1}",107,0,11,0,179,2,63,53,0
3754209,0,2,0,0,12.84,12.84,0,0,2959,0,0,0,528,9.51,0,0,0,2,0,0,11.99,11.96,0,0,2959,0,0,0,528,9.51,0,0,9.67,7.5,19,4263908,520.8,21,0.0593,3411.6,5717.8,111,2556.8,179.5,136.7,65.6,12.0,50,9.73,7.5,18,4264458,445.1,20,0.0593,3412.0,5717.8,111,2556.8,179.5,136.0,64.5,12.0,50,"{'knots': 2725, 'segments': 2100, 'flights_ended_at_next_event': 875, 'flights_cut_short': 29, 'touches_reached_late': 91, 'max_late_s': 0.5, 'extreme_flights_lengthened': 7}",112,0,11,0,205,1,50,44,0
3754210,0,0,0,0,12.18,12.18,0,0,2957,0,0,0,572,9.3,0,0,0,0,0,0,12.18,12.18,0,0,2957,0,0,0,572,9.3,0,0,11.93,7.5,19,4608019,30.1,0,0.0584,3657.6,5919.3,100,2390.6,161.7,84.4,117.1,4.01,0,10.98,7.5,11,4610648,30.1,0,0.0584,3659.6,5919.3,100,2390.6,161.7,82.4,113.1,4.01,0,"{'knots': 2811, 'segments': 2082, 'flights_ended_at_next_event': 904, 'flights_cut_short': 20, 'touches_reached_late': 67, 'max_late_s': 0.458, 'extreme_flights_lengthened': 2}",100,0,11,0,157,2,25,35,0
3754211,0,0,0,0,13.7,13.7,0,0,2841,0,0,0,544,9.24,0,0,0,0,0,0,12.06,11.59,0,0,2841,0,0,0,544,9.24,0,0,9.52,7.5,18,4394494,30.0,0,0.067,3503.0,5755.6,106,2399.3,171.4,73.9,98.5,3.0,0,10.41,7.5,21,4396820,30.1,0,0.067,3504.8,5755.6,106,2399.3,171.4,72.5,95.4,3.0,0,"{'knots': 2803, 'segments': 2076, 'flights_ended_at_next_event': 890, 'flights_cut_short': 22, 'touches_reached_late': 88, 'max_late_s': 0.354, 'extreme_flights_lengthened': 4}",107,0,11,0,154,1,32,41,0
3754212,0,0,0,0,12.99,12.02,0,0,2864,0,0,0,688,9.47,0,0,0,0,0,0,12.99,11.95,0,0,2864,0,0,0,688,9.47,0,0,9.4,7.5,20,4815470,30.4,1,0.0643,3790.2,5777.5,87,2073.2,140.7,73.0,127.6,3.23,0,9.74,7.5,13,4820486,30.5,1,0.0643,3794.0,5777.5,87,2073.2,140.7,71.9,122.7,3.23,0,"{'knots': 3051, 'segments': 2215, 'flights_ended_at_next_event': 993, 'flights_cut_short': 11, 'touches_reached_late': 62, 'max_late_s': 0.098, 'extreme_flights_lengthened': 2}",87,0,11,0,96,2,32,27,0
3754213,1,0,0,1,12.18,12.18,0,0,2739,0,0,0,581,9.51,0,0,1,0,0,1,12.18,12.18,0,0,2739,0,0,0,581,9.51,0,0,9.0,7.5,16,4397670,30.0,0,0.0501,3535.6,5914.7,95,2489.3,153.6,45.7,89.0,2.63,0,9.45,7.5,15,4403001,30.0,0,0.0501,3539.7,5914.7,95,2489.3,153.6,45.3,84.5,2.63,0,"{'knots': 2824, 'segments': 2036, 'flights_ended_at_next_event': 903, 'flights_cut_short': 15, 'touches_reached_late': 49, 'max_late_s': 0.084, 'extreme_flights_lengthened': 0}",97,0,11,0,91,0,29,31,0
3754214,0,1,0,0,12.25,11.9,0,0,3146,0,0,0,776,9.45,0,0,0,2,0,0,12.25,11.8,0,0,3146,0,0,0,776,9.45,0,0,10.07,7.5,40,4792963,30.0,0,0.071,3751.9,5716.7,74,2107.7,119.6,95.4,71.9,6.36,0,9.89,7.5,27,4793469,30.3,0,0.071,3752.3,5716.7,74,2107.7,119.6,94.1,70.2,6.36,0,"{'knots': 3448, 'segments': 2463, 'flights_ended_at_next_event': 1074, 'flights_cut_short': 23, 'touches_reached_late': 58, 'max_late_s': 0.374, 'extreme_flights_lengthened': 3}",74,0,11,0,200,1,130,92,0
3754215,0,4,0,0,12.66,12.02,0,0,2879,0,0,0,563,9.5,0,0,0,4,0,0,12.39,12.02,0,0,2879,0,0,0,563,9.5,0,0,12.52,7.5,20,4665188,1110.5,1,1.8508,3681.3,5722.6,90,2249.8,145.5,138.8,75.8,12.0,33,10.75,7.5,24,4667542,1004.2,2,1.8508,3683.1,5722.6,90,2249.8,145.5,138.2,73.5,12.0,33,"{'knots': 2770, 'segments': 2113, 'flights_ended_at_next_event': 872, 'flights_cut_short': 26, 'touches_reached_late': 72, 'max_late_s': 0.24, 'extreme_flights_lengthened': 6}",93,0,11,0,212,2,55,82,0
3754216,0,2,0,0,12.1,11.77,0,0,3400,0,0,0,693,9.41,0,0,0,2,0,0,12.12,11.75,0,0,3400,0,0,0,693,9.41,0,0,10.35,7.5,19,5201620,43.0,2,0.072,4102.9,5865.9,99,1978.1,160.1,154.4,99.3,12.0,19,9.78,7.5,16,5206043,48.0,1,0.0721,4106.2,5865.9,99,1978.1,160.1,154.4,96.0,12.0,19,"{'knots': 3226, 'segments': 2407, 'flights_ended_at_next_event': 1058, 'flights_cut_short': 26, 'touches_reached_late': 63, 'max_late_s': 0.181, 'extreme_flights_lengthened': 1}",101,0,11,0,219,3,47,73,0
3754217,0,0,0,0,12.13,11.94,0,0,3161,0,0,0,722,9.39,0,0,0,0,0,0,12.02,11.96,0,0,3161,0,0,0,722,9.39,0,0,9.9,7.5,23,4928087,30.1,0,0.064,3992.6,5956.5,84,2008.4,135.8,77.2,168.6,5.94,0,9.78,7.5,22,4930627,30.1,0,0.064,3994.5,5956.5,84,2008.4,135.8,75.3,164.6,5.94,0,"{'knots': 3190, 'segments': 2298, 'flights_ended_at_next_event': 1030, 'flights_cut_short': 17, 'touches_reached_late': 57, 'max_late_s': 0.5, 'extreme_flights_lengthened': 0}",84,0,11,0,157,1,31,45,0
3754218,0,1,0,0,13.64,12.04,0,0,2717,0,0,0,475,9.21,0,0,0,1,0,0,13.64,12.04,0,0,2717,0,0,0,475,9.21,0,0,9.85,7.5,14,4200548,507.2,1,0.8615,3362.0,5751.7,110,2576.7,177.8,91.8,82.6,12.0,31,9.89,7.5,12,4203914,447.7,2,0.8615,3364.5,5751.7,110,2576.7,177.8,91.6,79.7,12.0,31,"{'knots': 2494, 'segments': 1903, 'flights_ended_at_next_event': 799, 'flights_cut_short': 29, 'touches_reached_late': 65, 'max_late_s': 0.449, 'extreme_flights_lengthened': 1}",112,0,11,0,155,3,28,50,0
3754219,0,1,0,0,13.56,11.63,0,0,2594,0,0,0,620,8.95,0,0,0,1,0,0,13.56,11.56,0,0,2594,0,0,0,620,8.95,0,0,10.21,7.5,16,4335276,49.4,3,0.0512,3527.5,5903.4,92,2548.7,148.7,115.7,91.6,12.0,19,10.03,7.5,14,4337248,49.5,3,0.0512,3529.0,5903.4,92,2548.7,148.7,114.5,88.8,12.0,19,"{'knots': 2673, 'segments': 2026, 'flights_ended_at_next_event': 888, 'flights_cut_short': 17, 'touches_reached_late': 58, 'max_late_s': 0.5, 'extreme_flights_lengthened': 1}",92,0,11,0,214,3,53,63,0
3754220,0,1,0,0,13.15,12.03,0,0,3193,0,0,0,652,9.5,0,0,0,1,0,0,13.15,11.79,0,0,3193,0,0,0,652,9.5,0,0,9.92,7.5,27,4623042,30.0,0,0.0538,3709.8,5853.6,92,2334.9,148.7,116.3,73.9,8.86,0,9.54,7.5,18,4624408,30.0,0,0.0538,3710.8,5853.6,92,2334.9,148.7,115.5,72.1,8.86,0,"{'knots': 2964, 'segments': 2232, 'flights_ended_at_next_event': 963, 'flights_cut_short': 34, 'touches_reached_late': 73, 'max_late_s': 0.246, 'extreme_flights_lengthened': 1}",93,0,11,0,200,1,63,67,0
3754221,1,0,0,1,13.04,13.04,0,0,2995,0,0,0,653,9.48,0,0,1,0,0,1,13.04,13.04,0,0,2995,0,0,0,653,9.48,0,0,11.52,7.5,21,5116870,30.0,0,0.064,3997.3,5710.8,74,1755.9,119.6,76.7,153.9,4.01,0,11.02,7.5,19,5124592,30.1,0,0.064,4003.2,5710.8,74,1755.9,119.6,77.5,148.8,4.01,0,"{'knots': 3152, 'segments': 2311, 'flights_ended_at_next_event': 1044, 'flights_cut_short': 33, 'touches_reached_late': 63, 'max_late_s': 0.343, 'extreme_flights_lengthened': 1}",74,0,11,0,169,1,38,44,0
3754222,0,0,0,0,14.92,11.51,0,0,2976,0,0,0,594,9.34,0,0,0,0,0,0,14.92,11.28,0,0,2976,0,0,0,594,9.34,0,0,9.98,7.5,20,4409020,30.0,0,0.067,3515.0,5709.4,107,2361.6,173.0,74.9,80.8,4.24,0,10.07,7.5,15,4409416,30.1,0,0.067,3515.3,5709.4,107,2361.6,173.0,73.9,79.4,4.24,0,"{'knots': 2791, 'segments': 2035, 'flights_ended_at_next_event': 861, 'flights_cut_short': 18, 'touches_reached_late': 65, 'max_late_s': 0.355, 'extreme_flights_lengthened': 0}",110,0,11,0,127,3,37,36,0
3754223,0,0,0,0,12.0,11.99,0,0,2594,0,0,0,557,8.93,0,0,0,0,0,0,11.99,11.99,0,0,2594,0,0,0,557,8.93,0,0,12.33,7.5,12,4367352,106.2,1,0.0641,3463.8,5653.9,95,2320.5,153.6,75.3,98.5,12.0,27,8.71,7.5,10,4370696,104.6,1,0.064,3466.4,5653.9,95,2320.5,153.6,74.9,95.6,12.0,27,"{'knots': 2701, 'segments': 1976, 'flights_ended_at_next_event': 867, 'flights_cut_short': 19, 'touches_reached_late': 62, 'max_late_s': 0.499, 'extreme_flights_lengthened': 3}",95,0,11,0,84,2,18,23,0
3754224,0,0,0,0,12.03,11.89,0,0,3079,0,0,0,640,9.17,0,0,0,0,0,0,12.1,12.1,0,0,3079,0,0,0,640,9.17,0,0,9.77,7.5,16,4634366,30.1,0,0.0638,3675.9,5704.9,101,2199.4,163.3,95.6,88.5,5.99,0,9.72,7.5,21,4634630,30.1,0,0.0638,3676.1,5704.9,101,2199.4,163.3,94.3,87.0,5.99,0,"{'knots': 3003, 'segments': 2243, 'flights_ended_at_next_event': 917, 'flights_cut_short': 12, 'touches_reached_late': 79, 'max_late_s': 0.285, 'extreme_flights_lengthened': 1}",102,0,11,0,193,4,49,55,0
3754225,0,0,0,0,12.04,11.94,0,0,2841,0,0,0,600,9.46,0,0,0,0,0,0,12.18,12.0,0,0,2841,0,0,0,600,9.46,0,0,9.84,7.5,16,4882129,30.2,0,0.0651,3840.7,5704.2,87,1947.1,140.7,86.1,143.0,8.26,0,10.14,7.5,15,4884065,30.2,0,0.0651,3842.2,5704.2,87,1947.1,140.7,83.9,139.3,8.26,0,"{'knots': 2888, 'segments': 2133, 'flights_ended_at_next_event': 908, 'flights_cut_short': 10, 'touches_reached_late': 64, 'max_late_s': 0.187, 'extreme_flights_lengthened': 3}",90,0,11,0,122,1,34,34,0
3754226,0,3,0,0,12.02,12.02,0,0,2771,0,0,0,438,9.5,0,0,0,2,0,0,12.02,11.86,0,0,2771,0,0,0,438,9.5,0,0,9.02,7.5,11,4175533,30.0,0,0.0641,3349.5,5844.7,114,2658.3,184.3,65.3,86.4,3.0,0,8.5,7.5,9,4179141,30.0,0,0.0641,3352.3,5844.7,114,2658.3,184.3,64.6,83.0,3.0,0,"{'knots': 2555, 'segments': 1951, 'flights_ended_at_next_event': 840, 'flights_cut_short': 18, 'touches_reached_late': 66, 'max_late_s': 0.298, 'extreme_flights_lengthened': 4}",114,0,11,0,131,1,27,35,0
3754227,0,0,0,0,12.42,12.42,0,0,2610,0,0,0,488,9.48,0,0,0,0,0,0,12.42,12.42,0,0,2610,0,0,0,488,9.48,0,0,9.73,7.5,18,4021266,380.9,3,0.698,3271.0,5814.9,104,2719.9,168.1,103.1,95.2,12.0,31,9.47,7.5,17,4023859,288.3,3,0.698,3272.9,5814.9,104,2719.9,168.1,103.4,93.5,12.0,31,"{'knots': 2424, 'segments': 1874, 'flights_ended_at_next_event': 777, 'flights_cut_short': 18, 'touches_reached_late': 59, 'max_late_s': 0.237, 'extreme_flights_lengthened': 0}",105,0,11,0,192,1,45,62,0
3754228,0,0,0,0,12.38,11.84,0,0,3400,0,0,0,679,9.45,0,0,0,0,0,0,12.38,11.85,0,0,3400,0,0,0,679,9.45,0,0,9.57,7.5,31,4726649,982.7,5,2.3933,3746.1,5647.1,100,2133.1,161.7,135.4,64.9,12.0,34,10.26,7.5,34,4727915,1435.8,4,2.3933,3747.0,5647.1,100,2133.1,161.7,132.7,61.2,12.0,34,"{'knots': 3403, 'segments': 2468, 'flights_ended_at_next_event': 1070, 'flights_cut_short': 17, 'touches_reached_late': 69, 'max_late_s': 0.5, 'extreme_flights_lengthened': 1}",102,0,11,0,220,3,82,66,0
3754229,0,1,0,0,13.03,12.04,0,0,3334,0,0,0,656,9.41,0,0,0,1,0,0,13.03,12.0,0,0,3334,0,0,0,656,9.41,0,0,11.55,7.5,24,4871856,30.1,0,0.0583,3850.9,5679.9,98,1992.9,158.4,78.7,73.2,4.01,0,11.62,7.5,23,4875970,30.1,0,0.0583,3854.0,5679.9,98,1992.9,158.4,77.6,68.9,4.01,0,"{'knots': 3293, 'segments': 2377, 'flights_ended_at_next_event': 1035, 'flights_cut_short': 10, 'touches_reached_late': 64, 'max_late_s': 0.21, 'extreme_flights_lengthened': 2}",99,0,11,0,119,3,29,38,0
3754230,0,1,0,0,13.84,11.81,0,0,2981,0,0,0,611,9.49,0,0,0,1,0,0,13.21,11.81,0,0,2981,0,0,0,611,9.52,0,0,9.96,7.5,19,4673984,52.5,77,0.0447,3714.9,5768.1,106,2253.1,171.4,99.0,70.4,12.0,22,12.03,7.5,20,4674534,52.5,77,0.0446,3715.3,5768.1,106,2253.1,171.4,97.9,68.8,12.0,22,"{'knots': 3127, 'segments': 2285, 'flights_ended_at_next_event': 1001, 'flights_cut_short': 20, 'touches_reached_late': 66, 'max_late_s': 0.748, 'extreme_flights_lengthened': 0}",107,0,11,0,124,2,30,49,0
3754231,0,1,0,0,12.59,11.72,0,0,2896,0,0,0,437,9.42,0,0,0,1,0,0,12.59,11.72,0,0,2896,0,0,0,437,9.42,0,0,10.73,7.5,16,4436321,181.1,4,0.3289,3545.5,5789.7,113,2445.7,182.7,111.4,92.4,12.0,29,8.99,7.5,11,4438213,112.6,4,0.3289,3546.9,5789.7,113,2445.7,182.7,111.8,91.3,12.0,29,"{'knots': 2551, 'segments': 1930, 'flights_ended_at_next_event': 822, 'flights_cut_short': 25, 'touches_reached_late': 67, 'max_late_s': 0.276, 'extreme_flights_lengthened': 7}",114,0,11,0,146,2,22,47,0
3754232,0,0,0,0,13.18,11.99,0,0,2891,0,0,0,549,9.49,0,0,0,0,0,0,13.18,11.99,0,0,2891,0,0,0,549,9.49,0,0,9.38,7.5,29,4394940,30.1,0,0.0662,3492.9,5729.2,100,2415.8,161.7,111.0,93.1,6.84,0,9.26,7.5,24,4398988,30.1,0,0.0662,3496.0,5729.2,100,2415.8,161.7,110.6,89.7,6.84,0,"{'knots': 2799, 'segments': 2088, 'flights_ended_at_next_event': 840, 'flights_cut_short': 23, 'touches_reached_late': 80, 'max_late_s': 0.267, 'extreme_flights_lengthened': 4}",101,0,11,0,190,2,104,68,0
3754233,0,0,0,0,12.41,12.22,0,0,2903,0,0,0,666,9.49,0,0,0,0,0,0,12.42,12.06,0,0,2903,0,0,0,666,9.49,0,0,10.11,7.5,29,4849441,31.2,1,0.0511,3822.8,5910.3,91,2215.1,147.1,75.4,94.9,6.02,0,9.93,7.5,20,4854061,31.0,1,0.0511,3826.3,5910.3,91,2215.1,147.1,75.3,91.3,6.02,0,"{'knots': 3043, 'segments': 2205, 'flights_ended_at_next_event': 982, 'flights_cut_short': 13, 'touches_reached_late': 47, 'max_late_s': 0.108, 'extreme_flights_lengthened': 2}",93,0,11,0,146,4,48,50,0
3754234,0,0,0,0,11.9,11.76,0,0,2842,0,0,0,565,9.99,1,1,0,0,0,0,12.09,12.09,0,0,2842,0,0,0,565,9.99,1,1,9.74,7.5,22,4672470,30.0,0,0.0639,3701.5,5619.0,99,2070.6,160.1,70.5,77.4,4.24,0,9.87,7.5,18,4676826,30.0,0,0.064,3704.8,5619.0,99,2070.6,160.1,70.6,74.2,4.24,0,"{'knots': 3003, 'segments': 2173, 'flights_ended_at_next_event': 977, 'flights_cut_short': 17, 'touches_reached_late': 62, 'max_late_s': 0.065, 'extreme_flights_lengthened': 0}",100,0,11,0,121,1,37,29,0
3754235,0,0,0,0,12.08,11.82,0,0,2538,0,0,0,523,9.31,0,0,0,0,0,0,12.08,12.08,0,0,2538,0,0,0,523,9.31,0,0,10.27,7.5,17,4253343,635.8,10,1.0598,3397.6,5726.6,107,2576.1,173.0,153.2,79.0,12.0,68,9.84,7.5,15,4257767,426.1,11,1.0598,3400.9,5726.6,107,2576.1,173.0,151.3,73.8,12.0,68,"{'knots': 2488, 'segments': 1888, 'flights_ended_at_next_event': 757, 'flights_cut_short': 38, 'touches_reached_late': 87, 'max_late_s': 0.5, 'extreme_flights_lengthened': 5}",108,0,11,0,175,3,64,58,0
3754236,0,2,0,0,12.07,11.79,0,0,2777,0,0,0,510,8.64,0,0,0,2,0,0,11.99,11.97,0,0,2777,0,0,0,510,8.64,0,0,9.64,7.5,24,4195725,30.1,0,0.0638,3337.8,6032.1,97,2837.2,156.8,67.3,81.2,3.0,0,10.13,7.5,21,4197927,30.0,0,0.0638,3339.5,6032.1,97,2837.2,156.8,66.1,78.3,3.0,0,"{'knots': 2557, 'segments': 1928, 'flights_ended_at_next_event': 795, 'flights_cut_short': 20, 'touches_reached_late': 74, 'max_late_s': 0.368, 'extreme_flights_lengthened': 1}",97,0,11,0,162,3,38,53,0
3754237,0,1,0,0,12.31,11.55,0,0,2563,0,0,0,534,10.77,1,15,0,1,0,0,12.16,11.55,0,0,2563,0,0,0,534,10.77,1,15,10.28,7.5,24,4343020,30.1,0,0.0585,3460.1,5871.2,104,2550.8,168.1,83.7,112.2,6.02,0,10.31,7.5,16,4346584,30.0,0,0.0585,3462.8,5871.2,104,2550.8,168.1,81.9,107.7,6.02,0,"{'knots': 2612, 'segments': 1926, 'flights_ended_at_next_event': 860, 'flights_cut_short': 19, 'touches_reached_late': 64, 'max_late_s': 0.223, 'extreme_flights_lengthened': 6}",104,0,11,0,118,2,55,36,0
3754238,0,1,0,0,11.92,11.92,0,0,2932,0,0,0,596,9.35,0,0,0,1,0,0,12.04,11.85,0,0,2932,0,0,0,596,9.35,0,0,10.26,7.5,18,4800632,30.3,1,0.0573,3799.3,5862.3,99,2194.7,160.1,95.8,124.1,10.38,0,9.11,7.5,16,4805404,30.3,1,0.0575,3802.9,5862.3,99,2194.7,160.1,94.5,119.1,10.38,0,"{'knots': 2914, 'segments': 2181, 'flights_ended_at_next_event': 953, 'flights_cut_short': 21, 'touches_reached_late': 74, 'max_late_s': 1.545, 'extreme_flights_lengthened': 5}",100,0,11,0,145,1,22,36,0
3754239,0,0,0,0,12.03,11.79,0,0,2919,0,0,0,617,10.29,1,1,0,0,0,0,12.03,11.79,0,0,2919,0,0,0,617,10.29,1,1,9.78,7.5,31,4774858,30.0,0,0.0537,3782.3,5859.2,101,2237.0,163.3,110.0,113.1,9.59,0,10.55,7.5,26,4778818,30.0,0,0.0537,3785.3,5859.2,101,2237.0,163.3,109.6,109.7,9.59,0,"{'knots': 2966, 'segments': 2179, 'flights_ended_at_next_event': 898, 'flights_cut_short': 22, 'touches_reached_late': 66, 'max_late_s': 0.337, 'extreme_flights_lengthened': 3}",102,0,11,0,185,1,109,71,0
3754240,0,0,0,0,12.01,11.33,0,0,2993,0,0,0,695,9.4,0,0,0,0,0,0,12.01,11.18,0,0,2993,0,0,0,695,9.4,0,0,8.73,7.5,8,4726367,30.0,0,0.051,3729.9,5664.3,91,2032.4,147.1,50.2,99.1,6.36,0,8.27,7.5,5,4733561,30.0,0,0.051,3735.4,5664.3,91,2032.4,147.1,49.8,93.3,6.36,0,"{'knots': 3048, 'segments': 2181, 'flights_ended_at_next_event': 1008, 'flights_cut_short': 6, 'touches_reached_late': 39, 'max_late_s': 0.166, 'extreme_flights_lengthened': 0}",92,0,11,0,78,0,10,15,0
3754241,0,0,0,0,12.22,11.96,0,0,2994,0,0,0,627,9.24,0,0,0,0,0,0,12.03,11.96,0,0,2994,0,0,0,627,9.24,0,0,10.29,7.5,30,4714820,169.7,1,0.0829,3710.7,5759.4,85,2186.0,137.4,110.3,110.4,12.0,29,11.0,7.5,23,4715898,146.8,1,0.0829,3711.5,5759.4,85,2186.0,137.4,108.3,107.6,12.0,29,"{'knots': 3077, 'segments': 2243, 'flights_ended_at_next_event': 975, 'flights_cut_short': 13, 'touches_reached_late': 66, 'max_late_s': 0.295, 'extreme_flights_lengthened': 2}",85,0,11,0,163,0,74,46,0
3754242,0,0,0,0,12.76,12.76,0,0,3115,0,0,0,659,9.28,0,0,0,0,0,0,12.65,12.65,0,0,3115,0,0,0,659,9.28,0,0,10.42,7.5,22,5110556,60.3,25,0.0587,4020.3,5829.3,91,1961.7,147.1,101.1,95.4,12.0,22,9.38,7.5,21,5110336,60.3,25,0.0587,4020.2,5829.3,91,1961.7,147.1,97.0,91.4,12.0,22,"{'knots': 3279, 'segments': 2347, 'flights_ended_at_next_event': 1051, 'flights_cut_short': 18, 'touches_reached_late': 62, 'max_late_s': 0.5, 'extreme_flights_lengthened': 2}",92,0,11,0,177,3,69,56,0
3754243,0,0,0,0,12.82,11.85,0,0,2789,0,0,0,515,9.37,0,0,0,0,0,0,12.26,11.85,0,0,2789,0,0,0,515,9.37,0,0,10.06,7.5,18,4599518,30.0,0,0.0509,3649.5,5860.6,101,2324.6,163.3,74.0,123.7,9.72,0,10.79,7.5,14,4605502,30.0,0,0.0509,3654.0,5860.6,101,2324.6,163.3,73.4,118.6,9.72,0,"{'knots': 2741, 'segments': 2074, 'flights_ended_at_next_event': 907, 'flights_cut_short': 27, 'touches_reached_late': 66, 'max_late_s': 0.488, 'extreme_flights_lengthened': 1}",103,0,11,0,150,2,28,44,0
3754244,0,0,0,0,12.67,11.56,0,0,2775,0,0,0,496,9.25,0,0,0,0,0,0,12.67,11.81,0,0,2775,0,0,0,496,9.25,0,0,9.22,7.5,17,4245450,69.0,3,0.0641,3394.3,5919.8,109,2744.6,176.2,109.4,66.5,12.0,23,9.72,7.5,15,4248332,71.4,3,0.0641,3396.5,5919.8,109,2744.6,176.2,108.7,63.5,12.0,23,"{'knots': 2524, 'segments': 1992, 'flights_ended_at_next_event': 799, 'flights_cut_short': 55, 'touches_reached_late': 89, 'max_late_s': 0.5, 'extreme_flights_lengthened': 6}",111,0,11,0,163,2,31,49,0
3754245,0,1,0,0,12.07,11.91,0,0,2591,0,0,0,550,9.22,0,0,0,1,0,0,12.04,11.91,0,0,2591,0,0,0,550,9.22,0,0,10.86,7.5,19,4416566,39.1,1,0.0471,3499.5,5674.0,94,2295.9,152.0,70.9,101.5,12.0,17,9.13,7.5,17,4424112,39.1,2,0.0471,3505.2,5674.0,94,2295.9,152.0,70.6,95.5,12.0,17,"{'knots': 2608, 'segments': 1959, 'flights_ended_at_next_event': 845, 'flights_cut_short': 23, 'touches_reached_late': 76, 'max_late_s': 0.406, 'extreme_flights_lengthened': 1}",94,0,11,0,165,2,23,38,0
3754246,0,0,0,0,12.08,11.58,0,0,3257,0,0,0,810,9.18,0,0,0,0,0,0,12.08,11.81,0,0,3257,0,0,0,810,9.18,0,0,10.11,7.5,21,4975498,30.2,0,0.0708,3888.6,5588.2,73,1777.5,118.0,66.0,106.0,3.0,0,9.99,7.5,20,4977368,30.1,0,0.0708,3890.0,5588.2,73,1777.5,118.0,65.4,103.9,3.0,0,"{'knots': 3552, 'segments': 2521, 'flights_ended_at_next_event': 1176, 'flights_cut_short': 19, 'touches_reached_late': 59, 'max_late_s': 0.35, 'extreme_flights_lengthened': 1}",73,0,11,0,154,1,23,34,0
3754247,0,1,0,0,12.0,11.9,0,0,2988,0,0,0,590,9.38,0,0,0,1,0,0,12.09,11.92,0,0,2988,0,0,0,590,9.38,0,0,9.1,7.5,28,4952310,30.0,0,0.0565,3907.0,5828.7,95,1992.8,153.6,76.9,159.4,6.02,0,9.66,7.5,15,4950880,30.0,0,0.0565,3905.9,5828.7,95,1992.8,153.6,75.3,158.9,6.02,0,"{'knots': 2920, 'segments': 2168, 'flights_ended_at_next_event': 964, 'flights_cut_short': 25, 'touches_reached_late': 64, 'max_late_s': 0.5, 'extreme_flights_lengthened': 2}",95,0,11,0,159,0,21,44,0
3754248,0,1,0,0,12.01,11.53,0,0,2695,0,0,0,528,9.3,0,0,0,1,0,0,12.01,11.63,0,0,2695,0,0,0,528,9.3,0,0,8.9,7.5,15,4450358,30.0,0,0.064,3536.5,5699.8,101,2328.6,163.3,94.8,92.8,5.44,0,10.76,7.5,14,4453988,30.0,0,0.064,3539.3,5699.8,101,2328.6,163.3,94.1,89.3,5.44,0,"{'knots': 2814, 'segments': 2080, 'flights_ended_at_next_event': 905, 'flights_cut_short': 23, 'touches_reached_late': 64, 'max_late_s': 0.427, 'extreme_flights_lengthened': 0}",102,0,11,0,176,3,48,59,0
3754249,0,1,0,0,11.79,11.26,0,0,3464,0,0,0,836,9.26,0,0,0,1,0,0,11.94,11.25,0,0,3464,0,0,0,836,9.26,0,0,10.6,7.5,18,5303606,30.5,1,0.0584,4132.3,5647.5,70,1623.0,113.2,98.9,104.2,11.45,0,10.99,7.5,19,5308204,30.4,1,0.0584,4135.7,5647.5,70,1623.0,113.2,98.9,100.7,11.45,0,"{'knots': 3628, 'segments': 2619, 'flights_ended_at_next_event': 1188, 'flights_cut_short': 16, 'touches_reached_late': 67, 'max_late_s': 0.427, 'extreme_flights_lengthened': 3}",70,0,11,0,158,2,33,48,0
3754250,0,0,0,0,14.89,14.89,0,0,2999,0,0,0,563,9.24,0,0,0,0,0,0,14.89,14.89,0,0,2999,0,0,0,563,9.24,0,0,9.7,7.5,25,4635904,30.3,0,0.0707,3686.9,5838.5,107,2321.9,173.0,105.3,108.0,5.49,0,9.27,7.5,22,4637576,30.3,1,0.0707,3688.1,5838.5,107,2321.9,173.0,105.1,106.5,5.49,0,"{'knots': 2871, 'segments': 2203, 'flights_ended_at_next_event': 938, 'flights_cut_short': 18, 'touches_reached_late': 79, 'max_late_s': 0.266, 'extreme_flights_lengthened': 1}",108,0,11,0,221,1,67,81,0
3754251,0,0,0,0,12.12,11.89,0,0,3165,0,0,0,562,10.34,1,18,0,0,0,0,12.12,11.92,0,0,3165,0,0,0,562,10.34,1,18,9.9,7.5,22,4497988,30.1,0,0.0505,3574.2,5902.0,102,2496.2,164.9,108.4,104.9,8.42,0,10.25,7.5,19,4502036,30.3,1,0.0505,3577.3,5902.0,102,2496.2,164.9,106.8,100.2,8.42,0,"{'knots': 2712, 'segments': 2087, 'flights_ended_at_next_event': 851, 'flights_cut_short': 21, 'touches_reached_late': 79, 'max_late_s': 0.413, 'extreme_flights_lengthened': 2}",102,0,11,0,198,1,33,64,0
3754252,0,1,0,0,12.61,11.77,0,0,2872,0,0,0,574,9.17,0,0,0,1,0,0,12.42,11.77,0,0,2872,0,0,0,574,9.17,0,0,9.92,7.5,27,4679562,130.6,3,0.2772,3719.8,5840.2,106,2333.2,171.4,130.5,89.0,12.0,57,9.33,7.5,25,4679936,159.4,2,0.2772,3720.1,5840.2,106,2333.2,171.4,128.2,86.4,12.0,57,"{'knots': 2919, 'segments': 2115, 'flights_ended_at_next_event': 902, 'flights_cut_short': 13, 'touches_reached_late': 62, 'max_late_s': 0.5, 'extreme_flights_lengthened': 5}",107,0,11,0,134,0,69,54,0
3754253,0,0,0,0,12.29,11.87,0,0,3450,0,0,0,686,9.4,0,0,0,0,0,0,12.29,11.82,0,0,3450,0,0,0,686,9.4,0,0,9.34,7.5,25,5144810,37.8,16,0.0582,4046.3,5741.6,91,1883.5,147.1,123.2,82.1,12.0,18,9.2,7.5,21,5145206,37.8,16,0.0582,4046.6,5741.6,91,1883.5,147.1,122.5,81.1,12.0,18,"{'knots': 3295, 'segments': 2407, 'flights_ended_at_next_event': 1043, 'flights_cut_short': 18, 'touches_reached_late': 54, 'max_late_s': 0.29, 'extreme_flights_lengthened': 5}",92,0,11,0,168,3,38,48,0
3754254,0,0,0,0,13.15,12.81,0,0,3088,0,0,0,679,11.81,1,1,0,0,0,0,13.15,11.95,0,0,3088,0,0,0,679,11.81,1,1,9.65,7.5,18,5045436,30.0,0,0.067,3964.4,5708.6,87,1840.9,140.7,62.4,106.2,6.02,0,9.31,7.5,14,5050386,30.0,0,0.067,3968.2,5708.6,87,1840.9,140.7,60.8,100.9,6.02,0,"{'knots': 3187, 'segments': 2281, 'flights_ended_at_next_event': 1017, 'flights_cut_short': 15, 'touches_reached_late': 54, 'max_late_s': 0.13, 'extreme_flights_lengthened': 0}",88,0,11,0,110,0,30,33,0
3754255,0,0,0,0,12.5,11.49,0,0,3049,0,0,0,622,9.03,0,0,0,0,0,0,12.5,11.79,0,0,3049,0,0,0,622,9.03,0,0,10.03,7.5,15,4949396,65.4,4,0.0637,3889.0,6057.3,85,2228.5,137.4,108.8,185.9,12.0,42,9.96,7.5,14,4948804,66.1,4,0.0637,3888.5,6057.3,85,2228.5,137.4,107.4,185.0,12.0,42,"{'knots': 2925, 'segments': 2167, 'flights_ended_at_next_event': 956, 'flights_cut_short': 26, 'touches_reached_late': 68, 'max_late_s': 0.418, 'extreme_flights_lengthened': 5}",87,0,11,0,143,4,45,40,0
3754256,0,0,0,0,12.06,11.99,0,0,3047,0,0,0,691,9.34,0,0,0,0,0,0,12.02,12.02,0,0,3047,0,0,0,691,9.34,0,0,10.31,7.5,12,5072430,31.1,1,0.064,3983.3,5645.9,86,1740.4,139.0,60.7,121.8,5.66,0,11.32,7.5,13,5075598,31.5,1,0.064,3985.7,5645.9,86,1740.4,139.0,59.5,118.2,5.66,0,"{'knots': 3250, 'segments': 2321, 'flights_ended_at_next_event': 1041, 'flights_cut_short': 14, 'touches_reached_late': 67, 'max_late_s': 0.5, 'extreme_flights_lengthened': 1}",87,0,11,0,88,1,24,25,0
3754257,0,0,0,0,12.07,11.69,0,0,2761,0,0,0,525,9.25,0,0,0,0,0,0,12.02,11.69,0,0,2761,0,0,0,525,9.25,0,0,9.17,7.5,14,4459356,30.0,0,0.0721,3558.0,5985.6,110,2575.4,177.8,64.6,94.5,3.0,0,10.88,7.5,12,4459048,30.1,0,0.0721,3557.8,5985.6,110,2575.4,177.8,63.0,93.2,3.0,0,"{'knots': 2794, 'segments': 2059, 'flights_ended_at_next_event': 937, 'flights_cut_short': 14, 'touches_reached_late': 54, 'max_late_s': 0.236, 'extreme_flights_lengthened': 2}",111,0,11,0,128,1,27,36,0
3754258,0,0,0,0,11.97,11.75,0,0,2937,0,0,0,713,9.37,0,0,0,0,0,0,12.02,11.77,0,0,2937,0,0,0,713,9.37,0,0,11.02,7.5,19,4921145,30.1,0,0.0566,3868.1,5729.8,84,1931.7,135.8,59.8,125.5,3.0,0,10.78,7.5,12,4925185,30.2,0,0.0566,3871.1,5729.8,84,1931.7,135.8,59.0,121.6,3.0,0,"{'knots': 3156, 'segments': 2276, 'flights_ended_at_next_event': 1034, 'flights_cut_short': 21, 'touches_reached_late': 52, 'max_late_s': 0.195, 'extreme_flights_lengthened': 5}",87,0,11,0,135,2,33,37,0
3754259,0,0,0,0,12.42,11.44,0,0,3101,0,0,0,642,9.35,0,0,0,0,0,0,12.42,11.4,0,0,3101,0,0,0,642,9.35,0,0,9.71,7.5,20,4690488,30.0,0,0.0561,3720.1,5780.6,102,2215.6,164.9,74.2,84.0,4.24,0,10.2,7.5,14,4692138,30.0,0,0.0561,3721.3,5780.6,102,2215.6,164.9,72.3,80.8,4.24,0,"{'knots': 3035, 'segments': 2251, 'flights_ended_at_next_event': 1017, 'flights_cut_short': 10, 'touches_reached_late': 54, 'max_late_s': 0.188, 'extreme_flights_lengthened': 3}",103,0,11,0,159,1,39,48,0
3754260,0,0,0,0,13.42,11.72,0,0,3130,0,0,0,712,9.39,0,0,0,0,0,0,13.42,11.56,0,0,3130,0,0,0,712,9.39,0,0,10.79,7.5,20,4352040,30.2,0,0.0447,3447.3,5585.6,92,2304.9,148.7,71.6,53.7,4.01,0,10.02,7.5,22,4353646,30.2,0,0.0447,3448.5,5585.6,92,2304.9,148.7,71.3,52.2,4.01,0,"{'knots': 3002, 'segments': 2225, 'flights_ended_at_next_event': 954, 'flights_cut_short': 24, 'touches_reached_late': 81, 'max_late_s': 0.5, 'extreme_flights_lengthened': 1}",93,0,11,0,175,0,37,51,0
3754261,1,2,0,1,12.92,12.11,0,0,3285,0,0,0,659,11.45,1,32,1,1,0,1,12.79,12.11,0,0,3285,0,0,0,659,11.45,1,34,9.44,7.5,33,5000330,908.0,1,1.5434,4021.6,6061.3,98,2239.3,158.4,167.1,125.9,12.0,51,10.44,7.5,18,5001205,650.3,2,1.5434,4022.3,6061.3,98,2239.3,158.4,165.8,123.9,12.0,51,"{'knots': 3168, 'segments': 2378, 'flights_ended_at_next_event': 985, 'flights_cut_short': 35, 'touches_reached_late': 98, 'max_late_s': 0.5, 'extreme_flights_lengthened': 9}",101,0,11,0,192,2,49,60,0
3754262,1,2,0,1,12.42,12.35,0,0,3014,0,0,0,630,9.24,0,0,1,2,0,1,12.42,12.35,0,0,3014,0,0,0,630,9.24,0,0,11.09,7.5,31,4947712,40.2,2,0.0566,3921.5,5749.7,106,2015.8,171.4,104.1,87.8,3.0,0,10.24,7.5,20,4951254,40.9,1,0.0565,3924.1,5749.7,106,2015.8,171.4,102.9,84.0,3.0,0,"{'knots': 3029, 'segments': 2221, 'flights_ended_at_next_event': 971, 'flights_cut_short': 21, 'touches_reached_late': 67, 'max_late_s': 0.223, 'extreme_flights_lengthened': 8}",109,0,11,0,184,2,51,72,0
3754263,0,0,0,0,13.71,12.02,0,0,2760,0,0,0,520,9.02,0,0,0,0,0,0,13.71,12.02,0,0,2760,0,0,0,520,9.02,0,0,10.19,7.5,9,4795142,30.2,0,0.0641,3786.3,5668.2,94,1961.9,152.0,63.8,135.6,11.28,0,9.91,7.5,8,4803370,30.2,0,0.0641,3792.5,5668.2,94,1961.9,152.0,64.5,130.1,11.28,0,"{'knots': 2834, 'segments': 2090, 'flights_ended_at_next_event': 959, 'flights_cut_short': 32, 'touches_reached_late': 68, 'max_late_s': 0.161, 'extreme_flights_lengthened': 1}",96,0,11,0,118,0,7,34,0
3754264,0,0,0,0,11.99,11.98,0,0,3331,0,0,0,693,9.46,0,0,0,0,0,0,12.05,11.98,0,0,3331,0,0,0,693,9.46,0,0,10.08,7.5,44,5086839,42.4,5,0.0639,4002.4,5782.2,91,2025.7,147.1,186.8,87.7,12.0,19,10.25,7.5,40,5086905,42.6,6,0.0639,4002.4,5782.2,91,2025.7,147.1,186.6,87.4,12.0,19,"{'knots': 3371, 'segments': 2442, 'flights_ended_at_next_event': 1077, 'flights_cut_short': 20, 'touches_reached_late': 55, 'max_late_s': 0.5, 'extreme_flights_lengthened': 6}",91,0,11,0,266,4,153,104,0
3754265,0,2,0,0,12.14,11.53,0,0,2919,0,0,0,621,9.39,0,0,0,2,0,0,12.14,11.68,0,0,2919,0,0,0,621,9.39,0,0,9.52,7.5,13,4713587,30.0,0,0.0538,3763.7,5685.2,118,2103.1,190.8,88.8,98.0,6.37,0,9.51,7.5,14,4718889,30.0,0,0.0538,3767.7,5685.2,118,2103.1,190.8,88.7,93.9,6.37,0,"{'knots': 2911, 'segments': 2128, 'flights_ended_at_next_event': 905, 'flights_cut_short': 17, 'touches_reached_late': 70, 'max_late_s': 0.295, 'extreme_flights_lengthened': 1}",120,0,11,0,131,2,36,44,0
3754266,0,1,0,0,12.93,11.91,0,0,2660,0,0,0,538,10.79,1,39,0,1,0,0,12.02,12.0,0,0,2660,0,0,0,538,10.94,1,39,9.81,7.5,24,4121194,30.7,1,0.0541,3293.7,5828.5,105,2712.3,169.8,89.8,82.0,5.95,0,9.67,7.5,14,4123306,30.6,1,0.0541,3295.3,5828.5,105,2712.3,169.8,88.1,78.7,5.95,0,"{'knots': 2452, 'segments': 1848, 'flights_ended_at_next_event': 776, 'flights_cut_short': 17, 'touches_reached_late': 62, 'max_late_s': 0.5, 'extreme_flights_lengthened': 3}",108,0,11,0,156,4,52,48,0
3754267,0,0,0,0,11.96,11.85,0,0,2757,0,0,0,560,9.27,0,0,0,0,0,0,11.96,11.81,0,0,2757,0,0,0,560,9.27,0,0,9.94,7.5,17,4612594,43.9,1,0.0499,3647.9,5647.1,92,2139.6,148.7,77.9,86.2,12.0,25,10.04,7.5,13,4616602,30.1,0,0.0499,3650.9,5647.1,92,2139.6,148.7,77.1,82.4,12.0,25,"{'knots': 2757, 'segments': 2023, 'flights_ended_at_next_event': 884, 'flights_cut_short': 17, 'touches_reached_late': 67, 'max_late_s': 0.229, 'extreme_flights_lengthened': 1}",92,0,11,0,143,1,48,31,0
3754268,0,1,0,0,12.01,12.01,0,0,2769,0,0,0,707,10.23,1,3,0,1,0,0,11.92,11.9,0,0,2769,0,0,0,707,10.23,1,3,10.35,7.5,19,4875400,30.3,0,0.064,3847.5,5873.0,91,2178.0,147.1,80.1,74.7,5.49,0,10.2,7.5,19,4878484,30.3,0,0.064,3849.9,5873.0,91,2178.0,147.1,80.8,73.1,5.49,0,"{'knots': 3011, 'segments': 2191, 'flights_ended_at_next_event': 947, 'flights_cut_short': 20, 'touches_reached_late': 54, 'max_late_s': 0.315, 'extreme_flights_lengthened': 3}",92,0,11,0,129,2,62,48,0
3754269,0,0,0,0,12.21,11.61,0,0,3029,0,0,0,718,9.36,0,0,0,0,0,0,12.21,11.54,0,0,3029,0,0,0,718,9.36,0,0,9.33,7.5,16,5184410,30.0,0,0.072,4064.8,5694.5,84,1746.4,135.8,77.7,96.8,6.02,0,11.46,7.5,13,5187864,30.0,0,0.072,4067.5,5694.5,84,1746.4,135.8,76.5,92.9,6.02,0,"{'knots': 3294, 'segments': 2369, 'flights_ended_at_next_event': 1088, 'flights_cut_short': 13, 'touches_reached_late': 50, 'max_late_s': 0.115, 'extreme_flights_lengthened': 1}",85,0,11,0,159,2,36,33,0
3754270,0,1,0,0,12.46,11.07,0,0,2988,0,0,0,695,9.09,0,0,0,1,0,0,12.45,11.96,0,0,2988,0,0,0,695,9.09,0,0,9.74,7.5,26,4941838,30.0,0,0.0642,3913.7,5789.3,104,1989.3,168.1,67.2,121.5,4.01,0,9.88,7.5,13,4945160,30.0,0,0.0642,3916.3,5789.3,104,1989.3,168.1,66.1,117.9,4.01,0,"{'knots': 3065, 'segments': 2261, 'flights_ended_at_next_event': 984, 'flights_cut_short': 28, 'touches_reached_late': 63, 'max_late_s': 0.347, 'extreme_flights_lengthened': 5}",107,0,11,0,147,2,30,41,0
3754271,0,0,0,0,11.98,11.77,0,0,3016,0,0,0,585,9.5,0,0,0,0,0,0,12.13,11.92,0,0,3016,0,0,0,585,9.5,0,0,9.88,7.5,18,4706570,30.4,1,0.0566,3730.6,5737.4,101,2210.8,163.3,116.2,75.5,8.94,0,9.12,7.5,20,4711344,30.4,1,0.0566,3734.2,5737.4,101,2210.8,163.3,115.3,70.9,8.94,0,"{'knots': 2930, 'segments': 2190, 'flights_ended_at_next_event': 919, 'flights_cut_short': 21, 'touches_reached_late': 86, 'max_late_s': 0.499, 'extreme_flights_lengthened': 0}",101,0,11,0,197,4,51,73,0
3754272,0,1,0,0,12.02,12.01,0,0,3074,0,0,0,665,9.96,1,1,0,1,0,0,12.02,11.92,0,0,3074,0,0,0,665,9.96,1,1,9.86,7.5,20,4918540,85.0,18,0.0564,3863.4,5722.7,84,1981.3,135.8,110.0,123.8,12.0,24,9.51,7.5,19,4920322,85.1,18,0.0564,3864.8,5722.7,84,1981.3,135.8,108.3,120.7,12.0,24,"{'knots': 3059, 'segments': 2241, 'flights_ended_at_next_event': 1005, 'flights_cut_short': 20, 'touches_reached_late': 53, 'max_late_s': 0.17, 'extreme_flights_lengthened': 4}",84,0,11,0,182,0,71,47,0
3754273,0,0,0,0,12.04,12.04,0,0,2812,0,0,0,568,8.98,0,0,0,0,0,0,12.04,12.04,0,0,2812,0,0,0,568,8.98,0,0,10.33,7.5,16,4426885,30.3,0,0.06,3534.6,5771.4,101,2369.5,163.3,72.2,102.7,3.73,0,8.57,7.5,19,4431690,30.1,0,0.0601,3538.2,5771.4,101,2369.5,163.3,72.7,99.6,3.72,0,"{'knots': 2624, 'segments': 1999, 'flights_ended_at_next_event': 868, 'flights_cut_short': 18, 'touches_reached_late': 61, 'max_late_s': 0.281, 'extreme_flights_lengthened': 2}",102,0,11,0,173,1,15,33,0
3754274,0,0,0,0,13.15,12.0,0,0,2684,0,0,0,615,9.43,0,0,0,0,0,0,13.15,11.64,0,0,2684,0,0,0,615,9.43,0,0,9.59,7.5,15,4637737,30.1,0,0.0642,3678.9,5887.7,98,2366.3,158.4,87.6,88.5,8.17,0,9.97,7.5,15,4640632,30.1,0,0.0642,3681.1,5887.7,98,2366.3,158.4,86.4,85.1,8.17,0,"{'knots': 2773, 'segments': 2079, 'flights_ended_at_next_event': 911, 'flights_cut_short': 16, 'touches_reached_late': 49, 'max_late_s': 0.5, 'extreme_flights_lengthened': 0}",99,0,11,0,149,0,33,51,0
3754275,1,0,1,0,14.37,12.02,0,0,3082,0,0,0,521,9.9,1,5,1,0,1,0,14.37,11.91,0,0,3082,0,0,0,521,9.9,1,5,9.03,7.5,28,4609242,30.1,0,0.0545,3655.2,5674.9,100,2198.3,161.7,97.4,80.4,4.24,0,9.14,7.5,17,4611156,30.1,0,0.0545,3656.7,5674.9,100,2198.3,161.7,96.3,77.8,4.24,0,"{'knots': 2972, 'segments': 2224, 'flights_ended_at_next_event': 924, 'flights_cut_short': 37, 'touches_reached_late': 80, 'max_late_s': 0.177, 'extreme_flights_lengthened': 3}",101,0,11,0,197,2,69,72,0
3754276,0,0,0,0,13.5,12.52,0,0,2686,0,0,0,423,10.76,1,1,0,0,0,0,13.51,12.61,0,0,2686,0,0,0,423,10.76,1,1,9.72,7.5,24,4285050,30.0,0,0.0565,3453.7,5821.1,127,2562.9,205.3,76.7,86.5,4.24,0,11.74,7.5,21,4284808,30.0,0,0.0566,3453.5,5821.1,127,2562.9,205.3,75.7,85.6,4.24,0,"{'knots': 2646, 'segments': 1968, 'flights_ended_at_next_event': 900, 'flights_cut_short': 27, 'touches_reached_late': 71, 'max_late_s': 0.258, 'extreme_flights_lengthened': 3}",129,0,11,0,132,0,39,42,0
3754277,0,2,0,0,14.23,14.23,0,0,2783,0,0,0,638,10.16,1,1,0,2,0,0,14.23,14.23,0,0,2783,0,0,0,638,10.16,1,1,9.38,7.5,16,4486477,30.2,0,0.0579,3644.2,5889.6,87,2342.2,140.7,67.0,110.8,3.0,0,9.0,7.5,12,4486971,30.5,1,0.0578,3644.6,5889.6,87,2342.2,140.7,65.4,108.9,3.0,0,"{'knots': 2884, 'segments': 2101, 'flights_ended_at_next_event': 893, 'flights_cut_short': 18, 'touches_reached_late': 75, 'max_late_s': 0.434, 'extreme_flights_lengthened': 2}",88,0,11,0,105,4,37,28,0
3754278,0,0,0,0,13.64,11.03,0,0,2901,0,0,0,609,9.63,1,18,0,0,0,0,13.64,11.0,0,0,2901,0,0,0,609,9.63,1,18,10.87,7.5,18,4687760,30.0,0,0.0583,3721.3,5730.2,104,2161.3,168.1,85.9,101.6,8.54,0,11.07,7.5,20,4691720,30.0,0,0.0583,3724.3,5730.2,104,2161.3,168.1,84.8,97.5,8.54,0,"{'knots': 2984, 'segments': 2205, 'flights_ended_at_next_event': 987, 'flights_cut_short': 44, 'touches_reached_late': 64, 'max_late_s': 0.3, 'extreme_flights_lengthened': 5}",106,0,11,0,151,1,32,53,0
3754279,0,1,0,0,14.81,12.08,0,0,2714,0,0,0,577,9.15,0,0,0,1,0,0,12.2,12.2,0,0,2714,0,0,0,577,9.15,0,0,11.43,7.5,14,4738096,30.1,0,0.0631,3746.3,5835.8,96,2168.9,155.2,73.5,149.3,4.24,0,11.18,7.5,15,4739834,30.1,0,0.0631,3747.6,5835.8,96,2168.9,155.2,70.9,145.4,4.24,0,"{'knots': 2875, 'segments': 2114, 'flights_ended_at_next_event': 956, 'flights_cut_short': 26, 'touches_reached_late': 64, 'max_late_s': 0.384, 'extreme_flights_lengthened': 2}",97,0,11,0,130,2,28,39,0
3754280,0,2,0,0,12.04,11.95,0,0,2845,0,0,0,576,9.18,0,0,0,2,0,0,12.04,11.88,0,0,2845,0,0,0,576,9.18,0,0,10.08,7.5,22,5088321,30.1,0,0.0639,4013.5,5952.9,89,2053.7,143.9,102.5,132.1,8.5,0,9.3,7.5,13,5091518,30.0,0,0.0639,4015.9,5952.9,89,2053.7,143.9,100.9,128.1,8.5,0,"{'knots': 3063, 'segments': 2267, 'flights_ended_at_next_event': 1029, 'flights_cut_short': 16, 'touches_reached_late': 62, 'max_late_s': 0.5, 'extreme_flights_lengthened': 5}",89,0,11,0,168,3,37,51,0
3754281,0,1,0,0,12.09,11.86,0,0,3045,0,0,0,637,9.98,1,16,0,1,0,0,12.09,11.86,0,0,3045,0,0,0,637,10.18,1,18,9.88,7.5,17,4795581,30.1,0,0.0564,3812.7,5828.8,110,2143.2,177.8,97.6,148.3,9.35,0,10.16,7.5,24,4794965,30.3,1,0.0564,3812.3,5828.8,110,2143.2,177.8,95.2,146.4,9.35,0,"{'knots': 2924, 'segments': 2177, 'flights_ended_at_next_event': 913, 'flights_cut_short': 18, 'touches_reached_late': 80, 'max_late_s': 0.114, 'extreme_flights_lengthened': 2}",111,0,11,0,198,3,68,50,0
3754282,0,0,0,0,12.14,11.8,0,0,3202,0,0,0,614,9.42,0,0,0,0,0,0,12.14,11.52,0,0,3202,0,0,0,614,9.42,0,0,9.56,7.5,30,4855620,30.3,1,0.0641,3828.8,5789.8,92,2123.5,148.7,115.1,101.3,6.36,0,8.87,7.5,31,4855906,30.4,2,0.064,3829.0,5789.8,92,2123.5,148.7,113.9,99.9,6.36,0,"{'knots': 3011, 'segments': 2280, 'flights_ended_at_next_event': 960, 'flights_cut_short': 32, 'touches_reached_late': 80, 'max_late_s': 0.5, 'extreme_flights_lengthened': 4}",95,0,11,0,220,4,54,58,0
3754283,0,0,0,0,12.47,11.66,0,0,3007,0,0,0,662,9.21,0,0,0,0,0,0,12.5,11.66,0,0,3007,0,0,0,662,9.21,0,0,9.07,7.5,17,5268934,30.1,0,0.071,4115.8,5646.8,76,1624.9,122.9,88.4,117.3,3.77,0,10.11,7.5,17,5272564,30.1,0,0.0708,4118.5,5646.8,76,1624.9,122.9,87.9,114.0,3.77,0,"{'knots': 3254, 'segments': 2320, 'flights_ended_at_next_event': 1069, 'flights_cut_short': 14, 'touches_reached_late': 36, 'max_late_s': 0.368, 'extreme_flights_lengthened': 4}",77,0,11,0,139,0,41,53,0
3754284,0,0,0,0,12.06,11.82,0,0,3076,0,0,0,687,9.46,0,0,0,0,0,0,11.99,11.82,0,0,3076,0,0,0,687,9.46,0,0,10.06,7.5,19,4706152,51.3,1,0.0645,3702.5,5622.6,84,1997.2,135.8,63.1,121.8,12.0,25,10.38,7.5,16,4711278,49.2,1,0.0644,3706.4,5622.6,84,1997.2,135.8,63.1,117.9,12.0,25,"{'knots': 3260, 'segments': 2270, 'flights_ended_at_next_event': 1048, 'flights_cut_short': 15, 'touches_reached_late': 46, 'max_late_s': 0.103, 'extreme_flights_lengthened': 1}",84,0,11,0,112,1,43,12,0
3754285,0,0,0,0,12.0,11.94,0,0,2718,0,0,0,520,10.19,1,1,0,0,0,0,11.99,11.94,0,0,2718,0,0,0,520,10.19,1,1,9.62,7.5,13,4261665,30.2,0,0.0523,3416.5,5970.4,111,2717.9,179.5,81.1,96.4,8.34,0,11.24,7.5,11,4260455,30.2,0,0.0523,3415.6,5970.4,111,2717.9,179.5,78.4,94.6,8.35,0,"{'knots': 2595, 'segments': 1952, 'flights_ended_at_next_event': 821, 'flights_cut_short': 13, 'touches_reached_late': 78, 'max_late_s': 0.306, 'extreme_flights_lengthened': 2}",111,0,11,0,137,0,25,37,0
3754286,0,0,0,0,12.05,11.92,0,0,2501,0,0,0,481,9.41,0,0,0,0,0,0,12.05,11.77,0,0,2501,0,0,0,481,9.41,0,0,9.95,7.5,18,4434232,30.0,0,0.0641,3542.2,5903.9,112,2427.7,181.1,45.2,160.2,3.0,0,11.74,7.5,16,4438280,30.0,0,0.0641,3545.3,5903.9,112,2427.7,181.1,45.3,157.3,3.0,0,"{'knots': 2483, 'segments': 1865, 'flights_ended_at_next_event': 849, 'flights_cut_short': 21, 'touches_reached_late': 49, 'max_late_s': 0.498, 'extreme_flights_lengthened': 2}",115,0,11,0,103,0,37,36,0
3754287,0,2,0,0,12.14,12.14,0,0,2765,0,0,0,526,9.26,0,0,0,2,0,0,12.92,12.92,0,0,2765,0,0,0,526,9.26,0,0,9.96,7.5,10,4626292,486.7,4,1.3993,3655.1,5727.0,92,2230.7,148.7,121.5,111.4,12.0,62,8.94,7.5,9,4628184,587.5,4,1.3993,3656.5,5727.0,92,2230.7,148.7,120.3,108.8,12.0,62,"{'knots': 2846, 'segments': 2081, 'flights_ended_at_next_event': 933, 'flights_cut_short': 20, 'touches_reached_late': 74, 'max_late_s': 1.588, 'extreme_flights_lengthened': 5}",94,0,11,0,117,4,23,33,0
3754288,0,2,0,0,12.03,12.03,0,0,2566,0,0,0,529,9.13,0,0,0,2,0,0,12.03,12.03,0,0,2566,0,0,0,529,9.13,0,0,10.37,7.5,19,4212892,30.1,0,0.0539,3436.4,5844.4,99,2520.0,160.1,54.2,102.2,3.0,0,10.14,7.5,14,4217204,30.1,0,0.0539,3439.7,5844.4,99,2520.0,160.1,54.0,98.7,3.0,0,"{'knots': 2726, 'segments': 1971, 'flights_ended_at_next_event': 887, 'flights_cut_short': 20, 'touches_reached_late': 57, 'max_late_s': 0.324, 'extreme_flights_lengthened': 3}",100,0,11,0,106,0,31,35,0
3754289,0,0,0,0,13.1,12.04,0,0,2815,0,0,0,492,9.16,0,0,0,0,0,0,13.09,12.04,0,0,2815,0,0,0,492,9.16,0,0,10.0,7.5,29,4524871,307.9,3,0.927,3584.8,5707.9,96,2276.8,155.2,113.4,114.9,12.0,31,9.88,7.5,35,4524497,317.5,3,0.927,3584.5,5707.9,96,2276.8,155.2,111.2,113.0,12.0,31,"{'knots': 2787, 'segments': 2083, 'flights_ended_at_next_event': 857, 'flights_cut_short': 16, 'touches_reached_late': 75, 'max_late_s': 1.191, 'extreme_flights_lengthened': 2}",97,0,11,0,181,2,86,62,0
3754290,0,0,0,0,11.95,11.95,0,0,3061,0,0,0,597,9.57,1,5,0,0,0,0,12.01,11.8,0,0,3061,0,0,0,597,9.57,1,5,10.77,7.5,23,4558400,30.0,0,0.0707,3633.0,5834.2,110,2334.9,177.8,102.6,146.7,7.34,0,11.13,7.5,16,4563152,30.0,0,0.0707,3636.7,5834.2,110,2334.9,177.8,101.7,142.2,7.34,0,"{'knots': 2909, 'segments': 2177, 'flights_ended_at_next_event': 912, 'flights_cut_short': 23, 'touches_reached_late': 63, 'max_late_s': 0.5, 'extreme_flights_lengthened': 7}",111,0,11,0,194,2,55,47,0
3754291,0,0,0,0,12.09,12.09,0,0,2747,0,0,0,624,9.31,0,0,0,0,0,0,12.01,12.01,0,0,2747,0,0,0,624,9.31,0,0,10.42,7.5,27,4463193,30.0,0,0.0641,3599.1,5737.0,103,2306.7,166.5,83.9,81.4,4.01,0,10.16,7.5,23,4467831,30.0,0,0.0641,3602.7,5737.0,103,2306.7,166.5,83.4,77.3,4.01,0,"{'knots': 2794, 'segments': 2108, 'flights_ended_at_next_event': 923, 'flights_cut_short': 23, 'touches_reached_late': 52, 'max_late_s': 0.205, 'extreme_flights_lengthened': 1}",106,0,11,0,183,1,57,67,0
3754292,0,1,0,0,12.34,11.98,0,0,2613,0,0,0,483,9.17,0,0,0,2,0,0,12.2,11.81,0,0,2613,0,0,0,483,9.17,0,0,9.86,7.5,14,4315343,30.0,0,0.0691,3431.8,5771.7,99,2415.1,160.1,71.0,155.8,6.02,0,10.87,7.5,16,4317131,30.0,0,0.0692,3433.2,5771.7,99,2415.1,160.1,69.7,153.1,6.02,0,"{'knots': 2451, 'segments': 1825, 'flights_ended_at_next_event': 788, 'flights_cut_short': 21, 'touches_reached_late': 57, 'max_late_s': 0.5, 'extreme_flights_lengthened': 1}",100,0,11,0,134,2,25,32,0
3754293,0,0,0,0,11.89,11.83,0,0,2628,0,0,0,489,9.01,0,0,0,0,0,0,11.86,11.83,0,0,2628,0,0,0,489,9.01,0,0,8.85,7.5,13,4249858,30.0,0,0.0781,3387.0,5905.7,99,2597.6,160.1,45.7,126.8,3.0,0,8.81,7.5,8,4254340,30.0,0,0.0781,3390.4,5905.7,99,2597.6,160.1,45.3,123.0,3.0,0,"{'knots': 2571, 'segments': 1874, 'flights_ended_at_next_event': 831, 'flights_cut_short': 16, 'touches_reached_late': 60, 'max_late_s': 0.117, 'extreme_flights_lengthened': 5}",103,0,11,0,74,0,15,7,0
3754294,1,1,1,0,12.22,11.76,0,0,3192,0,0,0,605,9.52,0,0,1,1,1,0,12.06,11.76,0,0,3192,0,0,0,605,9.52,0,0,9.89,7.5,24,4631084,30.2,0,0.0509,3723.6,5993.6,86,2397.8,139.0,90.3,101.4,6.36,0,9.47,7.5,18,4632672,30.1,0,0.0509,3724.9,5993.6,86,2397.8,139.0,88.8,98.7,6.36,0,"{'knots': 2960, 'segments': 2169, 'flights_ended_at_next_event': 960, 'flights_cut_short': 24, 'touches_reached_late': 60, 'max_late_s': 0.5, 'extreme_flights_lengthened': 1}",86,0,11,0,140,0,28,30,0
3754295,0,0,0,0,13.15,12.1,0,0,2848,0,0,0,645,11.49,1,1,0,0,0,0,13.15,12.1,0,0,2848,0,0,0,645,11.49,1,1,11.12,7.5,14,4617734,30.0,0,0.0443,3658.4,5651.4,98,2146.9,158.4,94.1,98.6,6.45,0,10.88,7.5,20,4620264,30.0,0,0.0443,3660.3,5651.4,98,2146.9,158.4,92.9,95.5,6.45,0,"{'knots': 2920, 'segments': 2124, 'flights_ended_at_next_event': 931, 'flights_cut_short': 18, 'touches_reached_late': 53, 'max_late_s': 1.71, 'extreme_flights_lengthened': 4}",101,0,11,0,138,1,54,43,0
3754296,0,0,0,0,12.09,12.06,0,0,3181,0,0,0,653,9.5,0,0,0,0,0,0,12.06,12.06,0,0,3181,0,0,0,653,9.5,0,0,12.79,7.5,22,5011116,64.3,3,0.0708,3946.6,5796.1,92,2037.3,148.7,131.4,92.3,12.0,36,9.68,7.5,23,5011336,64.5,3,0.0707,3946.8,5796.1,92,2037.3,148.7,128.7,89.4,12.0,36,"{'knots': 3360, 'segments': 2418, 'flights_ended_at_next_event': 1099, 'flights_cut_short': 23, 'touches_reached_late': 50, 'max_late_s': 0.473, 'extreme_flights_lengthened': 5}",93,0,11,0,170,1,53,55,0
3754297,0,0,0,0,12.14,11.76,0,0,2877,0,0,0,650,9.5,0,0,0,0,0,0,12.14,11.76,0,0,2877,0,0,0,650,9.5,0,0,9.95,7.49,17,5125722,30.0,0,0.0583,4013.5,5816.6,77,1898.7,124.5,82.0,110.9,11.94,0,9.91,7.5,15,5130482,30.1,0,0.0583,4017.1,5816.6,77,1898.7,124.5,80.8,106.1,11.94,0,"{'knots': 3043, 'segments': 2237, 'flights_ended_at_next_event': 1007, 'flights_cut_short': 17, 'touches_reached_late': 57, 'max_late_s': 0.169, 'extreme_flights_lengthened': 1}",77,0,11,0,120,1,32,40,0
3754298,0,1,0,0,12.06,11.97,0,0,2958,0,0,0,662,9.26,0,0,0,1,0,0,12.03,11.87,0,0,2958,0,0,0,662,9.26,0,0,10.32,7.5,19,5023733,30.2,0,0.0643,3945.2,5952.8,85,2021.8,137.4,61.9,185.1,9.79,0,9.59,7.5,17,5027477,30.2,0,0.0643,3948.1,5952.8,85,2021.8,137.4,60.3,180.6,9.79,0,"{'knots': 2942, 'segments': 2137, 'flights_ended_at_next_event': 952, 'flights_cut_short': 16, 'touches_reached_late': 60, 'max_late_s': 0.265, 'extreme_flights_lengthened': 1}",88,0,11,0,96,2,25,26,0
3754299,0,1,0,0,12.5,12.09,0,0,3089,0,0,0,721,11.38,1,19,0,0,0,0,12.12,12.09,0,0,3089,0,0,0,721,11.46,1,19,10.46,7.5,36,5093198,30.0,0,0.0539,4005.5,5709.8,90,1870.4,145.5,104.9,84.2,4.24,0,10.06,7.5,31,5095596,30.3,1,0.0538,4007.4,5709.8,90,1870.4,145.5,102.9,80.3,4.24,0,"{'knots': 3178, 'segments': 2307, 'flights_ended_at_next_event': 991, 'flights_cut_short': 25, 'touches_reached_late': 67, 'max_late_s': 0.286, 'extreme_flights_lengthened': 3}",90,0,11,0,151,2,54,57,0
3754300,0,1,0,0,13.55,11.87,0,0,2980,0,0,0,648,9.43,0,0,0,1,0,0,13.55,11.77,0,0,2980,0,0,0,648,9.43,0,0,9.24,7.5,13,4871966,30.0,0,0.0538,3841.2,5821.9,92,2073.2,148.7,80.4,136.6,4.01,0,9.09,7.5,18,4877048,30.0,0,0.0539,3845.1,5821.9,92,2073.2,148.7,79.8,132.2,4.01,0,"{'knots': 2950, 'segments': 2186, 'flights_ended_at_next_event': 951, 'flights_cut_short': 23, 'touches_reached_late': 53, 'max_late_s': 0.101, 'extreme_flights_lengthened': 2}",92,0,11,0,177,0,41,53,0
3754301,0,0,0,0,13.69,13.69,0,0,2815,0,0,0,645,8.84,0,0,0,0,0,0,13.69,13.69,0,0,2815,0,0,0,645,8.84,0,0,9.57,7.5,11,4760403,30.0,0,0.064,3727.3,5768.0,74,2095.6,119.6,68.1,132.8,4.24,0,11.12,7.5,17,4761943,30.0,0,0.064,3728.4,5768.0,74,2095.6,119.6,66.7,130.2,4.24,0,"{'knots': 2984, 'segments': 2167, 'flights_ended_at_next_event': 978, 'flights_cut_short': 15, 'touches_reached_late': 55, 'max_late_s': 0.245, 'extreme_flights_lengthened': 3}",74,0,11,0,122,1,23,36,0
3754302,0,0,0,0,12.04,11.99,0,0,2805,0,0,0,477,9.28,0,0,0,0,0,0,12.03,11.98,0,0,2805,0,0,0,477,9.28,0,0,11.09,7.5,15,4138361,58.5,6,0.0702,3309.7,5958.4,105,2797.8,169.8,81.2,101.7,12.0,21,10.46,7.5,11,4141621,58.5,6,0.0702,3312.2,5958.4,105,2797.8,169.8,80.8,98.9,12.0,21,"{'knots': 2469, 'segments': 1887, 'flights_ended_at_next_event': 801, 'flights_cut_short': 21, 'touches_reached_late': 71, 'max_late_s': 0.5, 'extreme_flights_lengthened': 2}",106,0,11,0,151,2,25,36,0
3754303,1,1,0,1,12.49,12.0,0,0,3066,0,0,0,535,9.04,0,0,1,1,0,1,12.49,11.9,0,0,3066,0,0,0,535,9.04,0,0,10.41,7.5,29,4425674,720.6,2,1.201,3527.6,5708.7,107,2431.0,173.0,142.5,65.6,12.0,62,10.29,7.5,26,4426994,555.4,4,1.201,3528.6,5708.7,107,2431.0,173.0,141.0,63.1,12.0,62,"{'knots': 2796, 'segments': 2118, 'flights_ended_at_next_event': 855, 'flights_cut_short': 46, 'touches_reached_late': 100, 'max_late_s': 0.5, 'extreme_flights_lengthened': 6}",108,0,11,0,177,3,54,72,0
3754304,0,0,0,0,12.16,12.02,0,0,2777,0,0,0,614,9.35,0,0,0,0,0,0,12.16,11.91,0,0,2777,0,0,0,614,9.35,0,0,12.56,7.5,30,4580972,62.3,5,0.173,3635.5,5761.5,101,2337.6,163.3,126.1,77.8,12.0,38,11.35,7.5,25,4584162,80.9,4,0.1731,3637.9,5761.5,101,2337.6,163.3,125.3,74.6,12.0,38,"{'knots': 2815, 'segments': 2095, 'flights_ended_at_next_event': 890, 'flights_cut_short': 35, 'touches_reached_late': 80, 'max_late_s': 0.5, 'extreme_flights_lengthened': 4}",102,0,11,0,162,0,41,57,0
3754305,0,1,0,0,12.63,12.63,0,0,3261,0,0,0,591,12.04,1,78,0,1,0,0,12.19,11.98,0,0,3261,0,0,0,591,10.86,1,47,8.97,7.5,23,4796443,39.8,11,0.064,3798.8,5758.3,99,2152.5,160.1,134.0,101.1,12.0,18,10.57,7.5,26,4797920,39.8,11,0.064,3799.9,5758.3,99,2152.5,160.1,131.9,97.8,12.0,18,"{'knots': 2955, 'segments': 2242, 'flights_ended_at_next_event': 933, 'flights_cut_short': 25, 'touches_reached_late': 81, 'max_late_s': 0.385, 'extreme_flights_lengthened': 3}",99,0,11,0,195,4,59,55,0
3754306,0,3,0,0,13.15,13.15,0,0,2739,0,0,0,526,9.19,0,0,0,3,0,0,13.15,13.15,0,0,2739,0,0,0,526,9.19,0,0,10.33,7.5,19,4446530,30.0,0,0.064,3546.7,5734.1,109,2368.3,176.2,97.7,92.8,6.02,0,9.62,7.5,17,4448928,30.1,0,0.064,3548.5,5734.1,109,2368.3,176.2,95.8,89.1,6.02,0,"{'knots': 2603, 'segments': 1993, 'flights_ended_at_next_event': 831, 'flights_cut_short': 16, 'touches_reached_late': 80, 'max_late_s': 0.437, 'extreme_flights_lengthened': 1}",111,0,11,0,187,2,40,79,0
3754307,0,0,0,0,11.82,11.53,0,0,2924,0,0,0,687,9.35,0,0,0,0,0,0,11.82,11.53,0,0,2924,0,0,0,687,9.35,0,0,9.5,7.5,14,4660550,30.1,0,0.0637,3661.7,5770.4,79,2165.2,127.7,44.8,116.0,4.01,0,9.62,7.5,13,4663695,30.1,0,0.0637,3664.1,5770.4,79,2165.2,127.7,43.2,111.9,4.01,0,"{'knots': 3015, 'segments': 2165, 'flights_ended_at_next_event': 959, 'flights_cut_short': 17, 'touches_reached_late': 43, 'max_late_s': 0.217, 'extreme_flights_lengthened': 0}",79,0,11,0,104,0,18,22,0
3754308,0,2,0,0,12.79,11.83,0,0,2726,0,0,0,484,9.27,0,0,0,1,0,0,12.46,11.91,0,0,2726,0,0,0,484,9.27,0,0,9.76,7.5,20,4412760,762.4,5,1.3761,3512.9,5705.4,104,2367.8,168.1,120.9,113.6,12.0,64,10.6,7.5,26,4417842,468.7,4,1.3761,3516.8,5705.4,104,2367.8,168.1,120.9,109.8,12.0,64,"{'knots': 2535, 'segments': 1935, 'flights_ended_at_next_event': 833, 'flights_cut_short': 18, 'touches_reached_late': 61, 'max_late_s': 0.497, 'extreme_flights_lengthened': 1}",105,0,11,0,173,4,27,46,0
3754309,0,0,0,0,13.78,11.47,0,0,2674,0,0,0,583,8.8,0,0,0,0,0,0,13.69,11.47,0,0,2674,0,0,0,583,8.8,0,0,10.23,7.5,18,4565858,30.1,0,0.0708,3607.7,5701.4,91,2204.5,147.1,69.5,105.9,4.01,0,10.89,7.5,15,4568058,30.1,0,0.0708,3609.3,5701.4,91,2204.5,147.1,68.0,102.6,4.01,0,"{'knots': 2876, 'segments': 2069, 'flights_ended_at_next_event': 915, 'flights_cut_short': 10, 'touches_reached_late': 51, 'max_late_s': 0.221, 'extreme_flights_lengthened': 3}",93,0,11,0,137,1,58,47,0
3754310,0,0,0,0,12.12,11.82,0,0,3028,0,0,0,762,9.47,0,0,0,0,0,0,12.09,11.96,0,0,3028,0,0,0,762,9.47,0,0,10.21,7.5,22,4924018,49.2,1,0.0703,3877.4,5647.9,90,1906.2,145.5,87.0,96.8,6.64,0,11.22,7.5,20,4929276,59.5,1,0.0703,3881.4,5647.9,90,1906.2,145.5,86.5,92.3,6.64,0,"{'knots': 3189, 'segments': 2281, 'flights_ended_at_next_event': 1008, 'flights_cut_short': 19, 'touches_reached_late': 58, 'max_late_s': 0.211, 'extreme_flights_lengthened': 3}",91,0,11,0,124,0,37,32,0
3754311,0,0,0,0,12.6,11.47,0,0,2803,0,0,0,679,9.24,0,0,0,0,0,0,12.6,11.47,0,0,2803,0,0,0,679,9.24,0,0,9.9,7.5,13,5190460,42.0,2,0.051,4059.6,5806.7,78,1791.1,126.1,64.9,146.9,6.36,0,10.63,7.5,16,5194684,42.0,1,0.051,4062.8,5806.7,78,1791.1,126.1,64.0,142.8,6.36,0,"{'knots': 3299, 'segments': 2340, 'flights_ended_at_next_event': 1101, 'flights_cut_short': 21, 'touches_reached_late': 46, 'max_late_s': 0.268, 'extreme_flights_lengthened': 3}",80,0,11,0,130,1,45,40,0
3754312,0,0,0,0,12.01,11.76,0,0,3170,0,0,0,681,9.77,1,1,0,0,0,0,12.02,11.82,0,0,3170,0,0,0,681,9.77,1,1,9.52,7.5,22,4834257,52.9,1,0.064,3801.2,5678.2,85,1998.0,137.4,84.5,100.8,6.36,0,10.16,7.5,18,4840087,52.8,1,0.064,3805.6,5678.2,85,1998.0,137.4,84.5,96.3,6.36,0,"{'knots': 3226, 'segments': 2320, 'flights_ended_at_next_event': 1028, 'flights_cut_short': 10, 'touches_reached_late': 62, 'max_late_s': 0.266, 'extreme_flights_lengthened': 4}",86,0,11,0,118,2,27,29,0
3754313,0,0,0,0,12.86,12.04,0,0,3120,0,0,0,618,9.33,0,0,0,0,0,0,12.86,12.04,0,0,3120,0,0,0,618,9.33,0,0,10.51,7.5,13,4764540,30.0,0,0.064,3766.4,5711.8,96,2108.4,155.2,86.3,78.5,4.24,0,9.86,7.5,16,4768808,30.0,0,0.064,3769.6,5711.8,96,2108.4,155.2,86.5,75.5,4.24,0,"{'knots': 3209, 'segments': 2333, 'flights_ended_at_next_event': 984, 'flights_cut_short': 19, 'touches_reached_late': 69, 'max_late_s': 0.143, 'extreme_flights_lengthened': 8}",96,0,11,0,137,3,34,59,0
3754314,0,2,0,0,12.52,11.79,0,0,2917,0,0,0,635,9.26,0,0,0,2,0,0,12.39,12.39,0,0,2917,0,0,0,635,9.26,0,0,10.34,7.5,13,4608445,52.1,16,0.0626,3670.2,5716.6,106,2234.0,171.4,88.5,72.2,12.0,22,10.6,7.5,12,4609625,52.1,16,0.0626,3671.1,5716.6,106,2234.0,171.4,87.4,70.3,12.0,22,"{'knots': 2984, 'segments': 2214, 'flights_ended_at_next_event': 902, 'flights_cut_short': 30, 'touches_reached_late': 82, 'max_late_s': 0.5, 'extreme_flights_lengthened': 0}",110,0,11,0,142,5,45,39,0
3754315,0,1,0,0,12.12,11.88,0,0,2764,0,0,0,556,9.3,0,0,0,1,0,0,12.14,11.88,0,0,2764,0,0,0,556,9.3,0,0,9.25,7.5,25,4649282,30.1,0,0.064,3679.0,5764.2,96,2246.2,155.2,81.7,75.8,4.72,0,9.76,7.5,22,4652208,30.1,0,0.064,3681.3,5764.2,96,2246.2,155.2,80.9,72.8,4.72,0,"{'knots': 2866, 'segments': 2105, 'flights_ended_at_next_event': 960, 'flights_cut_short': 15, 'touches_reached_late': 50, 'max_late_s': 0.406, 'extreme_flights_lengthened': 1}",98,0,11,0,172,1,46,50,0
3754316,0,0,0,0,12.07,11.61,0,0,3075,0,0,0,660,9.61,1,37,0,0,0,0,12.07,11.48,0,0,3075,0,0,0,660,9.61,1,37,9.94,7.5,20,4911082,30.0,0,0.0716,3875.7,5935.1,95,2146.7,153.6,46.1,112.3,3.0,0,10.59,7.5,19,4914954,30.0,0,0.0716,3878.7,5935.1,95,2146.7,153.6,45.0,108.3,3.0,0,"{'knots': 3110, 'segments': 2280, 'flights_ended_at_next_event': 1023, 'flights_cut_short': 13, 'touches_reached_late': 50, 'max_late_s': 0.23, 'extreme_flights_lengthened': 1}",97,0,11,0,101,2,27,27,0
3754317,0,2,0,0,12.07,11.56,0,0,2837,0,0,0,524,9.51,0,0,0,2,0,0,12.07,11.55,0,0,2837,0,0,0,524,9.51,0,0,11.09,7.5,17,4396590,233.5,2,0.0644,3502.3,5727.0,105,2415.9,169.8,104.6,83.1,12.0,29,10.61,7.5,17,4398944,178.1,2,0.0645,3504.1,5727.0,105,2415.9,169.8,103.6,80.3,12.0,29,"{'knots': 2602, 'segments': 1974, 'flights_ended_at_next_event': 840, 'flights_cut_short': 23, 'touches_reached_late': 81, 'max_late_s': 0.238, 'extreme_flights_lengthened': 1}",108,0,11,0,172,1,44,48,0
3754318,0,1,0,0,13.4,12.22,0,0,3115,0,0,0,567,9.21,0,0,0,0,0,0,13.4,12.4,0,0,3115,0,0,0,567,9.21,0,0,9.6,7.5,40,4472838,38.4,12,0.054,3606.4,5710.4,102,2393.8,164.9,180.0,55.2,12.0,17,9.8,7.5,28,4472852,38.4,12,0.054,3606.4,5710.4,102,2393.8,164.9,178.8,54.0,12.0,17,"{'knots': 2789, 'segments': 2102, 'flights_ended_at_next_event': 882, 'flights_cut_short': 24, 'touches_reached_late': 67, 'max_late_s': 0.475, 'extreme_flights_lengthened': 5}",105,0,11,0,230,0,99,98,0
3754319,0,1,0,0,12.42,11.89,0,0,3084,0,0,0,612,9.49,0,0,0,1,0,0,12.42,11.82,0,0,3084,0,0,0,612,9.49,0,0,10.51,7.5,17,4877312,30.0,0,0.0707,3837.1,5766.0,87,2000.9,140.7,69.7,138.4,5.66,0,10.39,7.5,12,4879534,30.0,0,0.0707,3838.8,5766.0,87,2000.9,140.7,68.2,135.2,5.66,0,"{'knots': 3005, 'segments': 2188, 'flights_ended_at_next_event': 988, 'flights_cut_short': 11, 'touches_reached_late': 48, 'max_late_s': 0.312, 'extreme_flights_lengthened': 1}",88,0,11,0,141,0,26,37,0
3754320,0,0,0,0,12.68,12.68,0,0,3181,0,0,0,738,9.51,0,0,0,0,0,0,12.68,12.68,0,0,3181,0,0,0,738,9.51,0,0,9.86,7.5,23,4901776,30.1,0,0.0638,3860.5,5763.7,90,2023.3,145.5,98.7,124.0,6.36,0,10.37,7.5,32,4907958,30.1,0,0.064,3865.2,5763.7,90,2023.3,145.5,98.6,119.2,6.36,0,"{'knots': 3257, 'segments': 2352, 'flights_ended_at_next_event': 1019, 'flights_cut_short': 12, 'touches_reached_late': 69, 'max_late_s': 0.447, 'extreme_flights_lengthened': 3}",90,0,11,0,173,0,72,56,0
3754321,0,2,0,0,12.63,11.97,0,0,3104,0,0,0,650,9.17,0,0,0,1,0,0,12.63,11.97,0,0,3104,0,0,0,650,9.17,0,0,9.79,7.5,39,4838284,1261.8,11,2.4555,3817.3,5784.9,93,2194.0,150.4,160.4,84.3,12.0,65,10.66,7.5,35,4837008,1473.2,11,2.4555,3816.4,5784.9,93,2194.0,150.4,158.4,83.3,12.0,65,"{'knots': 3037, 'segments': 2236, 'flights_ended_at_next_event': 945, 'flights_cut_short': 28, 'touches_reached_late': 50, 'max_late_s': 0.5, 'extreme_flights_lengthened': 4}",94,0,11,0,229,2,121,87,0
3754322,0,0,0,0,12.7,11.97,0,0,3214,0,0,0,729,10.62,1,11,0,1,0,0,12.7,11.94,0,0,3214,0,0,0,729,10.52,1,10,9.61,7.5,30,4808170,42.1,3,0.0581,3819.2,5722.0,92,2109.5,148.7,125.7,67.7,12.0,18,12.19,7.5,27,4810501,42.1,3,0.0581,3820.9,5722.0,92,2109.5,148.7,124.2,64.5,12.0,18,"{'knots': 3434, 'segments': 2475, 'flights_ended_at_next_event': 1095, 'flights_cut_short': 20, 'touches_reached_late': 60, 'max_late_s': 0.5, 'extreme_flights_lengthened': 4}",94,0,11,0,187,1,85,77,0
3754323,0,0,0,0,12.65,12.01,0,0,2831,0,0,0,590,11.86,1,35,0,0,0,0,12.65,11.89,0,0,2831,0,0,0,590,11.86,1,35,9.95,7.5,20,4401870,30.2,0,0.0707,3496.5,5746.0,99,2401.2,160.1,77.8,86.1,6.02,0,10.19,7.5,15,4402222,30.1,0,0.0707,3496.8,5746.0,99,2401.2,160.1,76.5,84.5,6.02,0,"{'knots': 2774, 'segments': 2050, 'flights_ended_at_next_event': 887, 'flights_cut_short': 16, 'touches_reached_late': 45, 'max_late_s': 0.114, 'extreme_flights_lengthened': 2}",101,0,11,0,123,0,35,39,0
3754324,0,3,0,0,12.65,12.14,0,0,3092,0,0,0,509,9.38,0,0,0,3,0,0,12.65,12.13,0,0,3092,0,0,0,509,9.38,0,0,10.04,7.5,27,4491960,30.3,1,0.058,3592.5,5841.8,116,2490.9,187.5,120.9,66.6,5.13,0,10.56,7.54,19,4494600,30.5,1,0.0579,3594.5,5841.8,116,2490.9,187.5,120.9,64.7,5.13,0,"{'knots': 2636, 'segments': 2000, 'flights_ended_at_next_event': 837, 'flights_cut_short': 24, 'touches_reached_late': 63, 'max_late_s': 0.64, 'extreme_flights_lengthened': 4}",117,0,11,0,175,2,59,65,0
3754325,0,0,0,0,12.11,11.91,0,0,2921,0,0,0,680,9.49,0,0,0,0,0,0,12.11,11.77,0,0,2921,0,0,0,680,9.49,0,0,9.03,7.5,23,5141596,35.9,1,0.0709,4025.0,5764.2,78,1847.4,126.1,95.9,113.8,12.0,23,9.34,7.5,17,5144696,30.0,0,0.0709,4027.3,5764.2,78,1847.4,126.1,94.7,110.3,12.0,23,"{'knots': 3085, 'segments': 2257, 'flights_ended_at_next_event': 1007, 'flights_cut_short': 25, 'touches_reached_late': 70, 'max_late_s': 1.949, 'extreme_flights_lengthened': 2}",79,0,11,0,140,1,27,38,0
3754326,0,0,0,0,12.05,11.89,0,0,2591,0,0,0,550,9.4,0,0,0,0,0,0,12.54,12.54,0,0,2591,0,0,0,550,9.4,0,0,10.36,7.5,18,4210292,30.1,0,0.0641,3372.6,5726.0,112,2561.8,181.1,68.0,40.5,3.0,0,10.92,7.5,21,4211392,30.1,0,0.0641,3373.4,5726.0,112,2561.8,181.1,67.8,39.4,3.0,0,"{'knots': 2645, 'segments': 1975, 'flights_ended_at_next_event': 846, 'flights_cut_short': 31, 'touches_reached_late': 77, 'max_late_s': 0.5, 'extreme_flights_lengthened': 3}",112,0,11,0,138,3,36,45,0
3754327,0,0,0,0,13.18,11.91,0,0,3136,0,0,0,683,9.42,0,0,0,0,0,0,13.18,11.91,0,0,3136,0,0,0,683,9.42,0,0,10.82,7.5,18,5292407,37.9,1,0.0605,4146.7,5889.8,84,1787.8,135.8,100.4,191.6,12.0,17,10.73,7.5,21,5297313,37.9,1,0.0605,4150.4,5889.8,84,1787.8,135.8,99.9,187.3,12.0,17,"{'knots': 3298, 'segments': 2398, 'flights_ended_at_next_event': 1055, 'flights_cut_short': 25, 'touches_reached_late': 66, 'max_late_s': 0.499, 'extreme_flights_lengthened': 1}",84,0,11,0,122,1,56,35,0
3754328,0,1,0,0,13.13,12.07,0,0,3197,0,0,0,743,11.88,1,101,0,1,0,0,12.0,11.92,0,0,3197,0,0,0,743,10.37,1,112,9.9,7.5,25,4797263,587.4,4,0.2994,3783.4,5738.6,91,2148.0,147.1,126.5,80.8,12.0,33,9.75,7.5,22,4799265,595.6,4,0.2994,3784.9,5738.6,91,2148.0,147.1,124.5,77.3,12.0,33,"{'knots': 3427, 'segments': 2465, 'flights_ended_at_next_event': 1108, 'flights_cut_short': 24, 'touches_reached_late': 57, 'max_late_s': 0.5, 'extreme_flights_lengthened': 8}",91,0,11,0,169,3,60,58,0
3754329,1,0,1,0,13.54,11.65,0,0,2877,0,0,0,647,8.74,0,0,1,0,1,0,13.54,11.78,0,0,2877,0,0,0,647,8.74,0,0,9.63,7.5,14,4611486,30.0,0,0.0512,3666.7,5653.3,106,2146.5,171.4,87.3,98.7,6.02,0,10.83,7.5,15,4612278,30.0,0,0.0512,3667.3,5653.3,106,2146.5,171.4,85.5,96.3,6.02,0,"{'knots': 2792, 'segments': 2051, 'flights_ended_at_next_event': 887, 'flights_cut_short': 22, 'touches_reached_late': 49, 'max_late_s': 0.471, 'extreme_flights_lengthened': 1}",106,0,11,0,134,0,32,40,0
3754330,0,0,0,0,12.42,12.42,0,0,2970,0,0,0,632,9.04,0,0,0,0,0,0,12.42,12.42,0,0,2970,0,0,0,632,9.04,0,0,10.59,7.5,19,4734286,30.0,0,0.0586,3755.2,5770.5,103,2168.7,166.5,70.5,83.5,7.48,0,11.01,7.5,23,4735034,30.0,0,0.0586,3755.8,5770.5,103,2168.7,166.5,68.1,80.6,7.48,0,"{'knots': 3041, 'segments': 2201, 'flights_ended_at_next_event': 934, 'flights_cut_short': 21, 'touches_reached_late': 62, 'max_late_s': 0.5, 'extreme_flights_lengthened': 1}",103,0,11,0,108,1,48,42,0
3754331,0,0,0,0,12.04,11.72,0,0,2705,0,0,0,527,9.17,0,0,0,0,0,0,12.04,11.72,0,0,2705,0,0,0,527,9.17,0,0,10.4,7.5,13,4411418,30.0,0,0.0707,3533.1,5672.5,117,2285.0,189.2,65.5,108.9,5.57,0,10.35,7.5,17,4413772,30.1,0,0.0707,3534.9,5672.5,117,2285.0,189.2,64.9,106.5,5.57,0,"{'knots': 2631, 'segments': 1983, 'flights_ended_at_next_event': 852, 'flights_cut_short': 22, 'touches_reached_late': 60, 'max_late_s': 0.269, 'extreme_flights_lengthened': 1}",117,0,11,0,128,2,42,42,0
3754332,0,1,0,0,12.83,12.83,0,0,2952,0,0,0,588,9.51,0,0,0,1,0,0,12.06,11.96,0,0,2952,0,0,0,588,9.51,0,0,9.7,7.5,19,4355204,30.2,0,0.0642,3458.0,5782.4,97,2502.5,156.8,98.2,76.7,11.33,0,9.43,7.5,15,4353773,30.2,0,0.0642,3457.0,5782.4,97,2502.5,156.8,96.0,75.6,11.33,0,"{'knots': 2746, 'segments': 2007, 'flights_ended_at_next_event': 847, 'flights_cut_short': 14, 'touches_reached_late': 57, 'max_late_s': 0.167, 'extreme_flights_lengthened': 3}",97,0,11,0,133,2,51,46,0
3754333,0,0,0,0,12.86,11.6,0,0,3102,0,0,0,688,9.45,0,0,0,0,0,0,12.86,11.45,0,0,3102,0,0,0,688,9.45,0,0,10.5,7.5,31,4828041,30.1,0,0.051,3825.3,5707.3,78,1966.9,126.1,113.6,154.7,7.79,0,9.96,7.5,23,4831688,30.2,0,0.051,3828.1,5707.3,78,1966.9,126.1,113.4,151.7,7.79,0,"{'knots': 3019, 'segments': 2243, 'flights_ended_at_next_event': 973, 'flights_cut_short': 19, 'touches_reached_late': 62, 'max_late_s': 0.397, 'extreme_flights_lengthened': 5}",79,0,11,0,203,1,69,74,0
3754334,0,0,0,0,12.11,11.81,0,0,2664,0,0,0,495,8.89,0,0,0,0,0,0,12.13,11.82,0,0,2664,0,0,0,495,8.89,0,0,10.94,7.5,20,4204684,80.9,9,0.06,3370.0,5716.1,113,2562.5,182.7,109.7,75.9,12.0,44,10.61,7.5,15,4208798,72.2,10,0.06,3373.1,5716.1,113,2562.5,182.7,109.9,73.0,12.0,44,"{'knots': 2510, 'segments': 1913, 'flights_ended_at_next_event': 796, 'flights_cut_short': 24, 'touches_reached_late': 74, 'max_late_s': 2.219, 'extreme_flights_lengthened': 3}",114,0,11,0,172,1,36,44,0
3754335,0,0,0,0,12.87,11.76,0,0,2845,0,0,0,538,9.51,0,0,0,0,0,0,12.87,11.97,0,0,2845,0,0,0,538,9.51,0,0,10.2,7.5,14,4353586,38.4,22,0.0509,3481.0,5958.4,111,2659.2,179.5,83.7,81.2,6.31,0,9.82,7.5,13,4357222,38.4,22,0.0509,3483.8,5958.4,111,2659.2,179.5,83.3,78.0,6.31,0,"{'knots': 2624, 'segments': 1988, 'flights_ended_at_next_event': 861, 'flights_cut_short': 22, 'touches_reached_late': 59, 'max_late_s': 2.391, 'extreme_flights_lengthened': 1}",111,0,11,0,127,2,24,33,0
3754336,0,0,0,0,13.18,11.63,0,0,2950,0,0,0,631,9.38,0,0,0,0,0,0,13.18,11.5,0,0,2950,0,0,0,631,9.38,0,0,9.34,7.5,18,4720901,30.2,0,0.0585,3740.2,5769.5,97,2165.7,156.8,60.7,81.1,6.02,0,9.9,7.5,12,4723645,30.1,0,0.0585,3742.3,5769.5,97,2165.7,156.8,59.9,78.3,6.02,0,"{'knots': 3048, 'segments': 2149, 'flights_ended_at_next_event': 993, 'flights_cut_short': 7, 'touches_reached_late': 41, 'max_late_s': 0.189, 'extreme_flights_lengthened': 3}",97,0,11,0,79,1,30,20,0
3754337,0,0,0,0,13.15,13.15,0,0,2879,0,0,0,669,9.27,0,0,0,0,0,0,12.22,12.22,0,0,2879,0,0,0,669,9.27,0,0,9.23,7.5,23,4539238,30.0,0,0.0448,3698.2,5729.2,93,2161.8,150.4,75.6,95.2,5.36,0,9.94,7.5,19,4540097,30.0,0,0.0448,3698.9,5729.2,93,2161.8,150.4,74.1,93.0,5.36,0,"{'knots': 2914, 'segments': 2135, 'flights_ended_at_next_event': 951, 'flights_cut_short': 22, 'touches_reached_late': 57, 'max_late_s': 0.278, 'extreme_flights_lengthened': 1}",94,0,11,0,183,5,52,46,0
3754338,0,0,0,0,12.06,11.8,0,0,3058,0,0,0,652,9.38,0,0,0,0,0,0,12.11,11.8,0,0,3058,0,0,0,652,9.38,0,0,8.86,7.5,26,4954558,30.3,0,0.0539,3905.8,5947.6,93,2115.0,150.4,79.6,156.7,6.02,0,10.32,7.5,19,4955724,30.2,0,0.0539,3906.7,5947.6,93,2115.0,150.4,76.5,152.6,6.02,0,"{'knots': 3036, 'segments': 2232, 'flights_ended_at_next_event': 956, 'flights_cut_short': 17, 'touches_reached_late': 65, 'max_late_s': 0.296, 'extreme_flights_lengthened': 2}",93,0,11,0,150,0,30,41,0
3754339,0,0,0,0,11.96,11.87,0,0,2683,0,0,0,584,9.42,0,0,0,0,0,0,12.09,11.68,0,0,2683,0,0,0,584,9.42,0,0,10.81,7.5,25,4982040,30.1,0,0.0641,3934.8,6202.9,94,2235.2,152.0,69.7,254.6,3.53,0,10.13,7.5,17,4986980,30.1,0,0.0641,3938.6,6202.9,94,2235.2,152.0,69.3,250.4,3.53,0,"{'knots': 2837, 'segments': 2114, 'flights_ended_at_next_event': 936, 'flights_cut_short': 16, 'touches_reached_late': 50, 'max_late_s': 0.344, 'extreme_flights_lengthened': 0}",94,0,11,0,164,0,47,60,0
3754340,0,1,0,0,12.05,12.05,0,0,3021,0,0,0,517,9.39,0,0,0,2,0,0,12.05,12.05,0,0,3021,0,0,0,517,9.39,0,0,9.19,7.5,17,4433044,73.3,28,0.0559,3516.9,6061.4,97,2717.6,156.8,93.4,77.0,12.0,24,9.33,7.5,15,4435068,73.3,29,0.0559,3518.4,6061.4,97,2717.6,156.8,92.7,74.9,12.0,24,"{'knots': 2822, 'segments': 2073, 'flights_ended_at_next_event': 915, 'flights_cut_short': 23, 'touches_reached_late': 67, 'max_late_s': 0.499, 'extreme_flights_lengthened': 2}",97,0,11,0,159,1,30,31,0
3754341,0,0,0,0,12.04,11.93,0,0,2668,0,0,0,434,9.32,0,0,0,0,0,0,12.07,11.9,0,0,2668,0,0,0,434,9.32,0,0,9.96,7.5,17,4313902,30.0,0,0.0643,3441.5,5712.7,106,2408.4,171.4,58.9,93.0,4.01,0,9.87,7.5,17,4319247,30.0,0,0.0643,3445.5,5712.7,106,2408.4,171.4,59.3,89.3,4.01,0,"{'knots': 2651, 'segments': 1959, 'flights_ended_at_next_event': 851, 'flights_cut_short': 16, 'touches_reached_late': 68, 'max_late_s': 0.268, 'extreme_flights_lengthened': 1}",106,0,11,0,124,2,32,35,0
3754342,1,0,0,1,13.13,13.13,0,0,2920,0,0,0,517,9.45,0,0,1,0,0,1,12.42,12.0,0,0,2920,0,0,0,517,9.45,0,0,9.27,7.5,12,4389484,30.1,0,0.0584,3500.2,5645.5,107,2339.7,173.0,83.2,61.8,4.24,0,9.71,7.5,15,4384534,30.0,0,0.0584,3496.4,5645.5,107,2339.7,173.0,79.5,61.9,4.24,0,"{'knots': 2768, 'segments': 2055, 'flights_ended_at_next_event': 883, 'flights_cut_short': 20, 'touches_reached_late': 62, 'max_late_s': 0.238, 'extreme_flights_lengthened': 5}",108,0,11,0,130,4,27,38,0
3754343,0,0,0,0,12.13,11.76,0,0,2893,0,0,0,514,9.48,0,0,0,0,0,0,12.13,11.72,0,0,2893,0,0,0,514,9.48,0,0,10.89,7.5,39,4656761,30.0,0,0.064,3722.3,5888.2,119,2298.8,192.4,93.7,153.2,6.02,0,11.32,7.5,31,4660303,30.0,0,0.064,3724.9,5888.2,119,2298.8,192.4,93.2,150.0,6.02,0,"{'knots': 2724, 'segments': 2088, 'flights_ended_at_next_event': 900, 'flights_cut_short': 28, 'touches_reached_late': 72, 'max_late_s': 0.185, 'extreme_flights_lengthened': 4}",121,0,11,0,176,0,58,62,0
3754344,0,0,0,0,11.96,11.84,0,0,3030,0,0,0,767,9.44,0,0,0,0,0,0,11.99,11.99,0,0,3030,0,0,0,767,9.44,0,0,8.58,7.5,22,4801008,30.0,0,0.05,3878.7,5784.7,89,2007.1,143.9,70.0,112.7,6.02,0,8.82,7.5,21,4804382,30.0,0,0.05,3881.4,5784.7,89,2007.1,143.9,69.4,109.5,6.02,0,"{'knots': 3180, 'segments': 2324, 'flights_ended_at_next_event': 1042, 'flights_cut_short': 13, 'touches_reached_late': 45, 'max_late_s': 0.5, 'extreme_flights_lengthened': 0}",89,0,11,0,162,0,35,32,0
3754345,0,0,0,0,11.96,11.96,0,0,3152,0,0,0,646,9.31,0,0,0,0,0,0,12.06,12.06,0,0,3152,0,0,0,646,9.31,0,0,10.23,7.5,26,4720782,385.5,15,0.1799,3756.1,5721.0,110,2186.6,177.8,111.7,67.8,12.0,51,10.76,7.5,23,4720518,385.4,15,0.1799,3755.9,5721.0,110,2186.6,177.8,109.5,65.8,12.0,51,"{'knots': 3059, 'segments': 2284, 'flights_ended_at_next_event': 957, 'flights_cut_short': 21, 'touches_reached_late': 76, 'max_late_s': 0.091, 'extreme_flights_lengthened': 2}",111,0,11,0,164,0,72,54,0
3754346,0,2,0,0,14.23,14.23,0,0,2882,0,0,0,546,9.28,0,0,0,1,0,0,14.23,14.23,0,0,2882,0,0,0,546,9.28,0,0,10.07,7.5,7,4582710,87.5,1,0.0543,3646.6,5722.1,107,2242.1,173.0,92.8,99.2,12.0,27,10.92,7.5,10,4587088,79.2,1,0.0543,3649.9,5722.1,107,2242.1,173.0,92.8,95.8,12.0,27,"{'knots': 2842, 'segments': 2115, 'flights_ended_at_next_event': 901, 'flights_cut_short': 20, 'touches_reached_late': 63, 'max_late_s': 0.126, 'extreme_flights_lengthened': 0}",108,0,11,0,125,4,20,40,0
3754347,1,0,1,0,13.42,11.75,0,0,2907,0,0,0,611,9.47,0,0,1,0,1,0,13.42,11.75,0,0,2907,0,0,0,611,9.47,0,0,9.78,7.5,25,4601344,30.2,0,0.064,3641.1,5721.6,95,2236.5,153.6,83.7,81.2,11.22,0,10.37,7.5,22,4607240,30.2,0,0.0641,3645.6,5721.6,95,2236.5,153.6,84.1,77.1,11.22,0,"{'knots': 2763, 'segments': 2031, 'flights_ended_at_next_event': 882, 'flights_cut_short': 19, 'touches_reached_late': 62, 'max_late_s': 0.329, 'extreme_flights_lengthened': 2}",96,0,11,0,135,1,30,24,0
3754348,0,0,0,0,12.05,12.05,0,0,2923,0,0,0,563,12.05,1,51,0,0,0,0,12.05,12.05,0,0,2923,0,0,0,563,12.05,1,51,10.21,7.5,17,4355887,30.0,0,0.05,3471.7,5847.4,105,2511.0,169.8,58.2,92.7,6.36,0,8.78,7.5,16,4357405,30.0,0,0.0501,3472.9,5847.4,105,2511.0,169.8,56.6,89.9,6.36,0,"{'knots': 2821, 'segments': 2073, 'flights_ended_at_next_event': 888, 'flights_cut_short': 25, 'touches_reached_late': 76, 'max_late_s': 0.217, 'extreme_flights_lengthened': 0}",105,0,11,0,136,1,32,26,0
3754349,0,2,0,0,12.99,12.01,0,0,3069,0,0,0,519,9.44,0,0,0,2,0,0,13.0,12.06,0,0,3069,0,0,0,519,9.44,0,0,9.8,7.5,28,4326454,30.1,0,0.0711,3476.9,5846.3,122,2647.0,197.2,145.9,65.3,11.99,0,9.88,7.5,26,4325222,30.0,0,0.0711,3476.0,5846.3,122,2647.0,197.2,143.6,63.9,11.99,0,"{'knots': 2724, 'segments': 2108, 'flights_ended_at_next_event': 826, 'flights_cut_short': 30, 'touches_reached_late': 91, 'max_late_s': 0.251, 'extreme_flights_lengthened': 4}",124,0,11,0,227,2,91,90,0
3754350,0,0,0,0,12.43,12.08,0,0,3196,0,0,0,593,9.44,0,0,0,0,0,0,12.43,12.08,0,0,3196,0,0,0,593,9.44,0,0,10.61,7.5,14,4988565,30.1,0,0.0568,3924.6,5921.8,89,2140.0,143.9,89.6,90.6,4.02,0,10.31,7.5,16,4994219,30.1,0,0.0568,3928.9,5921.8,89,2140.0,143.9,89.4,86.1,4.02,0,"{'knots': 2964, 'segments': 2211, 'flights_ended_at_next_event': 931, 'flights_cut_short': 17, 'touches_reached_late': 66, 'max_late_s': 0.296, 'extreme_flights_lengthened': 3}",92,0,11,0,173,1,44,56,0
3754351,0,1,0,0,11.88,11.4,0,0,2765,0,0,0,562,9.1,0,0,0,1,0,0,12.06,11.4,0,0,2765,0,0,0,562,9.1,0,0,10.32,7.5,24,4588914,30.2,0,0.0582,3646.4,5847.4,104,2349.8,168.1,99.0,118.2,6.51,0,10.05,7.5,20,4588034,30.2,0,0.0582,3645.7,5847.4,104,2349.8,168.1,97.1,116.9,6.51,0,"{'knots': 2707, 'segments': 2031, 'flights_ended_at_next_event': 847, 'flights_cut_short': 30, 'touches_reached_late': 87, 'max_late_s': 0.598, 'extreme_flights_lengthened': 5}",104,0,11,0,155,2,39,44,0
