method,held,real_med_disp,flight_s,recon_med_disp
OLD,Sample_Game_1,23.53826697356149,4.199999999999996,10.2442273019266
OLD,Sample_Game_1,7.049903696665439,2.6000000000000227,5.37333628575411
OLD,Sample_Game_1,11.45500911020467,6.0,6.515661355558731
OLD,Sample_Game_1,7.031447225914726,2.8000000000000114,11.789739641659853
OLD,Sample_Game_1,5.355965979053622,6.0,1.585420191565556
OLD,Sample_Game_1,11.683364653676264,3.8000000000000114,12.044253279111395
OLD,Sample_Game_1,6.640505908448861,6.0,2.56497833868891
OLD,Sample_Game_1,5.317803144827266,4.2000000000000455,14.037148948427129
OLD,Sample_Game_1,20.63245224397057,5.399999999999977,22.75474377196985
OLD,Sample_Game_1,34.055491974058114,6.399999999999977,14.169045688674526
OLD,Sample_Game_1,6.478681863224381,6.0,2.908796789060268
OLD,Sample_Game_1,5.406695786324335,3.2000000000000455,13.872431566592706
OLD,Sample_Game_1,11.00173113427082,6.0,3.7495006405191553
OLD,Sample_Game_1,8.508565398304611,2.6000000000000227,9.694321463431777
OLD,Sample_Game_1,9.500059669344967,3.0,8.18228548374853
OLD,Sample_Game_1,6.484175323957307,2.7999999999999545,11.646025418192494
OLD,Sample_Game_1,3.9818558382932654,6.0,1.7688019395101326
OLD,Sample_Game_1,7.391094420825013,3.6000000000000227,14.49880053257856
OLD,Sample_Game_1,10.258966717692907,3.3999999999998636,14.307630088069047
OLD,Sample_Game_1,5.880744391937213,2.7999999999999545,7.729807537145072
OLD,Sample_Game_1,10.240937146032746,4.399999999999864,18.122680489212698
OLD,Sample_Game_1,6.07380310319582,6.0,4.0010227169293255
OLD,Sample_Game_1,5.525670679289977,2.7999999999999545,8.119644458876174
OLD,Sample_Game_1,4.1066567476591604,6.0,4.089479662269802
OLD,Sample_Game_1,6.708047637944165,3.0,14.846164249369522
OLD,Sample_Game_1,6.5294161145434675,2.6000000000001364,10.191450052364566
OLD,Sample_Game_1,6.490423130102079,6.0,2.6317904961775325
OLD,Sample_Game_1,10.065749645513971,5.0,14.569388563351984
OLD,Sample_Game_1,10.154012171400385,2.7999999999999545,8.186940840084459
OLD,Sample_Game_1,14.572785752717625,5.2000000000000455,13.495172864028067
OLD,Sample_Game_1,7.301046518262167,2.7999999999999545,13.383673925703555
OLD,Sample_Game_1,3.545002240360583,2.599999999999909,11.774572981787202
OLD,Sample_Game_1,22.381386482314454,5.2000000000000455,13.091890863890827
OLD,Sample_Game_1,11.41937225038657,6.0,5.485808507124673
OLD,Sample_Game_1,7.182602391123903,3.0,7.819279289065863
OLD,Sample_Game_1,10.101398413477032,3.799999999999727,14.131267314553156
OLD,Sample_Game_1,12.448679240682349,3.0,9.638560577957099
OLD,Sample_Game_1,6.990738622575469,6.0,2.9600194875994967
OLD,Sample_Game_1,7.048367703420063,3.599999999999909,13.867316641554002
OLD,Sample_Game_1,10.228871141698047,2.800000000000182,11.502272495740977
OLD,Sample_Game_1,9.213023130836326,6.0,2.594581951525347
OLD,Sample_Game_1,10.812851995606339,3.599999999999909,12.941648110195967
OLD,Sample_Game_1,22.686261961305124,7.199999999999818,17.165142882693367
OLD,Sample_Game_1,8.451828147514611,3.599999999999909,14.449878695117249
OLD,Sample_Game_1,22.626384234095756,6.600000000000364,13.326516479837409
OLD,Sample_Game_1,4.428111464052483,6.0,1.9351945779290465
OLD,Sample_Game_1,13.74143730231414,3.799999999996544,15.376781722808932
OLD,Sample_Game_1,4.538052874267189,2.9999999999972715,9.372461030226674
OLD,Sample_Game_1,9.481589324926757,6.0,5.017768384478848
OLD,Sample_Game_1,10.923814595456108,6.0,21.320194322564838
OLD,Sample_Game_1,6.840434693054403,2.9999999999972715,13.795328119477723
OLD,Sample_Game_1,6.518010875763573,3.599999999996726,12.904903998911582
OLD,Sample_Game_1,11.912525545626604,6.0,7.242199617874888
OLD,Sample_Game_1,9.631822891664982,5.999999999994543,14.636607032643864
OLD,Sample_Game_1,27.711225045162816,5.799999999994725,11.296526840573256
OLD,Sample_Game_1,7.614193721606352,2.5999999999976353,9.25436337901463
OLD,Sample_Game_1,10.035060235825728,6.0,6.308032284938779
OLD,Sample_Game_1,7.060692248761512,3.1999999999970896,8.992486278997163
OLD,Sample_Game_1,5.918484715250138,2.7999999999974534,11.714514517267425
OLD,Sample_Game_1,6.219767615758608,2.7999999999974534,7.6414660057883825
OLD,Sample_Game_1,13.954957103320183,6.0,13.982573414659045
OLD,Sample_Game_1,7.588935333845024,6.0,2.2255431890102235
OLD,Sample_Game_1,14.30402420567233,6.0,19.930113873480614
OLD,Sample_Game_1,12.356759183181211,3.3999999999969077,10.05801584194958
OLD,Sample_Game_1,13.622325770207613,6.0,7.641477824776429
OLD,Sample_Game_1,8.161207188750684,6.0,7.422228934701943
OLD,Sample_Game_1,4.429026639840979,3.3999999999969077,8.436749959596797
OLD,Sample_Game_1,7.254482042695811,6.0,5.040446799513356
OLD,Sample_Game_1,13.779810491600845,2.7999999999974534,12.621041485616441
OLD,Sample_Game_1,8.954630798663665,2.7999999999974534,9.078727328010647
OLD,Sample_Game_1,25.950946554585542,6.799999999993815,16.094640636383925
OLD,Sample_Game_1,6.247398855362115,2.599999999996726,8.390163506959807
OLD,Sample_Game_1,15.052804293092738,6.0,10.67689053677563
OLD,Sample_Game_1,17.64356160237321,3.999999999996362,18.77861473514641
OLD,Sample_Game_1,21.97703995729482,5.599999999994907,11.659869118974937
OLD,Sample_Game_1,5.915488795316396,3.599999999996726,8.536366703863433
OLD,Sample_Game_1,2.6149793866171462,3.7999999999974534,5.409040781245716
OLD,Sample_Game_1,8.255472249098286,3.1999999999970896,14.35186598889419
OLD,Sample_Game_1,12.199374195533721,6.0,7.924802453125844
OLD,Sample_Game_1,3.7237088481848786,3.599999999996726,12.075495963418941
OLD,Sample_Game_1,11.049943950559062,4.399999999995998,11.858000766612196
OLD,Sample_Game_1,5.295661720084402,5.999999999994543,9.851993132777345
OLD,Sample_Game_1,7.581556090089216,4.999999999994543,16.67618907827263
OLD,Sample_Game_1,27.302447397947198,5.399999999994179,9.266740979522059
OLD,Sample_Game_1,6.24335456880582,3.999999999996362,9.027749599165757
OLD,Sample_Game_1,7.048708480773619,2.7999999999974534,11.541376373199345
OLD,Sample_Game_1,4.055397238833798,2.599999999998545,12.446828024025645
OLD,Sample_Game_1,4.356184024805382,2.599999999996726,9.751112059963397
OLD,Sample_Game_1,2.368837907089131,4.399999999995998,3.693426818363688
OLD,Sample_Game_1,5.519524542841276,6.0,8.19506685533862
OLD,Sample_Game_1,20.50789712230222,5.399999999995998,11.806830049502091
OLD,Sample_Game_1,10.938411282670577,3.599999999996726,11.25699739830861
OLD,Sample_Game_1,7.747187069037207,2.599999999996726,11.105052361087088
OLD,Sample_Game_1,8.90555554974684,6.0,7.834479486100005
OLD,Sample_Game_1,3.514471755579569,5.199999999995271,9.425150603874844
OLD,Sample_Game_1,23.83565884892096,4.799999999995634,16.998990681452334
OLD,Sample_Game_2,6.244908832221478,2.8000000000000043,12.050445951026111
OLD,Sample_Game_2,7.363517652805337,3.6000000000000085,11.867752474654111
OLD,Sample_Game_2,10.199429499563855,3.200000000000003,11.980923777159376
OLD,Sample_Game_2,5.263571279324251,3.200000000000017,12.440313523011596
OLD,Sample_Game_2,4.496065749443428,6.0,3.8713581472501657
OLD,Sample_Game_2,6.784607259295374,3.0,7.612963155568043
OLD,Sample_Game_2,10.060803318119959,3.6000000000000227,10.618575000520263
OLD,Sample_Game_2,8.624789348637865,2.6000000000000227,9.937483113250792
OLD,Sample_Game_2,5.474208820241411,2.599999999999909,11.309919367708044
OLD,Sample_Game_2,7.7727831736587945,3.0,9.720312024321897
OLD,Sample_Game_2,9.164819793983328,3.199999999999932,11.622588157455006
OLD,Sample_Game_2,8.739585514173083,3.0,13.610461992534274
OLD,Sample_Game_2,9.572501022660036,3.7999999999999545,11.127085181530195
OLD,Sample_Game_2,6.321723833147275,4.0,11.654796637945008
OLD,Sample_Game_2,8.782721560247115,6.0,18.315588223025706
OLD,Sample_Game_2,16.270027142116827,8.0,12.835873893660871
OLD,Sample_Game_2,17.128500864135205,5.7999999999999545,12.816172775977893
OLD,Sample_Game_2,10.500508343595524,2.800000000000182,9.18328954385375
OLD,Sample_Game_2,11.861668972136854,5.0,26.030435400218927
OLD,Sample_Game_2,9.935140904657725,3.7999999999999545,13.093463745063897
OLD,Sample_Game_2,10.13826307773271,6.0,9.416206728266985
OLD,Sample_Game_2,22.778347720266964,6.0,23.096767085833058
OLD,Sample_Game_2,13.554158921745376,6.0,4.902510605491917
OLD,Sample_Game_2,4.920417008479731,3.599999999999909,15.249397472272808
OLD,Sample_Game_2,5.7581217965964715,2.7999999999999545,7.677294913894281
OLD,Sample_Game_2,7.342967937040426,2.599999999999909,10.269880659574362
OLD,Sample_Game_2,26.566300350044422,5.7999999999999545,10.710532546932956
OLD,Sample_Game_2,9.66663552171002,4.0,18.094793946046117
OLD,Sample_Game_2,5.304817442402883,3.0,13.111732954782816
OLD,Sample_Game_2,7.757569474705937,2.800000000000182,13.609164330532458
OLD,Sample_Game_2,7.567997251275333,6.0,4.80459650203999
OLD,Sample_Game_2,4.162519034280405,2.599999999999909,11.303303440321198
OLD,Sample_Game_2,12.285152492179986,5.199999999995271,14.041793886008332
OLD,Sample_Game_2,22.34283660061609,6.0,15.83126954649087
OLD,Sample_Game_2,5.230070326280732,3.1999999999970896,7.975073042737113
OLD,Sample_Game_2,7.331561166926316,6.0,2.5223184517654853
OLD,Sample_Game_2,4.782549539227371,6.0,4.318236759932876
OLD,Sample_Game_2,17.822760799561273,6.0,3.051727006737403
OLD,Sample_Game_2,16.396916104579432,6.0,4.687782570854978
OLD,Sample_Game_2,13.980608111138164,5.999999999994543,17.418520866860476
OLD,Sample_Game_2,6.613072054234611,3.1999999999970896,13.377328050965065
OLD,Sample_Game_2,8.234544032853643,6.0,10.88281510594615
OLD,Sample_Game_2,16.777467522559753,6.0,7.016868577254892
OLD,Sample_Game_2,5.559724685229645,5.799999999994725,20.668568541811695
OLD,Sample_Game_2,7.575699394336301,2.9999999999972715,12.097085270758852
OLD,Sample_Game_2,9.871359512514596,6.0,6.204666175682741
OLD,Sample_Game_2,5.226824075920467,6.0,3.3858703107907173
OLD,Sample_Game_2,10.674131899271966,5.799999999994725,12.31075869353627
OLD,Sample_Game_2,2.999757189694174,2.5999999999976353,6.960099994692953
OLD,Sample_Game_2,10.521548259064218,6.0,16.309688631293874
OLD,Sample_Game_2,5.35765582434334,2.5999999999976353,9.88811659748648
OLD,Sample_Game_2,8.124151404263474,3.1999999999970896,9.697475127762926
OLD,Sample_Game_2,7.15759232367826,5.399999999995089,11.542069434763862
OLD,Sample_Game_2,8.101930881200708,3.1999999999970896,15.815183776597259
OLD,Sample_Game_2,11.580822937646015,6.0,5.224609909511347
OLD,Sample_Game_2,6.541120624285961,6.0,4.4610519280014636
OLD,Sample_Game_2,20.716255093453825,4.599999999995816,17.16516775761675
OLD,Sample_Game_2,6.628203858786636,3.799999999996544,9.997894673555445
OLD,Sample_Game_2,8.202560750361087,3.599999999996726,6.541065565251547
OLD,Sample_Game_2,4.473683695156967,6.0,1.5115273843827541
OLD,Sample_Game_2,7.184966553321878,4.599999999995816,16.130088733608957
OLD,Sample_Game_2,5.05414959667117,6.0,12.849250212698406
OLD,Sample_Game_2,5.197042418788846,2.5999999999976353,7.303234222987349
OLD,Sample_Game_2,12.545243971839028,4.19999999999618,12.936126759796302
OLD,Sample_Game_2,28.101831995422437,5.399999999995089,9.426990351886767
OLD,Sample_Game_2,21.19130811251864,6.0,16.598166853523814
OLD,Sample_Game_2,8.449542524266112,5.999999999994543,10.344404997000908
OLD,Sample_Game_2,10.294604779727209,4.19999999999618,11.357316717256495
OLD,Sample_Game_2,5.353872730904429,6.0,2.0444832615556705
OLD,Sample_Game_2,2.5405702314358938,3.599999999996726,12.68011469786304
OLD,Sample_Game_2,6.995970060955379,3.1999999999970896,14.780922049338582
OLD,Sample_Game_3,11.66133251077638,6.0,8.826903570904623
OLD,Sample_Game_3,16.03653070304081,4.399999999999977,16.904640028305526
OLD,Sample_Game_3,17.747560518758853,5.999999999999972,16.14069541223745
OLD,Sample_Game_3,7.367447798601927,4.399999999999977,8.103282714147488
OLD,Sample_Game_3,14.223892684801921,6.0,11.288634565327158
OLD,Sample_Game_3,6.96639066713481,2.599999999999966,7.665365737809679
OLD,Sample_Game_3,9.281612184702817,5.399999999999977,8.83057037200086
OLD,Sample_Game_3,13.007939019710356,6.0,6.2483977190405255
OLD,Sample_Game_3,7.992677876876781,3.0,12.384203352559066
OLD,Sample_Game_3,15.18336132990698,6.0,5.879381071958033
OLD,Sample_Game_3,12.78600776664436,5.399999999999977,11.54672706782026
OLD,Sample_Game_3,8.050776009636875,3.599999999999909,11.164733857201488
OLD,Sample_Game_3,6.691080463152527,2.6000000000000227,10.710485228241591
OLD,Sample_Game_3,13.618930827546738,6.0,10.223040289270493
OLD,Sample_Game_3,7.7169833683720395,3.199999999999932,7.931711981668512
OLD,Sample_Game_3,11.890620007692863,3.7999999999999545,13.035023471492863
OLD,Sample_Game_3,9.758358311025518,4.600000000000023,10.219953852986922
OLD,Sample_Game_3,7.169798099650663,3.6000000000000227,11.370915404108992
OLD,Sample_Game_3,5.2030437642601886,3.800000000000068,9.056594970613283
OLD,Sample_Game_3,12.383053134038459,4.199999999999932,12.274010851282075
OLD,Sample_Game_3,6.183178416593705,4.199999999999932,12.110686488443653
OLD,Sample_Game_3,7.837389709300439,3.2000000000000455,10.20293258420364
OLD,Sample_Game_3,4.6661455798353115,3.6000000000000227,9.745766287220782
OLD,Sample_Game_3,9.205179226167878,3.0,11.548747612140286
OLD,Sample_Game_3,15.331740675047717,5.800000000000182,22.807378652514668
OLD,Sample_Game_3,11.383106975985761,3.2000000000000455,8.04783433935318
OLD,Sample_Game_3,14.053141355883703,5.599999999999909,17.75662736012763
OLD,Sample_Game_3,10.98274201901668,3.400000000000091,10.586458896080675
OLD,Sample_Game_3,4.167331342183537,3.2000000000000455,9.525006742722443
OLD,Sample_Game_3,9.909581735337417,6.0,12.594473492101194
OLD,Sample_Game_3,9.504880693017812,3.7999999999999545,8.843434177324228
OLD,Sample_Game_3,16.46356869987151,6.0,7.716349748094391
OLD,Sample_Game_3,10.907650654153755,6.0,18.466024249963944
OLD,Sample_Game_3,10.41753788522865,6.0,7.191333904975392
OLD,Sample_Game_3,9.666636613485693,3.2000000000000455,8.660035944977551
OLD,Sample_Game_3,8.523397432802552,3.400000000000091,10.855091811142273
OLD,Sample_Game_3,6.482393828576207,2.7999999999999545,7.433044075851669
OLD,Sample_Game_3,6.188330785632328,2.599999999999909,12.595174698406803
OLD,Sample_Game_3,8.392584099767053,6.0,11.397694351291603
OLD,Sample_Game_3,12.028598088646923,6.0,4.10735918569201
OLD,Sample_Game_3,14.5674333779838,5.0,8.947333863415352
OLD,Sample_Game_3,8.026257154649063,6.0,3.8216189551608943
OLD,Sample_Game_3,11.242704874353578,5.399999999999864,11.464580496456877
OLD,Sample_Game_3,8.696561053437028,4.0,9.297596038866173
OLD,Sample_Game_3,17.54063646256424,6.0,2.7119394444337512
OLD,Sample_Game_3,8.845487329602808,5.199999999999818,15.364549431619478
OLD,Sample_Game_3,3.6111919915048425,2.800000000000182,11.443340910529248
OLD,Sample_Game_3,5.028952327797683,4.199999999999818,11.036128690115504
OLD,Sample_Game_3,16.439164307480446,5.199999999999818,8.29909160120112
OLD,Sample_Game_3,5.9195321017846805,2.800000000000182,10.224624227274827
OLD,Sample_Game_3,15.396930111048432,3.0,9.958187941095677
OLD,Sample_Game_3,9.780304705170671,6.0,13.51952383074627
OLD,Sample_Game_3,8.477874246894347,3.799999999999727,11.889040673274799
OLD,Sample_Game_3,9.440172275679327,4.200000000000273,10.438943218434979
OLD,Sample_Game_3,5.196211978408181,4.199999999999818,5.698625751763206
OLD,Sample_Game_3,12.62315992517214,4.400000000000091,9.816655380317691
OLD,Sample_Game_3,13.830141890014598,5.800000000000182,11.944416147865068
OLD,Sample_Game_3,11.903223257096828,6.0,15.57196179465782
OLD,Sample_Game_3,10.115621202980677,5.599999999999994,10.678620340619018
OLD,Sample_Game_3,5.713376637677012,2.799999999999983,6.843759111905009
OLD,Sample_Game_3,12.847759694208925,6.0,6.112831838363933
OLD,Sample_Game_3,6.259036510181824,3.4000000000000057,10.009048515559929
OLD,Sample_Game_3,8.53978565740134,3.0,8.896381840739569
OLD,Sample_Game_3,13.847142911282551,6.0,3.7709146890944427
OLD,Sample_Game_3,5.403414721195887,4.199999999999989,10.170953477138116
OLD,Sample_Game_3,8.697290954864137,2.6000000000000227,10.70985381193417
OLD,Sample_Game_3,8.823290409335756,3.599999999999909,14.967035500032551
OLD,Sample_Game_3,11.170648364681226,3.199999999999932,13.421338659107338
OLD,Sample_Game_3,7.919371977637502,3.400000000000091,9.830644578459971
OLD,Sample_Game_3,17.72772044464711,4.399999999999977,7.8207754055054695
OLD,Sample_Game_3,8.315505392387951,3.2000000000000455,9.5699134882863
OLD,Sample_Game_3,16.244650967618924,3.7999999999999545,7.649877338619804
OLD,Sample_Game_3,4.226788841839795,5.399999999999977,11.731701929723897
OLD,Sample_Game_3,10.488400934769643,4.199999999999932,14.003959207251652
OLD,Sample_Game_3,7.79996087013426,4.2000000000000455,12.729330540683918
OLD,Sample_Game_3,5.760108274311664,4.999999999999886,11.328580008672404
OLD,Sample_Game_3,11.70785213888027,6.0,8.387664348063176
OLD,Sample_Game_3,4.650025026474581,4.400000000000091,9.43195616948113
OLD,Sample_Game_3,11.579017903223788,2.6000000000001364,9.861780541062512
OLD,Sample_Game_3,7.483935386162388,6.0,2.5669454621554877
OLD,Sample_Game_3,10.646018234911361,6.0,12.669649124476187
OLD,Sample_Game_3,9.353913079095172,4.199999999999818,7.472957992984908
OLD,Sample_Game_3,12.771180583439818,4.199999999999818,12.075771742195714
OLD,Sample_Game_3,12.930379306897569,3.599999999999909,12.348382948689656
OLD,Sample_Game_3,10.442016305905343,3.599999999999909,14.976186368331977
OLD,Sample_Game_3,4.3063618054491,6.0,2.030287456303676
OLD,Sample_Game_3,8.338323256254572,3.2000000000000455,10.148916393797581
OLD,Sample_Game_3,11.236207624609353,5.2000000000000455,18.108064535386397
OLD,Sample_Game_3,19.69980360193473,4.400000000000091,12.449034349385709
OLD,Sample_Game_3,7.545376885725576,3.0,7.3253222610171935
OLD,Sample_Game_3,17.769851641968103,3.599999999999909,10.871675219639112
OLD,Sample_Game_3,8.464244563937019,6.0,5.81577590533991
OLD,Sample_Game_3,6.08186243066592,2.599999999999909,10.41282402305761
OLD,Sample_Game_3,4.27628835048634,5.2000000000000455,11.81017924995832
OLD,Sample_Game_3,13.53822942702163,4.199999999999818,12.266182928541618
OLD,Sample_Game_3,7.243386929483936,6.0,8.526568872457517
OLD,Sample_Game_3,10.868626546690434,3.2000000000000455,10.832622514276128
OLD,Sample_Game_3,6.154418547560064,3.0,12.65400115584691
OLD,Sample_Game_3,3.6550853805003873,3.0,8.850123103893623
OLD,Sample_Game_3,15.514728541852724,4.800000000000182,14.71659282557038
OLD,Sample_Game_3,9.141271434421519,3.400000000000091,14.553152780134816
OLD,Sample_Game_3,9.290944811669593,6.0,3.4623560801006477
OLD,Sample_Game_3,9.515507561099792,6.0,12.858632744196939
OLD,Sample_Game_3,12.191567789559624,4.0,7.0148709843996375
OLD,Sample_Game_3,14.756766245661906,6.0,3.6152964426371597
OLD,Sample_Game_3,18.27763407948001,3.799999999999727,13.911658827477869
OLD,Sample_Game_3,6.5799276110209615,3.0,6.130030070333332
OLD,Sample_Game_3,7.356112830517872,2.600000000000364,7.830536903268973
OLD,Sample_Game_3,29.06978081522413,6.0,3.413406820361918
OLD,Sample_Game_3,2.7771908339871985,3.599999999999909,10.75469905557663
OLD,Sample_Game_3,11.106360981868947,5.200000000000273,11.010999703535767
OLD,Sample_Game_3,9.350669942988642,3.200000000000273,9.305704223299186
OLD,Sample_Game_3,13.394633733018619,6.0,2.130575090625281
OLD,Sample_Game_3,9.860563412318264,5.599999999999909,11.562691767588657
OLD,Sample_Game_3,7.799096407141072,3.400000000000091,7.99821952542484
OLD,Sample_Game_3,16.021277931910262,6.0,16.88956990779817
OLD,Sample_Game_3,7.547367842271035,4.800000000000182,14.074325525607094
OLD,Sample_Game_3,12.854097647583554,5.199999999999818,12.363978700115831
OLD,J03WPY,8.795602694378339,2.8,13.696724283082514
OLD,J03WPY,4.044501385112701,2.6000000000000014,6.571429135422578
OLD,J03WPY,16.21576763578408,6.0,10.708299767846285
OLD,J03WPY,8.154734766286873,3.0,9.198804864415067
OLD,J03WPY,7.942935132692201,3.200000000000017,8.50074523342292
OLD,J03WPY,5.705277706688334,2.799999999999983,11.089544064956966
OLD,J03WPY,6.600285275158911,2.8000000000000114,8.303142258887402
OLD,J03WPY,10.52513485813969,3.6000000000000227,10.203416467127841
OLD,J03WPY,8.190254472139955,2.800000000000068,11.31186842945813
OLD,J03WPY,14.081164997204585,4.600000000000023,11.723123054567697
OLD,J03WPY,13.84086016692869,6.0,4.099952473644407
OLD,J03WPY,3.2969074666252194,2.6000000000000227,5.051651484511778
OLD,J03WPY,4.919045208303737,3.2000000000000455,11.122333040848854
OLD,J03WPY,7.360404091794191,3.0,12.429779296146284
OLD,J03WPY,14.227352647399831,4.399999999999977,14.808983128791281
OLD,J03WPY,11.160254949496327,3.2000000000000455,12.082689597612806
OLD,J03WPY,5.587588038561298,6.0,1.7971436011542394
OLD,J03WPY,9.303612341027453,2.6000000000001364,14.845801339402453
OLD,J03WPY,12.129459350111153,3.800000000000182,14.303978644057523
OLD,J03WPY,5.829657340538257,2.7999999999999545,11.351573576398227
OLD,J03WPY,17.517864512438923,4.0,12.886041858187191
OLD,J03WPY,7.574404416360739,6.0,12.755253664550391
OLD,J03WPY,7.3299207736379834,3.0,13.696714163412063
OLD,J03WPY,7.738158191526909,5.599999999999909,14.331628675413533
OLD,J03WPY,7.196863464905194,6.0,1.1744704508801942
OLD,J03WPY,14.632859152019556,4.2000000000000455,9.80853229131915
OLD,J03WPY,9.401555068080807,2.7999999999999545,14.500247453823084
OLD,J03WPY,16.669126806276772,4.599999999999909,22.11225424387802
OLD,J03WPY,10.279181732542312,3.0,7.909392335701483
OLD,J03WPY,2.1058840004649118,2.800000000000182,8.553491205727775
OLD,J03WPY,3.6714408513251646,2.6000000000001364,7.580205544224814
OLD,J03WPY,6.143836037078666,4.0,9.477981766098477
OLD,J03WPY,9.237087705340556,3.7999999999999545,12.919150644544047
OLD,J03WPY,9.706654521843179,3.599999999999909,10.630441984266195
OLD,J03WPY,3.5020987067934715,2.599999999999909,7.004967511546475
OLD,J03WPY,29.80727268413553,7.0,15.173148305342202
OLD,J03WPY,9.729728594883806,2.7999999999999545,12.713607882911248
OLD,J03WPY,6.215276251998431,4.399999999999864,15.829800587851292
OLD,J03WPY,6.729796061370518,3.0,13.55350313413306
OLD,J03WPY,11.678993858225091,3.599999999999909,11.845612052352784
OLD,J03WPY,8.051783340556339,2.599999999999909,15.132109672891927
OLD,J03WPY,12.452560122658916,3.400000000000091,16.420317319676553
OLD,J03WPY,12.294516687852461,5.199999999999818,12.857008465544425
OLD,J03WPY,6.586232596675311,3.199999999999818,7.003711575810847
OLD,J03WPY,7.650712841457632,3.400000000000091,9.498910777533528
OLD,J03WPY,9.84107297873516,6.0,4.403637623781755
OLD,J03WPY,26.184243296012504,5.400000000000091,8.822274636029798
OLD,J03WPY,7.246332330930013,3.399999999999636,9.963427273842843
OLD,J03WPY,8.22166533512991,3.800000000000182,10.125098869791074
OLD,J03WPY,31.866177797983283,5.599999999999909,14.091210752157501
OLD,J03WPY,4.851468242055482,2.6000000000000227,8.124574327779273
OLD,J03WPY,30.350863543055905,6.0,23.428237203371236
OLD,J03WPY,4.26789841491151,4.399999999999977,9.928090507858226
OLD,J03WPY,11.34751228371333,3.6000000000000227,13.13276680028648
OLD,J03WPY,6.214772466499916,3.6000000000000227,9.716137738392888
OLD,J03WPY,46.387966848495125,10.0,25.494234051215173
OLD,J03WPY,5.327951870411777,3.0,9.827635333280908
OLD,J03WPY,9.679250601757278,3.0,15.524733321369236
OLD,J03WPY,9.532051450954452,3.7999999999999545,17.14106771923211
OLD,J03WPY,9.218171136742185,2.7999999999999545,7.492749936337344
OLD,J03WPY,29.057588622483394,6.2000000000000455,13.92323877589687
OLD,J03WPY,7.431109839503376,2.7999999999999545,5.16534565200115
OLD,J03WPY,9.693050002482646,3.799999999999727,8.24499455302679
OLD,J03WPY,13.718561986012906,3.599999999999909,14.58128785678958
OLD,J03WPY,7.246577967927743,3.0,8.931763663545482
OLD,J03WPY,9.975586001481766,4.800000000000182,9.249024436635132
OLD,J03WPY,10.885792350650306,5.199999999999818,17.395341226668446
OLD,J03WPY,11.478297482683113,3.800000000000182,8.424666807184053
OLD,J03WPY,12.685730120933457,3.399999999999636,9.74398751527422
OLD,J03WPY,4.52362263374992,4.0,8.33416152150468
OLD,J03WPY,10.650051569466003,3.400000000000091,9.65919520464822
OLD,J03WPY,7.016202936719169,6.0,4.940705305809862
OLD,J03WPY,7.115519390282911,2.800000000000182,8.360990796555416
OLD,J03WPY,8.220650267256351,2.599999999999909,11.878540418651015
OLD,J03WPY,5.856660991588378,3.800000000000182,15.511123178404075
OLD,J03WPY,5.385933638802515,2.599999999999909,4.693114148760092
OLD,J03WPY,7.607210005886129,3.400000000000091,15.40094657466955
OLD,J03WPY,13.295169396273437,3.599999999999909,15.612908712852828
OLD,J03WPY,12.83720164324712,3.0,13.201758340711626
OLD,J03WPY,11.658790230513873,2.799999999999727,9.689002722751582
OLD,J03WPY,14.90379790107963,3.400000000000091,14.566174329985552
OLD,J03WPY,6.323582994873574,6.0,6.6762858654093495
OLD,J03WPY,10.017297136157243,2.599999999999909,10.768234636089737
OLD,J03WPY,5.046035266796693,3.400000000000091,8.269327557874526
OLD,J03WMX,17.24430952625377,4.0,16.540041155878228
OLD,J03WMX,8.809657311906083,3.1999999999999886,15.48034436945391
OLD,J03WMX,5.162729230343319,4.399999999999977,9.978541270789556
OLD,J03WMX,11.614304126740315,3.6000000000000227,8.625202429698277
OLD,J03WMX,12.011053688353728,4.600000000000023,20.037008094243333
OLD,J03WMX,6.65438940229682,6.0,3.3793087290019717
OLD,J03WMX,7.748114379969323,2.6000000000000227,8.428129209913816
OLD,J03WMX,7.866493935822307,3.3999999999999773,8.813395602412118
OLD,J03WMX,11.296264830109209,6.0,5.973309325044972
OLD,J03WMX,4.094253350393436,3.6000000000000227,11.60222317301818
OLD,J03WMX,11.410765180722848,6.0,12.058004046715265
OLD,J03WMX,17.615661962238192,3.3999999999998636,10.792223973393114
OLD,J03WMX,13.848001721495363,4.400000000000091,11.336499936450785
OLD,J03WMX,10.937511346179573,3.400000000000091,16.53430936297456
OLD,J03WMX,5.00600837273443,2.7999999999999545,13.54786744402419
OLD,J03WMX,4.863623085015484,2.7999999999999545,13.287247185978192
OLD,J03WMX,10.54343048498335,3.7999999999999545,10.012706539437392
OLD,J03WMX,13.358296866198106,3.599999999999909,14.671971157869407
OLD,J03WMX,6.8339977541410555,6.0,6.686098749705284
OLD,J03WMX,9.328133718921094,2.6000000000001364,11.052145719153112
OLD,J03WMX,7.787337520130109,3.2000000000000455,8.23460054782888
OLD,J03WMX,7.900376486661608,4.0,10.172276811745835
OLD,J03WMX,8.787248939841692,3.2000000000000455,12.327604214942795
OLD,J03WMX,6.074392324614562,5.2000000000000455,12.02698083867742
OLD,J03WMX,20.304755288342925,4.599999999999909,9.994522239839574
OLD,J03WMX,8.958528929854754,3.2000000000000455,15.08615444113626
OLD,J03WMX,11.91955853473021,5.2000000000000455,14.351655441001883
OLD,J03WMX,4.112699666116432,2.599999999999909,7.820845262923386
OLD,J03WMX,11.004826891428152,4.400000000000091,12.780195639246749
OLD,J03WMX,31.600050867119208,7.0,19.287821483003086
OLD,J03WMX,13.613418832484252,4.399999999999864,13.64957677308701
OLD,J03WMX,6.775365364869767,3.6000000000001364,15.30079397275041
OLD,J03WMX,8.761639684112552,3.599999999999909,9.480788528143302
OLD,J03WMX,10.504432132827908,4.400000000000091,9.704972762009447
OLD,J03WMX,5.835516743686474,3.800000000000182,13.539357664924697
OLD,J03WMX,12.475133699195533,6.0,1.7163109755479027
OLD,J03WMX,5.903467649423001,3.800000000000182,9.213911755582686
OLD,J03WMX,10.705532638588927,3.600000000000364,12.9065047974259
OLD,J03WMX,9.97394995119762,6.0,3.9513808932712635
OLD,J03WMX,7.193446981986134,3.599999999999909,9.401972388832462
OLD,J03WMX,6.898976298024174,5.399999999999636,11.37431816243539
OLD,J03WMX,35.61508004434312,7.400000000000006,14.737686685654957
OLD,J03WMX,3.7358039522682844,2.799999999999983,7.75551955637952
OLD,J03WMX,3.9150899637992267,2.5999999999999943,6.962048500573425
OLD,J03WMX,6.253690422655625,3.1999999999999886,13.842799044416402
OLD,J03WMX,12.357381283754911,3.8000000000000114,10.041875178882556
OLD,J03WMX,10.365844134460964,3.599999999999966,8.38185719707
OLD,J03WMX,7.501304183564983,6.0,15.76169402239928
OLD,J03WMX,9.842589174585855,3.0,12.815003241270908
OLD,J03WMX,9.540227931439603,4.2000000000000455,8.802532394679119
OLD,J03WMX,3.5113697753625575,2.6000000000000227,11.429957188774658
OLD,J03WMX,6.598788032530722,2.7999999999999545,15.304858604314298
OLD,J03WMX,8.069609624450766,3.3999999999999773,13.482417597106217
OLD,J03WMX,11.398344549056269,3.3999999999999773,10.39186189853216
OLD,J03WMX,19.84569587999058,5.0,14.094036264493525
OLD,J03WMX,6.744566130351579,5.399999999999977,12.415002565927095
OLD,J03WMX,10.915374704005195,6.0,16.569383008137457
OLD,J03WMX,3.957229779166282,3.6000000000000227,11.27673141312465
OLD,J03WMX,11.83077403580268,4.0,16.531497917849972
OLD,J03WMX,15.128363589514851,4.0,6.865329899920793
OLD,J03WMX,7.955632380969636,4.400000000000091,9.59312372350519
OLD,J03WMX,7.016738876378961,4.2000000000000455,8.304271538543112
OLD,J03WMX,9.652218397585974,6.0,4.5630096482951465
OLD,J03WMX,6.077791404328741,2.599999999999909,6.752566146407706
OLD,J03WMX,10.53107176266995,4.399999999999864,9.818842453546123
OLD,J03WMX,26.848261083570343,6.0,16.427057395121754
OLD,J03WMX,6.875403450436444,3.0,10.813871352771187
OLD,J03WMX,7.333955946307366,3.400000000000091,9.909292461762004
OLD,J03WMX,7.280657454514259,4.399999999999636,13.096646955610597
OLD,J03WMX,5.3743811245798305,4.0,7.512717828752411
OLD,J03WMX,5.39309355051542,2.799999999999727,13.714045263373993
OLD,J03WMX,7.129645802376663,3.0,12.408799529318895
OLD,J03WMX,6.54083527101305,3.0,12.802719187695494
OLD,J03WMX,8.330752587343962,2.599999999999909,11.224007422933637
OLD,J03WMX,6.609789837842717,3.200000000000273,17.18363787546234
OLD,J03WN1,10.052329937934768,3.2000000000000006,15.286720907164396
OLD,J03WN1,14.135378257744163,4.199999999999989,16.751981201937188
OLD,J03WN1,7.507379803863777,3.4000000000000057,13.90878259831534
OLD,J03WN1,8.14539899918292,5.199999999999989,9.584469813277508
OLD,J03WN1,7.847106131903407,2.8000000000000114,11.438622447063334
OLD,J03WN1,11.637964922842814,4.199999999999989,17.344525962358524
OLD,J03WN1,7.0340612176507396,3.1999999999999886,11.973686454916061
OLD,J03WN1,12.29403071612761,5.399999999999977,9.885461508890293
OLD,J03WN1,12.36790200478643,6.0,4.8819054145045655
OLD,J03WN1,7.7434423869493125,4.199999999999989,11.700001746228246
OLD,J03WN1,7.533319321521362,2.800000000000068,14.76547956327221
OLD,J03WN1,21.25736813436697,6.0,0.7472665722017269
OLD,J03WN1,6.187115644628046,3.400000000000091,15.093097329655668
OLD,J03WN1,7.221807253035827,3.2000000000000455,13.885384156029302
OLD,J03WN1,9.321223095709557,2.599999999999909,8.607678695432877
OLD,J03WN1,10.920114468264517,4.600000000000023,19.25595343122551
OLD,J03WN1,21.651207818502872,5.0,11.574655893620593
OLD,J03WN1,11.835391839732003,3.599999999999909,10.930015343144376
OLD,J03WN1,12.503731443053306,3.0,9.756037893282397
OLD,J03WN1,6.910238780244543,2.599999999999909,13.03400763013644
OLD,J03WN1,12.935737319534304,3.0,11.092271579082654
OLD,J03WN1,5.601508725334714,2.6000000000000227,10.331460744688265
OLD,J03WN1,15.729504124415367,6.0,11.766243825120922
OLD,J03WN1,6.202233468678949,3.0,9.109361546280665
OLD,J03WN1,4.5114299285259865,3.3999999999998636,14.003996317943837
OLD,J03WN1,11.982925352349639,6.0,1.5879721316252586
OLD,J03WN1,6.400765579210038,6.0,2.656180952212009
OLD,J03WN1,9.153469287652634,3.0,12.054621164999336
OLD,J03WN1,22.44219686216125,5.2000000000000455,12.626969110510453
OLD,J03WN1,21.56831240500836,5.600000000000136,15.056506127293131
OLD,J03WN1,5.531084884541504,4.199999999999818,11.263062665714665
OLD,J03WN1,8.891979532140182,6.0,0.9155360926606323
OLD,J03WN1,16.875366662683216,6.0,8.819031124270767
OLD,J03WN1,15.54350346607868,5.400000000000091,11.765618176361617
OLD,J03WN1,22.196785803355432,8.0,12.937292051915561
OLD,J03WN1,10.998368060762148,3.3999999999998636,13.866544463744955
OLD,J03WN1,9.110718961750107,5.2000000000000455,7.595978306130304
OLD,J03WN1,4.137269631048963,3.400000000000091,9.249905292913049
OLD,J03WN1,5.885855927560578,3.2000000000000455,13.813644030331712
OLD,J03WN1,8.828165154776169,5.2000000000000455,8.441471892757939
OLD,J03WN1,9.741031772866299,4.399999999999864,12.579617293863192
OLD,J03WN1,10.956007484480468,4.399999999999864,18.28167497249034
OLD,J03WN1,4.610878441251654,3.599999999999909,7.17034124764925
OLD,J03WN1,13.803278596044306,4.7999999999999545,16.729061494483304
OLD,J03WN1,15.893448335714345,6.0,10.110979913486196
OLD,J03WN1,6.088021024931435,2.800000000000182,11.265196636012844
OLD,J03WN1,10.46883470114988,2.800000000000182,7.625013463199098
OLD,J03WN1,6.689469336202748,3.399999999999636,10.324636709944963
OLD,J03WN1,17.148556790587367,6.0,15.624664368001449
OLD,J03WN1,9.47831736121841,3.0,7.1323575710630465
OLD,J03WN1,6.730497752766088,3.599999999999909,9.031935927730558
OLD,J03WN1,7.003320640953109,3.199999999999818,12.027639566879023
OLD,J03WN1,36.897110998017176,8.599999999999909,13.690311073614577
OLD,J03WN1,5.389174333791511,3.399999999999636,15.856965816726523
OLD,J03WN1,6.204135717406572,2.799999999999727,6.447960948602302
OLD,J03WN1,23.37830190582712,6.0,14.041114401962954
OLD,J03WN1,8.580495323699262,4.599999999999909,13.712078617196223
OLD,J03WN1,7.355032290887641,3.0,10.754027302676125
OLD,J03WN1,8.798647623356663,3.799999999999997,11.607760214677471
OLD,J03WN1,17.25318811118688,5.199999999999989,12.020162229699517
OLD,J03WN1,5.187918657804877,2.5999999999999943,7.694767486122909
OLD,J03WN1,18.569760364635844,6.0,4.310333025069181
OLD,J03WN1,13.635754471242178,6.0,16.807139132568263
OLD,J03WN1,18.43423445657526,3.599999999999966,7.6834026047336605
OLD,J03WN1,9.405370806087136,5.199999999999932,11.063003700645238
OLD,J03WN1,9.112129279153146,3.2000000000000455,15.93601776038863
OLD,J03WN1,10.780361775005208,6.0,6.011256178350823
OLD,J03WN1,7.556189515886959,3.0,18.19980364340514
OLD,J03WN1,8.123995322499676,2.599999999999909,14.598635706002646
OLD,J03WN1,11.311626761876473,4.399999999999977,11.693797787110894
OLD,J03WN1,11.716262202596873,2.6000000000000227,9.305299412484048
OLD,J03WN1,14.879092714275163,5.800000000000182,11.052384409853879
OLD,J03WN1,9.495651636407251,4.7999999999999545,22.606442318572476
OLD,J03WN1,4.4177935669276165,3.0,7.680130305164194
OLD,J03WN1,8.671239819080842,4.400000000000091,9.431355914974347
OLD,J03WN1,5.128001560062166,2.7999999999999545,9.519647650007155
OLD,J03WN1,10.57448343891963,3.599999999999909,13.506833143761492
OLD,J03WN1,5.973022685374635,2.599999999999909,14.625939394948551
OLD,J03WN1,8.377314605528436,4.0,22.29086743461523
OLD,J03WN1,11.870265371927538,4.199999999999818,8.613525643186772
OLD,J03WN1,7.844061448000013,6.0,10.948463703033859
OLD,J03WN1,5.98953253601677,2.599999999999909,9.91401333464262
OLD,J03WN1,4.343316705007825,3.2000000000000455,11.701128572887285
OLD,J03WN1,22.02493359808378,6.0,1.3698241089214904
OLD,J03WN1,16.70775269149026,4.199999999999818,12.360794214806575
OLD,J03WN1,6.260742767437438,3.199999999999818,13.57925928958867
OLD,J03WN1,7.977750309454418,3.599999999999909,8.177819943525913
OLD,J03WN1,16.40219497506356,4.400000000000091,12.475337569227992
OLD,J03WN1,11.442141407970805,6.0,7.280409327847858
OLD,J03WN1,5.281401329192194,6.0,2.3799146022712616
OLD,J03WN1,6.265819978262764,2.799999999999727,9.92129063522675
OLD,J03WN1,7.902708396495458,3.599999999999909,16.094540363099792
OLD,J03WN1,5.350084111489321,4.0,10.451609071048834
OLD,J03WN1,12.453292737265462,3.200000000000273,5.286404519680422
OLD,J03WN1,15.162931774559667,4.0,16.32588576276233
OLD,J03WOH,11.600096640001395,2.8000000000000003,12.843066198333982
OLD,J03WOH,9.995510597941372,6.0,7.68664749660266
OLD,J03WOH,9.393751310827021,3.1999999999999886,12.775080445153295
OLD,J03WOH,6.461407128568535,3.3999999999999773,14.948675909179508
OLD,J03WOH,8.843386594813477,2.7999999999999545,6.394815039140452
OLD,J03WOH,23.23024089480709,4.599999999999909,11.231689486897205
OLD,J03WOH,13.694293472672754,3.199999999999932,8.166987188681627
OLD,J03WOH,6.901757342980267,2.6000000000000227,10.97800080243491
OLD,J03WOH,5.601372400759885,4.2000000000000455,13.535003672073152
OLD,J03WOH,10.445698537716254,6.0,8.6254595675077
OLD,J03WOH,10.183655632637183,2.6000000000000227,11.79036454543716
OLD,J03WOH,13.81345250759322,5.600000000000023,21.128199115605163
OLD,J03WOH,4.007471337171889,4.600000000000023,10.81369001132498
OLD,J03WOH,9.402881082231968,3.6000000000000227,15.554695397969068
OLD,J03WOH,16.644170322406993,4.7999999999999545,23.071820752026976
OLD,J03WOH,4.991736489070689,4.599999999999909,8.706710834244944
OLD,J03WOH,10.623036330578248,2.599999999999909,14.562752736114758
OLD,J03WOH,5.3876120026311325,6.0,5.142485440316973
OLD,J03WOH,6.444936340358225,2.7999999999999545,12.38993455694113
OLD,J03WOH,12.007878127236902,6.0,1.8343439480553063
OLD,J03WOH,8.303071991937475,2.7999999999999545,5.994880425116524
OLD,J03WOH,11.886504652586673,3.7999999999999545,13.14332581430925
OLD,J03WOH,12.173017759355183,5.199999999999818,12.288444831266236
OLD,J03WOH,12.41794779471752,4.2000000000000455,15.95628775781915
OLD,J03WOH,31.641782477146357,7.2000000000000455,15.354090748038473
OLD,J03WOH,8.316276962145349,3.400000000000091,7.1566618165881355
OLD,J03WOH,8.707518961953646,3.0,12.500077236428968
OLD,J03WOH,12.133524719979505,3.0,11.586167579906036
OLD,J03WOH,11.536374426226015,3.199999999999818,15.904397339796937
OLD,J03WOH,7.652326382687809,3.0,7.23204915023106
OLD,J03WOH,5.595969011432448,2.800000000000182,10.000809163033455
OLD,J03WOH,12.195056377861325,3.200000000000273,8.991653129920042
OLD,J03WOH,8.33298335519453,3.200000000000273,16.04776147988516
OLD,J03WOH,12.167112390192578,3.0,10.176620902669447
OLD,J03WOH,9.841084322271637,2.799999999999727,11.805504172402905
OLD,J03WOH,7.8030485029804595,3.399999999999636,13.7180961428157
OLD,J03WOH,10.934486881098625,3.0,14.496337126030483
OLD,J03WOH,5.111853581914426,4.400000000000091,10.382254992775252
OLD,J03WOH,17.408844206043167,6.0,17.780662732592006
OLD,J03WOH,7.576563718786247,3.199999999999818,15.962724922336621
OLD,J03WOH,22.99511612388073,7.0,15.627386437837234
OLD,J03WOH,11.7250927668954,3.4000000000000004,16.12168999706077
OLD,J03WOH,7.094335814595578,2.799999999999997,5.606298898172133
OLD,J03WOH,5.6491581831223385,4.0,9.027660466594726
OLD,J03WOH,17.192411827953563,3.4000000000000057,17.541469246335943
OLD,J03WOH,10.597025179057203,3.8000000000000114,24.000145514476973
OLD,J03WOH,5.918179323455933,2.8000000000000114,7.645825952371797
OLD,J03WOH,9.411825724397035,4.199999999999989,20.83145820918606
OLD,J03WOH,8.706235353479538,3.1999999999999886,7.554413814022528
OLD,J03WOH,7.963088858738093,2.8000000000000114,16.339068060036404
OLD,J03WOH,8.22868315004309,3.0,12.859801041392927
OLD,J03WOH,13.655487382399807,3.6000000000000227,11.934653605370041
OLD,J03WOH,8.151700042038026,2.8000000000000114,9.271596797489282
OLD,J03WOH,7.5516408315830486,3.1999999999999886,13.002421205059363
OLD,J03WOH,5.836270463046489,6.0,3.014738037473953
OLD,J03WOH,5.2396068135201315,2.8000000000000114,5.987537011153725
OLD,J03WOH,12.060474073081354,3.0,15.532845357908695
OLD,J03WOH,5.832003806654557,2.6000000000000227,9.218867509180592
OLD,J03WOH,9.363768842098745,3.2000000000000455,7.799588163468078
OLD,J03WOH,8.316390016822062,3.0,6.772413400153403
OLD,J03WOH,8.285939517628307,3.0,11.901549628037547
OLD,J03WOH,9.123623134469543,3.2000000000000455,7.857073851072305
OLD,J03WOH,12.649318367390597,3.3999999999999773,14.982704066542988
OLD,J03WOH,6.441113744232807,3.199999999999932,9.992881279374313
OLD,J03WOH,22.658317244737766,5.2000000000000455,12.22265143894733
OLD,J03WOH,7.935253803591637,3.0,13.141607936371518
OLD,J03WOH,8.91249066214148,3.0,8.903177688829683
OLD,J03WOH,12.355847307965227,4.599999999999909,10.341313970804983
OLD,J03WOH,7.392339502877885,2.599999999999909,7.728373784785616
OLD,J03WOH,10.535202798862034,5.599999999999909,17.43241046961655
OLD,J03WOH,12.50108550393557,4.0,12.410353241193938
OLD,J03WOH,10.702013265220929,3.7999999999999545,14.522613150809825
OLD,J03WOH,11.237910527436515,3.2000000000000455,10.215625429254022
OLD,J03WOH,7.284013849926196,2.7999999999999545,9.864105502160982
OLD,J03WOH,11.246744928199638,2.6000000000001364,9.355342145636001
OLD,J03WOH,3.1713073649667094,3.199999999999818,15.749467690440254
OLD,J03WOH,10.248878087399781,6.0,2.37954991534059
OLD,J03WOH,14.162355290370316,4.599999999999909,14.372076150265695
OLD,J03WOH,8.791825900914247,2.6000000000001364,12.157149253508749
OLD,J03WOH,12.160162675087278,2.599999999999909,7.28172228181441
OLD,J03WOH,7.064741171321318,3.599999999999909,7.838798288548976
OLD,J03WOH,6.644170045622684,2.599999999999909,5.940363270534552
OLD,J03WOH,7.9433471999781275,2.599999999999909,11.325995702259426
OLD,J03WOH,9.446697835372728,3.799999999999727,19.131503009503543
OLD,J03WOH,19.401805575359415,3.199999999999818,15.154227991852377
OLD,J03WOH,6.844548641236965,5.199999999999818,10.942872267778627
OLD,J03WOH,4.97074480412631,3.599999999999909,6.82516461005934
OLD,J03WOY,9.42084441486433,2.8000000000000003,12.312605110992415
OLD,J03WOY,5.369499293095607,3.799999999999997,7.711999868441484
OLD,J03WOY,8.040803256976403,3.0,9.297051116504232
OLD,J03WOY,6.023735463610819,2.8000000000000114,7.063738352331718
OLD,J03WOY,18.663263215374535,6.0,5.38702652963889
OLD,J03WOY,8.8515631324506,3.0,10.002955642445388
OLD,J03WOY,10.569808635847396,6.0,3.8243011882279947
OLD,J03WOY,6.9969889274785295,4.199999999999989,10.138156684757549
OLD,J03WOY,11.036926221972198,3.0,11.071697125526722
OLD,J03WOY,4.3987281056475,2.6000000000000227,7.40710094685913
OLD,J03WOY,7.464451362352534,3.0,9.552204471246224
OLD,J03WOY,7.731551369980384,2.7999999999999545,7.3308858406743544
OLD,J03WOY,18.44412667673721,6.0,6.246003277456488
OLD,J03WOY,8.497476707204738,6.0,13.77319397566926
OLD,J03WOY,8.593756742383015,3.599999999999909,15.716705760627448
OLD,J03WOY,5.876671947031123,3.0,8.089822976641884
OLD,J03WOY,10.9099458252069,3.2000000000000455,7.097299547141392
OLD,J03WOY,22.437263494699614,6.0,4.091043048444673
OLD,J03WOY,18.63988071898887,3.7999999999999545,13.564624637491864
OLD,J03WOY,13.753485429072276,4.0,8.515358300404024
OLD,J03WOY,5.090942614531184,3.2000000000000455,5.496386433278102
OLD,J03WOY,11.447580107935059,4.0,14.275373727237838
OLD,J03WOY,12.47450024644499,4.0,12.764452306507998
OLD,J03WOY,4.000882888953417,2.6000000000001364,6.650070632953474
OLD,J03WOY,10.16655893571838,8.399999999999864,11.041611606259398
OLD,J03WOY,15.896812464572317,4.399999999999864,12.114159118132125
OLD,J03WOY,9.894754418468505,3.0,13.953703198946716
OLD,J03WOY,6.71362976594824,6.0,2.729840966118414
OLD,J03WOY,7.9812546551077626,6.0,1.8434690007963819
OLD,J03WOY,10.140929924091001,3.3999999999998636,15.37737366708017
OLD,J03WOY,16.783839914395834,6.199999999999818,18.443120378535703
OLD,J03WOY,11.305467657505993,4.200000000000273,10.99778070153046
OLD,J03WOY,9.600712409585121,2.599999999999909,14.100113569665357
OLD,J03WOY,12.223778526094495,4.199999999999818,10.68027325682618
OLD,J03WOY,6.86591305534057,2.599999999999909,7.640173332319681
OLD,J03WOY,9.11274465355033,6.0,15.715762114376002
OLD,J03WOY,13.869883960944861,4.400000000000091,21.177104079854306
OLD,J03WOY,8.745353096825024,6.0,14.297370445955396
OLD,J03WOY,4.904515644298672,4.599999999999909,11.895426395014857
OLD,J03WOY,10.525685001168345,3.799999999999727,14.561440816490714
OLD,J03WOY,8.398048938539983,3.0,11.513873960864263
OLD,J03WOY,6.58960641286625,6.0,2.561643887548655
OLD,J03WOY,7.8312182879555134,2.599999999999909,7.07773914765609
OLD,J03WOY,7.142224933526818,2.599999999999909,10.217267712454428
OLD,J03WOY,9.690046297099308,2.5999999999999996,13.800113360612002
OLD,J03WOY,15.40409463482858,3.5999999999999943,13.660235255522032
OLD,J03WOY,7.186072196605089,6.0,10.61168436733099
OLD,J03WOY,4.501113960623753,3.0,8.395910132423328
OLD,J03WOY,4.91137240095913,3.599999999999966,13.301695621339334
OLD,J03WOY,12.022362840833857,5.399999999999977,10.169347190227999
OLD,J03WOY,8.152573901135373,2.8000000000000114,12.55124879697128
OLD,J03WOY,10.295330410385873,6.0,2.4653630333265806
OLD,J03WOY,20.492727382206745,6.0,4.255881703307185
OLD,J03WOY,12.629570172466282,4.2000000000000455,7.938095687882462
OLD,J03WOY,10.177659928454972,4.0,9.507476558210357
OLD,J03WOY,14.685528749760255,6.0,16.65437188391138
OLD,J03WOY,25.696651443486516,6.600000000000023,16.45784034276346
OLD,J03WOY,7.331575324945727,3.2000000000000455,5.421092049985424
OLD,J03WOY,8.485304424563418,3.199999999999932,12.082579643101482
OLD,J03WOY,10.386509208267801,4.399999999999977,13.093558717272188
OLD,J03WOY,17.6645888116095,5.7999999999999545,10.724456165878532
OLD,J03WOY,8.561834427097853,3.199999999999818,11.442077137734854
OLD,J03WOY,17.55987034677547,6.0,11.389854554240088
OLD,J03WOY,14.863749921871648,6.0,2.5382635428877167
OLD,J03WOY,7.721331052314065,5.0,7.815238388291457
OLD,J03WOY,4.238789589419942,3.400000000000091,11.891384562265708
OLD,J03WOY,9.137084426544462,3.6000000000001364,6.853332371469795
OLD,J03WOY,10.452410979705807,3.2000000000000455,16.87969515381625
OLD,J03WOY,14.634022502812673,3.7999999999999545,10.185493219533257
OLD,J03WOY,4.655878738838687,2.7999999999999545,9.553921726485129
OLD,J03WOY,17.547842834197603,4.7999999999999545,15.329140670014269
OLD,J03WOY,9.618740662610463,3.3999999999998636,15.612610411950614
OLD,J03WOY,13.500139898046797,6.0,15.949007263425337
OLD,J03WOY,13.052261895524492,6.0,9.31665502138473
OLD,J03WOY,3.9974898468744122,4.2000000000000455,17.67624177266049
OLD,J03WOY,21.22545111586974,4.600000000000364,9.839064470330225
OLD,J03WOY,37.6191277835502,8.600000000000364,19.876548828901576
OLD,J03WOY,14.644829330306724,4.599999999999909,12.07785553170675
OLD,J03WOY,9.115664330540827,2.599999999999909,10.651974935753874
OLD,J03WOY,9.19766298038678,6.0,0.777403695177298
OLD,J03WOY,9.074593128720906,5.799999999999727,13.262055127586114
OLD,J03WOY,7.017331414456384,3.799999999999727,9.429293796533608
OLD,J03WOY,9.881212940830604,4.0,14.261217640104444
OLD,J03WOY,17.030273420809458,5.400000000000091,17.117754987201828
OLD,J03WOY,7.802864306788921,6.0,9.506244850060309
OLD,J03WOY,4.190163864844036,2.599999999999909,5.047631586755086
OLD,J03WOY,6.8068735565967735,2.599999999999909,7.103467359599049
OLD,J03WOY,15.492765042469562,6.0,9.13346024479997
OLD,J03WQQ,37.88458423308117,7.599999999999994,17.466864462282896
OLD,J03WQQ,7.958618746040097,3.4000000000000057,8.861293426593438
OLD,J03WQQ,6.6675085077322755,2.8000000000000114,9.387128213477261
OLD,J03WQQ,6.037782558208008,6.0,2.2303588164501003
OLD,J03WQQ,13.087757881884055,3.7999999999999545,11.672228243392606
OLD,J03WQQ,6.78731290295981,4.0,6.99799730728834
OLD,J03WQQ,4.7455609773990615,2.599999999999909,8.213395570256045
OLD,J03WQQ,4.284772071334645,2.6000000000000227,12.730576313337513
OLD,J03WQQ,21.725846927194212,4.599999999999909,13.467195137217917
OLD,J03WQQ,5.9368426816135464,2.6000000000000227,8.326815658811904
OLD,J03WQQ,10.727434836941715,5.0,12.878300933788664
OLD,J03WQQ,11.91408928048758,2.7999999999999545,11.46613877634783
OLD,J03WQQ,14.794964656424277,3.599999999999909,5.506770901507956
OLD,J03WQQ,7.937145377527427,3.0,15.359707673184797
OLD,J03WQQ,7.086197585878909,2.6000000000001364,9.860472087542352
OLD,J03WQQ,5.095897237083138,3.2000000000000455,13.32428185068511
OLD,J03WQQ,4.7205281916992,2.7999999999999545,11.937904674070804
OLD,J03WQQ,10.337248705406365,2.599999999999909,7.927173665402768
OLD,J03WQQ,15.142586019370896,6.0,6.340286661522313
OLD,J03WQQ,18.10110732208097,6.0,7.247461592065365
OLD,J03WQQ,9.317458635020834,3.2000000000000455,9.34124329102329
OLD,J03WQQ,14.550476672884567,5.0,20.772646178120816
OLD,J03WQQ,9.009227140367292,3.599999999999909,11.230730507895299
OLD,J03WQQ,5.037432171635018,2.599999999999909,11.259390264079531
OLD,J03WQQ,3.0704569887530315,2.599999999999909,5.740215383768053
OLD,J03WQQ,3.3160659376002846,4.399999999999864,11.624966351761802
OLD,J03WQQ,7.51643847064319,3.599999999999909,7.112012301501823
OLD,J03WQQ,39.17464105457645,13.600000000000136,14.297940078195584
OLD,J03WQQ,5.705480125690874,2.6000000000001364,10.061144560200958
OLD,J03WQQ,7.5429101833189245,2.7999999999999545,8.242962339718542
OLD,J03WQQ,8.232444302824176,3.6000000000001364,12.84117116053184
OLD,J03WQQ,8.22477030132831,2.799999999999727,7.245839387872744
OLD,J03WQQ,8.461790087989048,6.0,7.4926199387560946
OLD,J03WQQ,9.37802447769375,3.600000000000364,10.62008201806146
OLD,J03WQQ,4.333741205268204,3.800000000000182,10.896402505501307
OLD,J03WQQ,12.902971867197781,3.0,14.165242191782486
OLD,J03WQQ,15.328109569009928,4.800000000000182,12.187083818394175
OLD,J03WQQ,7.654666137311649,2.799999999999727,13.276615908811376
OLD,J03WQQ,14.159349866247847,6.0,2.227899658421857
OLD,J03WQQ,6.009070063508295,3.0,10.291655507031237
OLD,J03WQQ,6.9649151906795534,2.6000000000000005,9.04301589172806
OLD,J03WQQ,12.029358876885352,6.0,9.796785165484355
OLD,J03WQQ,28.24010319786084,5.400000000000006,14.522826027443815
OLD,J03WQQ,13.525307034220466,4.199999999999989,16.966876705021665
OLD,J03WQQ,10.834497222824295,4.2000000000000455,10.046192757329425
OLD,J03WQQ,4.4841795660394315,4.7999999999999545,9.059555235996182
OLD,J03WQQ,5.669914379607998,2.8000000000000114,10.437420139045901
OLD,J03WQQ,6.56957226152382,3.1999999999999886,10.574925935989995
OLD,J03WQQ,7.980051833899944,3.8000000000000114,15.967862885818667
OLD,J03WQQ,7.737767071155346,2.8000000000000114,13.532701709165433
OLD,J03WQQ,8.514499448453748,6.0,12.759169232383567
OLD,J03WQQ,10.116394831694457,4.2000000000000455,10.672957981036959
OLD,J03WQQ,9.285310220304344,3.800000000000068,15.786581480162454
OLD,J03WQQ,3.6874602056857597,3.0,8.37677214288445
OLD,J03WQQ,14.588533302926674,4.2000000000000455,18.164743492478948
OLD,J03WQQ,12.278619629258005,3.6000000000000227,7.293479347364329
OLD,J03WQQ,7.373960943753139,2.7999999999999545,9.619560983239417
OLD,J03WQQ,16.494353579331108,4.0,14.306382201126745
OLD,J03WQQ,8.329045563568187,3.3999999999998636,9.344529615677516
OLD,J03WQQ,15.290284497026208,4.400000000000091,10.532859103989164
OLD,J03WQQ,8.578169968005996,3.0,7.8208104402023135
OLD,J03WQQ,10.000004999998755,3.599999999999909,10.996528995101952
OLD,J03WQQ,3.950658173013768,3.0,13.643524323922726
OLD,J03WQQ,9.130744766995074,3.800000000000182,7.9693797421421815
OLD,J03WQQ,6.876401675295254,6.0,8.256723005835562
OLD,J03WQQ,9.57548954362174,3.0,13.540109626556593
OLD,J03WQQ,8.74547311470334,2.7999999999999545,7.279708921284096
OLD,J03WQQ,22.520035523949897,5.7999999999999545,12.359521120468699
OLD,J03WQQ,11.394568881708796,3.0,17.18795973564173
OLD,J03WQQ,6.397655820689323,2.599999999999909,12.486288739816919
OLD,J03WQQ,10.76987000850035,4.399999999999864,10.999245985934362
OLD,J03WQQ,21.899004543587125,4.800000000000182,13.782344039837673
OLD,J03WQQ,8.304149565128442,2.800000000000182,10.703785036606366
OLD,J03WQQ,6.6368215284132885,6.0,8.118116207873557
OLD,J03WQQ,8.839711533754931,6.0,13.668331362866878
OLD,J03WQQ,6.008901729934917,3.600000000000364,13.444388571890327
OLD,J03WQQ,3.82388545853559,3.0,7.290700080563218
OLD,J03WQQ,24.589042274964676,6.199999999999818,11.030193856412264
OLD,J03WQQ,8.775477195003088,4.0,17.026824096199533
OLD,J03WQQ,24.108606347112936,8.400000000000091,19.148741961036773
OLD,J03WQQ,9.024965373894794,5.0,17.642774313637158
OLD,J03WQQ,6.396256717798863,5.400000000000091,12.296787977946707
OLD,J03WQQ,7.368921223625614,2.599999999999909,9.515777732909292
OLD,J03WQQ,13.054386236049345,2.799999999999727,10.870889422741364
OLD,J03WQQ,8.319260784469652,3.400000000000091,15.87335723943562
OLD,J03WR9,14.335764534043916,4.2,17.7594550428693
OLD,J03WR9,22.026601667230608,5.000000000000002,14.469383902935977
OLD,J03WR9,10.149240355250448,5.600000000000001,10.001886815956023
OLD,J03WR9,7.661866729860335,6.0,13.678072358169167
OLD,J03WR9,8.433909221141054,2.6000000000000227,10.490061128306566
OLD,J03WR9,9.883465491935656,4.399999999999977,14.441285018452895
OLD,J03WR9,5.576156845905164,2.5999999999999943,5.9592281056673695
OLD,J03WR9,17.782757061349642,6.0,12.90032047444703
OLD,J03WR9,4.737226034274213,3.1999999999999886,7.442294404038558
OLD,J03WR9,12.083411335907474,3.4000000000000057,9.77330919816798
OLD,J03WR9,7.1894522699751064,2.599999999999966,11.818704923876851
OLD,J03WR9,7.332899160019899,2.8000000000000114,10.133064946350183
OLD,J03WR9,7.717478174640434,2.8000000000000114,8.29572498289483
OLD,J03WR9,8.755670351914443,3.400000000000034,9.813504554979925
OLD,J03WR9,5.623133682955373,5.800000000000011,12.868888170901766
OLD,J03WR9,11.013348376502101,5.399999999999977,10.17957239445699
OLD,J03WR9,8.647226161326675,5.2000000000000455,18.319380206421737
OLD,J03WR9,7.8921150656146715,5.199999999999932,9.825963426904238
OLD,J03WR9,6.625598749111602,2.599999999999909,7.95808190554624
OLD,J03WR9,7.791766503853814,2.6000000000000227,13.361814651595004
OLD,J03WR9,14.369353561778611,3.0,9.428931928893554
OLD,J03WR9,8.380945656705851,3.3999999999999773,9.263298553988795
OLD,J03WR9,10.883091809557637,3.400000000000091,8.001587619472676
OLD,J03WR9,5.479720451600901,2.599999999999909,9.848274011155613
OLD,J03WR9,14.391744883033438,5.400000000000091,12.200527521869502
OLD,J03WR9,9.004354613734979,3.2000000000000455,15.452894587186389
OLD,J03WR9,9.703083372419643,4.400000000000091,7.558135970367762
OLD,J03WR9,8.662778797267698,6.0,13.017244588218988
OLD,J03WR9,4.426796227380486,3.400000000000091,8.3469018367512
OLD,J03WR9,7.576749295899922,3.2000000000000455,13.148150493826506
OLD,J03WR9,9.004643182976535,3.2000000000000455,15.696719540616673
OLD,J03WR9,8.897445070578925,4.600000000000136,11.20815195379344
OLD,J03WR9,13.64079756293881,5.0,12.640589292451057
OLD,J03WR9,11.369668840164419,6.0,10.28939409076279
OLD,J03WR9,26.11271425621584,6.400000000000091,14.800905095346295
OLD,J03WR9,21.876865504899527,3.799999999999727,13.226923102675748
OLD,J03WR9,13.487102115653343,4.399999999999636,14.393513612068052
OLD,J03WR9,6.641851269261048,3.400000000000091,10.731473939224312
OLD,J03WR9,6.566085347119087,3.0,13.474879076340276
OLD,J03WR9,4.017324630614279,4.0,12.166546376606533
OLD,J03WR9,10.286227637876781,3.200000000000273,11.471516996428953
OLD,J03WR9,21.760715594795347,4.599999999999909,12.394308044307797
OLD,J03WR9,7.501643936300796,6.0,11.80331370276972
OLD,J03WR9,7.1126771076320505,6.0,3.0995732672031537
OLD,J03WR9,7.3059017239489314,6.0,2.054856751701911
OLD,J03WR9,12.234941765288463,6.0,2.682305453917392
OLD,J03WR9,8.66157606905348,3.799999999999997,13.044494925918592
OLD,J03WR9,7.207364289391786,2.5999999999999943,10.213865145812603
OLD,J03WR9,8.32598943069234,6.0,2.2133802183035014
OLD,J03WR9,11.507189057280709,6.0,4.8862445965141115
OLD,J03WR9,10.294857939767832,5.599999999999966,17.223922861282848
OLD,J03WR9,5.0505643249049506,2.800000000000068,10.41957095772677
OLD,J03WR9,12.921950317192827,6.0,2.2170523684070154
OLD,J03WR9,16.600192769965055,6.0,15.590476101720032
OLD,J03WR9,10.57783531730382,4.400000000000091,8.83809090438953
OLD,J03WR9,4.892862148068345,4.0,9.66701732643639
OLD,J03WR9,4.136967488391103,2.6000000000001364,10.12810654998982
OLD,J03WR9,11.460794038809004,5.0,23.161567915796685
OLD,J03WR9,7.349136003639845,2.599999999999909,10.4384006937559
OLD,J03WR9,14.71674216666175,6.0,6.2701802692928945
OLD,J03WR9,17.884619090157845,4.400000000000091,14.934051226404703
OLD,J03WR9,7.637047858957021,6.0,0.8766258491645397
OLD,J03WR9,10.79082943985381,6.0,0.8863231548592054
OLD,J03WR9,20.036179775595944,6.0,6.749463420548432
OLD,J03WR9,10.542736836324806,3.2000000000000455,17.231869368974507
OLD,J03WR9,11.5617386235808,3.799999999999727,17.52358288308404
OLD,J03WR9,17.130105078488167,6.0,8.52083034802307
OLD,J03WR9,9.033825324857355,2.800000000000182,12.016811418008142
OLD,J03WR9,12.365055600360959,6.0,6.491661782630387
OLD,J03WR9,12.251224428603052,5.800000000000182,10.6790217515728
OLD,J03WR9,12.495775286071453,4.0,8.486586080475863
OLD,J03WR9,7.300746537170015,6.0,4.170362276709894
OLD,J03WR9,7.282341656364154,2.599999999999909,11.650124013516262
OLD,J03WR9,6.483085685073262,5.199999999999818,7.890305838717197
OLD,J03WR9,10.59393222557139,6.0,14.094786109945957
base_B,Sample_Game_1,23.53826697356149,4.199999999999996,13.655663310716335
base_B,Sample_Game_1,7.049903696665439,2.6000000000000227,7.6347180002555
base_B,Sample_Game_1,11.45500911020467,6.0,15.766902346535396
base_B,Sample_Game_1,7.031447225914726,2.8000000000000114,7.886952180938779
base_B,Sample_Game_1,5.355965979053622,6.0,6.7825951110270495
base_B,Sample_Game_1,11.683364653676264,3.8000000000000114,9.095546467647484
base_B,Sample_Game_1,6.640505908448861,6.0,9.265031696158447
base_B,Sample_Game_1,5.317803144827266,4.2000000000000455,13.859248463694483
base_B,Sample_Game_1,20.63245224397057,5.399999999999977,25.068732762145203
base_B,Sample_Game_1,34.055491974058114,6.399999999999977,22.18468016086659
base_B,Sample_Game_1,6.478681863224381,6.0,9.261196827399761
base_B,Sample_Game_1,5.406695786324335,3.2000000000000455,8.772145251477841
base_B,Sample_Game_1,11.00173113427082,6.0,13.954519960116432
base_B,Sample_Game_1,8.508565398304611,2.6000000000000227,6.991177438679619
base_B,Sample_Game_1,9.500059669344967,3.0,7.535322629864433
base_B,Sample_Game_1,6.484175323957307,2.7999999999999545,3.9699414750570017
base_B,Sample_Game_1,3.9818558382932654,6.0,14.64307761627986
base_B,Sample_Game_1,7.391094420825013,3.6000000000000227,11.510789358307218
base_B,Sample_Game_1,10.258966717692907,3.3999999999998636,8.482316558130469
base_B,Sample_Game_1,5.880744391937213,2.7999999999999545,6.307229056259002
base_B,Sample_Game_1,10.240937146032746,4.399999999999864,17.6264591200699
base_B,Sample_Game_1,6.07380310319582,6.0,4.180460281370846
base_B,Sample_Game_1,5.525670679289977,2.7999999999999545,5.7289749889135635
base_B,Sample_Game_1,4.1066567476591604,6.0,19.364223232905037
base_B,Sample_Game_1,6.708047637944165,3.0,9.750933678225447
base_B,Sample_Game_1,6.5294161145434675,2.6000000000001364,4.743988064196652
base_B,Sample_Game_1,6.490423130102079,6.0,11.964049939220352
base_B,Sample_Game_1,10.065749645513971,5.0,19.120214286881094
base_B,Sample_Game_1,10.154012171400385,2.7999999999999545,6.278161121721253
base_B,Sample_Game_1,14.572785752717625,5.2000000000000455,10.39909477219146
base_B,Sample_Game_1,7.301046518262167,2.7999999999999545,7.9546242768564
base_B,Sample_Game_1,3.545002240360583,2.599999999999909,6.189916138211626
base_B,Sample_Game_1,22.381386482314454,5.2000000000000455,17.088941124058493
base_B,Sample_Game_1,11.41937225038657,6.0,25.39468584917484
base_B,Sample_Game_1,7.182602391123903,3.0,8.689177952552647
base_B,Sample_Game_1,10.101398413477032,3.799999999999727,10.550185577644955
base_B,Sample_Game_1,12.448679240682349,3.0,10.844752160242148
base_B,Sample_Game_1,6.990738622575469,6.0,8.105937758132972
base_B,Sample_Game_1,7.048367703420063,3.599999999999909,11.09800785707068
base_B,Sample_Game_1,10.228871141698047,2.800000000000182,10.092207314679197
base_B,Sample_Game_1,9.213023130836326,6.0,6.4658317409736625
base_B,Sample_Game_1,10.812851995606339,3.599999999999909,9.418905531599837
base_B,Sample_Game_1,22.686261961305124,7.199999999999818,19.607573527893983
base_B,Sample_Game_1,8.451828147514611,3.599999999999909,12.220169270125789
base_B,Sample_Game_1,22.626384234095756,6.600000000000364,18.690899714704933
base_B,Sample_Game_1,4.428111464052483,6.0,7.172640684739426
base_B,Sample_Game_1,13.74143730231414,3.799999999996544,9.843434151740205
base_B,Sample_Game_1,4.538052874267189,2.9999999999972715,6.252957789949551
base_B,Sample_Game_1,9.481589324926757,6.0,12.910718428608249
base_B,Sample_Game_1,10.923814595456108,6.0,27.661415937333224
base_B,Sample_Game_1,6.840434693054403,2.9999999999972715,8.296207498936404
base_B,Sample_Game_1,6.518010875763573,3.599999999996726,8.973715158719067
base_B,Sample_Game_1,11.912525545626604,6.0,15.872678727692776
base_B,Sample_Game_1,9.631822891664982,5.999999999994543,11.723400111418629
base_B,Sample_Game_1,27.711225045162816,5.799999999994725,17.38518285050216
base_B,Sample_Game_1,7.614193721606352,2.5999999999976353,7.987416971025586
base_B,Sample_Game_1,10.035060235825728,6.0,5.815742152977726
base_B,Sample_Game_1,7.060692248761512,3.1999999999970896,6.5045046614645265
base_B,Sample_Game_1,5.918484715250138,2.7999999999974534,6.479219489007496
base_B,Sample_Game_1,6.219767615758608,2.7999999999974534,4.771136793118552
base_B,Sample_Game_1,13.954957103320183,6.0,19.512543399738153
base_B,Sample_Game_1,7.588935333845024,6.0,6.135928681179427
base_B,Sample_Game_1,14.30402420567233,6.0,19.10007947087457
base_B,Sample_Game_1,12.356759183181211,3.3999999999969077,9.78101693453739
base_B,Sample_Game_1,13.622325770207613,6.0,11.252304331628352
base_B,Sample_Game_1,8.161207188750684,6.0,9.151297036727685
base_B,Sample_Game_1,4.429026639840979,3.3999999999969077,7.892620443817831
base_B,Sample_Game_1,7.254482042695811,6.0,13.83393976291792
base_B,Sample_Game_1,13.779810491600845,2.7999999999974534,11.656537688548088
base_B,Sample_Game_1,8.954630798663665,2.7999999999974534,6.856419084562371
base_B,Sample_Game_1,25.950946554585542,6.799999999993815,20.460198860272342
base_B,Sample_Game_1,6.247398855362115,2.599999999996726,4.99930593713038
base_B,Sample_Game_1,15.052804293092738,6.0,11.552970466399087
base_B,Sample_Game_1,17.64356160237321,3.999999999996362,16.00407895945838
base_B,Sample_Game_1,21.97703995729482,5.599999999994907,20.009185833227622
base_B,Sample_Game_1,5.915488795316396,3.599999999996726,7.30720783699155
base_B,Sample_Game_1,2.6149793866171462,3.7999999999974534,3.845619692289932
base_B,Sample_Game_1,8.255472249098286,3.1999999999970896,7.4142300118726565
base_B,Sample_Game_1,12.199374195533721,6.0,14.42051340003637
base_B,Sample_Game_1,3.7237088481848786,3.599999999996726,10.658543861174115
base_B,Sample_Game_1,11.049943950559062,4.399999999995998,6.6366253305063
base_B,Sample_Game_1,5.295661720084402,5.999999999994543,7.568085069693192
base_B,Sample_Game_1,7.581556090089216,4.999999999994543,15.860064863624576
base_B,Sample_Game_1,27.302447397947198,5.399999999994179,16.296292137449633
base_B,Sample_Game_1,6.24335456880582,3.999999999996362,6.18919965005035
base_B,Sample_Game_1,7.048708480773619,2.7999999999974534,8.084998013807372
base_B,Sample_Game_1,4.055397238833798,2.599999999998545,6.356153073786574
base_B,Sample_Game_1,4.356184024805382,2.599999999996726,5.862470778174153
base_B,Sample_Game_1,2.368837907089131,4.399999999995998,2.4001023843399354
base_B,Sample_Game_1,5.519524542841276,6.0,25.101092120189428
base_B,Sample_Game_1,20.50789712230222,5.399999999995998,15.651683440191151
base_B,Sample_Game_1,10.938411282670577,3.599999999996726,13.893201215312171
base_B,Sample_Game_1,7.747187069037207,2.599999999996726,6.752716996879146
base_B,Sample_Game_1,8.90555554974684,6.0,20.092896746627495
base_B,Sample_Game_1,3.514471755579569,5.199999999995271,6.778030968440532
base_B,Sample_Game_1,23.83565884892096,4.799999999995634,21.504048371560224
base_B,Sample_Game_2,6.244908832221478,2.8000000000000043,4.50596825312512
base_B,Sample_Game_2,7.363517652805337,3.6000000000000085,5.213294257508711
base_B,Sample_Game_2,10.199429499563855,3.200000000000003,8.040819446207966
base_B,Sample_Game_2,5.263571279324251,3.200000000000017,7.495294235637579
base_B,Sample_Game_2,4.496065749443428,6.0,9.510767939810464
base_B,Sample_Game_2,6.784607259295374,3.0,6.260677247866026
base_B,Sample_Game_2,10.060803318119959,3.6000000000000227,10.256459126336425
base_B,Sample_Game_2,8.624789348637865,2.6000000000000227,6.5993469094870845
base_B,Sample_Game_2,5.474208820241411,2.599999999999909,5.357643526836858
base_B,Sample_Game_2,7.7727831736587945,3.0,6.719779650757989
base_B,Sample_Game_2,9.164819793983328,3.199999999999932,8.809034425754337
base_B,Sample_Game_2,8.739585514173083,3.0,7.224254857201652
base_B,Sample_Game_2,9.572501022660036,3.7999999999999545,8.138397141766351
base_B,Sample_Game_2,6.321723833147275,4.0,6.7179874932028705
base_B,Sample_Game_2,8.782721560247115,6.0,13.74203436054815
base_B,Sample_Game_2,16.270027142116827,8.0,12.594680244530384
base_B,Sample_Game_2,17.128500864135205,5.7999999999999545,10.035069587485832
base_B,Sample_Game_2,10.500508343595524,2.800000000000182,13.625644708646224
base_B,Sample_Game_2,11.861668972136854,5.0,21.389291385554966
base_B,Sample_Game_2,9.935140904657725,3.7999999999999545,10.018840661599196
base_B,Sample_Game_2,10.13826307773271,6.0,12.380174317014237
base_B,Sample_Game_2,22.778347720266964,6.0,26.72672949326021
base_B,Sample_Game_2,13.554158921745376,6.0,15.251181305313374
base_B,Sample_Game_2,4.920417008479731,3.599999999999909,16.897972436829335
base_B,Sample_Game_2,5.7581217965964715,2.7999999999999545,5.508594135196951
base_B,Sample_Game_2,7.342967937040426,2.599999999999909,6.376283568363734
base_B,Sample_Game_2,26.566300350044422,5.7999999999999545,14.84063122393368
base_B,Sample_Game_2,9.66663552171002,4.0,15.85706551319004
base_B,Sample_Game_2,5.304817442402883,3.0,9.3523613619182
base_B,Sample_Game_2,7.757569474705937,2.800000000000182,9.527363262800238
base_B,Sample_Game_2,7.567997251275333,6.0,15.711868761798616
base_B,Sample_Game_2,4.162519034280405,2.599999999999909,7.17867367136629
base_B,Sample_Game_2,12.285152492179986,5.199999999995271,10.34086389519403
base_B,Sample_Game_2,22.34283660061609,6.0,14.40534664609976
base_B,Sample_Game_2,5.230070326280732,3.1999999999970896,6.159718017620289
base_B,Sample_Game_2,7.331561166926316,6.0,5.643199815205735
base_B,Sample_Game_2,4.782549539227371,6.0,14.29153398033736
base_B,Sample_Game_2,17.822760799561273,6.0,8.786987221715446
base_B,Sample_Game_2,16.396916104579432,6.0,23.499642816538092
base_B,Sample_Game_2,13.980608111138164,5.999999999994543,19.964500709240376
base_B,Sample_Game_2,6.613072054234611,3.1999999999970896,7.612027403573892
base_B,Sample_Game_2,8.234544032853643,6.0,10.39735173662945
base_B,Sample_Game_2,16.777467522559753,6.0,11.132449821644212
base_B,Sample_Game_2,5.559724685229645,5.799999999994725,20.510552222160065
base_B,Sample_Game_2,7.575699394336301,2.9999999999972715,7.083771328430634
base_B,Sample_Game_2,9.871359512514596,6.0,12.251812221290031
base_B,Sample_Game_2,5.226824075920467,6.0,10.062721265221723
base_B,Sample_Game_2,10.674131899271966,5.799999999994725,14.120670736699282
base_B,Sample_Game_2,2.999757189694174,2.5999999999976353,3.5803766253829714
base_B,Sample_Game_2,10.521548259064218,6.0,15.015574977675236
base_B,Sample_Game_2,5.35765582434334,2.5999999999976353,6.1949572958571135
base_B,Sample_Game_2,8.124151404263474,3.1999999999970896,5.571062860254207
base_B,Sample_Game_2,7.15759232367826,5.399999999995089,10.56753100958423
base_B,Sample_Game_2,8.101930881200708,3.1999999999970896,12.315642756460356
base_B,Sample_Game_2,11.580822937646015,6.0,8.904081202232124
base_B,Sample_Game_2,6.541120624285961,6.0,12.018329021137204
base_B,Sample_Game_2,20.716255093453825,4.599999999995816,18.45552495583303
base_B,Sample_Game_2,6.628203858786636,3.799999999996544,7.337895094679734
base_B,Sample_Game_2,8.202560750361087,3.599999999996726,3.1430803682820883
base_B,Sample_Game_2,4.473683695156967,6.0,8.15401973259463
base_B,Sample_Game_2,7.184966553321878,4.599999999995816,14.348731181264194
base_B,Sample_Game_2,5.05414959667117,6.0,8.019709844430398
base_B,Sample_Game_2,5.197042418788846,2.5999999999976353,5.685981818361885
base_B,Sample_Game_2,12.545243971839028,4.19999999999618,12.050527600179462
base_B,Sample_Game_2,28.101831995422437,5.399999999995089,17.296189702553203
base_B,Sample_Game_2,21.19130811251864,6.0,17.86931383094118
base_B,Sample_Game_2,8.449542524266112,5.999999999994543,9.403034052933759
base_B,Sample_Game_2,10.294604779727209,4.19999999999618,10.261456250702068
base_B,Sample_Game_2,5.353872730904429,6.0,4.567421812142052
base_B,Sample_Game_2,2.5405702314358938,3.599999999996726,11.025997116486774
base_B,Sample_Game_2,6.995970060955379,3.1999999999970896,9.48403618942684
base_B,Sample_Game_3,11.66133251077638,6.0,13.40173587634267
base_B,Sample_Game_3,16.03653070304081,4.399999999999977,16.938615767790758
base_B,Sample_Game_3,17.747560518758853,5.999999999999972,15.366314762745176
base_B,Sample_Game_3,7.367447798601927,4.399999999999977,8.052184473268124
base_B,Sample_Game_3,14.223892684801921,6.0,15.324652908507588
base_B,Sample_Game_3,6.96639066713481,2.599999999999966,5.986808717759223
base_B,Sample_Game_3,9.281612184702817,5.399999999999977,7.119874157281932
base_B,Sample_Game_3,13.007939019710356,6.0,8.213138162527093
base_B,Sample_Game_3,7.992677876876781,3.0,8.33534807054516
base_B,Sample_Game_3,15.18336132990698,6.0,14.332452682733956
base_B,Sample_Game_3,12.78600776664436,5.399999999999977,11.171786111541994
base_B,Sample_Game_3,8.050776009636875,3.599999999999909,7.694015027680356
base_B,Sample_Game_3,6.691080463152527,2.6000000000000227,6.71580703524387
base_B,Sample_Game_3,13.618930827546738,6.0,10.880528116164612
base_B,Sample_Game_3,7.7169833683720395,3.199999999999932,7.665104130922479
base_B,Sample_Game_3,11.890620007692863,3.7999999999999545,9.376422494001417
base_B,Sample_Game_3,9.758358311025518,4.600000000000023,7.430857858553019
base_B,Sample_Game_3,7.169798099650663,3.6000000000000227,8.300020088265555
base_B,Sample_Game_3,5.2030437642601886,3.800000000000068,6.855653774443641
base_B,Sample_Game_3,12.383053134038459,4.199999999999932,11.818463684884856
base_B,Sample_Game_3,6.183178416593705,4.199999999999932,7.9171144069419075
base_B,Sample_Game_3,7.837389709300439,3.2000000000000455,7.647028683105064
base_B,Sample_Game_3,4.6661455798353115,3.6000000000000227,3.925362673259614
base_B,Sample_Game_3,9.205179226167878,3.0,9.996744630176227
base_B,Sample_Game_3,15.331740675047717,5.800000000000182,22.356654944187156
base_B,Sample_Game_3,11.383106975985761,3.2000000000000455,10.494913265641651
base_B,Sample_Game_3,14.053141355883703,5.599999999999909,18.946057376917448
base_B,Sample_Game_3,10.98274201901668,3.400000000000091,8.347567924801297
base_B,Sample_Game_3,4.167331342183537,3.2000000000000455,6.115824346536243
base_B,Sample_Game_3,9.909581735337417,6.0,12.243974101046103
base_B,Sample_Game_3,9.504880693017812,3.7999999999999545,11.195545627246897
base_B,Sample_Game_3,16.46356869987151,6.0,12.80379230085476
base_B,Sample_Game_3,10.907650654153755,6.0,15.355500072671505
base_B,Sample_Game_3,10.41753788522865,6.0,18.506926052567245
base_B,Sample_Game_3,9.666636613485693,3.2000000000000455,6.1660257690813305
base_B,Sample_Game_3,8.523397432802552,3.400000000000091,7.10010353439584
base_B,Sample_Game_3,6.482393828576207,2.7999999999999545,6.576714841478426
base_B,Sample_Game_3,6.188330785632328,2.599999999999909,8.22386197144861
base_B,Sample_Game_3,8.392584099767053,6.0,14.421526809010516
base_B,Sample_Game_3,12.028598088646923,6.0,13.598347270342224
base_B,Sample_Game_3,14.5674333779838,5.0,10.276117850854327
base_B,Sample_Game_3,8.026257154649063,6.0,12.250579944781661
base_B,Sample_Game_3,11.242704874353578,5.399999999999864,10.19012389164307
base_B,Sample_Game_3,8.696561053437028,4.0,3.9715111915427697
base_B,Sample_Game_3,17.54063646256424,6.0,10.503385924732825
base_B,Sample_Game_3,8.845487329602808,5.199999999999818,12.869645589840275
base_B,Sample_Game_3,3.6111919915048425,2.800000000000182,6.3602788830597765
base_B,Sample_Game_3,5.028952327797683,4.199999999999818,9.360068068739558
base_B,Sample_Game_3,16.439164307480446,5.199999999999818,10.973162966603313
base_B,Sample_Game_3,5.9195321017846805,2.800000000000182,10.515522056382718
base_B,Sample_Game_3,15.396930111048432,3.0,9.40439184757161
base_B,Sample_Game_3,9.780304705170671,6.0,19.082412306111827
base_B,Sample_Game_3,8.477874246894347,3.799999999999727,6.349201906139719
base_B,Sample_Game_3,9.440172275679327,4.200000000000273,7.883488438776936
base_B,Sample_Game_3,5.196211978408181,4.199999999999818,4.286275668822489
base_B,Sample_Game_3,12.62315992517214,4.400000000000091,7.820179840789194
base_B,Sample_Game_3,13.830141890014598,5.800000000000182,13.91394825023482
base_B,Sample_Game_3,11.903223257096828,6.0,11.89890016637563
base_B,Sample_Game_3,10.115621202980677,5.599999999999994,10.795691226980313
base_B,Sample_Game_3,5.713376637677012,2.799999999999983,5.324055650272158
base_B,Sample_Game_3,12.847759694208925,6.0,12.653241800632905
base_B,Sample_Game_3,6.259036510181824,3.4000000000000057,4.267763015624947
base_B,Sample_Game_3,8.53978565740134,3.0,7.854603297268065
base_B,Sample_Game_3,13.847142911282551,6.0,17.315896852053818
base_B,Sample_Game_3,5.403414721195887,4.199999999999989,7.933084563265938
base_B,Sample_Game_3,8.697290954864137,2.6000000000000227,9.792616072920403
base_B,Sample_Game_3,8.823290409335756,3.599999999999909,11.055565162871293
base_B,Sample_Game_3,11.170648364681226,3.199999999999932,10.391823599298435
base_B,Sample_Game_3,7.919371977637502,3.400000000000091,9.321126870501804
base_B,Sample_Game_3,17.72772044464711,4.399999999999977,7.404260434302831
base_B,Sample_Game_3,8.315505392387951,3.2000000000000455,9.18690053273201
base_B,Sample_Game_3,16.244650967618924,3.7999999999999545,14.703388382774325
base_B,Sample_Game_3,4.226788841839795,5.399999999999977,10.353332955828485
base_B,Sample_Game_3,10.488400934769643,4.199999999999932,12.131747886133049
base_B,Sample_Game_3,7.79996087013426,4.2000000000000455,9.595997464193157
base_B,Sample_Game_3,5.760108274311664,4.999999999999886,14.3436839048305
base_B,Sample_Game_3,11.70785213888027,6.0,12.67119237520291
base_B,Sample_Game_3,4.650025026474581,4.400000000000091,8.357517455983304
base_B,Sample_Game_3,11.579017903223788,2.6000000000001364,6.9889789749480435
base_B,Sample_Game_3,7.483935386162388,6.0,12.32228243234102
base_B,Sample_Game_3,10.646018234911361,6.0,8.027749541991891
base_B,Sample_Game_3,9.353913079095172,4.199999999999818,6.462367797458183
base_B,Sample_Game_3,12.771180583439818,4.199999999999818,9.388560801710728
base_B,Sample_Game_3,12.930379306897569,3.599999999999909,9.34688328250606
base_B,Sample_Game_3,10.442016305905343,3.599999999999909,16.047089453591727
base_B,Sample_Game_3,4.3063618054491,6.0,6.6254858272652015
base_B,Sample_Game_3,8.338323256254572,3.2000000000000455,6.208335365525202
base_B,Sample_Game_3,11.236207624609353,5.2000000000000455,15.770413691075253
base_B,Sample_Game_3,19.69980360193473,4.400000000000091,11.971002583566728
base_B,Sample_Game_3,7.545376885725576,3.0,5.935570437090641
base_B,Sample_Game_3,17.769851641968103,3.599999999999909,10.782280219380116
base_B,Sample_Game_3,8.464244563937019,6.0,7.339932555358538
base_B,Sample_Game_3,6.08186243066592,2.599999999999909,7.042853422046292
base_B,Sample_Game_3,4.27628835048634,5.2000000000000455,7.377304992997173
base_B,Sample_Game_3,13.53822942702163,4.199999999999818,12.092886314581845
base_B,Sample_Game_3,7.243386929483936,6.0,10.09839552072082
base_B,Sample_Game_3,10.868626546690434,3.2000000000000455,9.456280480854346
base_B,Sample_Game_3,6.154418547560064,3.0,9.077818294452877
base_B,Sample_Game_3,3.6550853805003873,3.0,7.03666179517867
base_B,Sample_Game_3,15.514728541852724,4.800000000000182,20.393084601636197
base_B,Sample_Game_3,9.141271434421519,3.400000000000091,16.0362363480699
base_B,Sample_Game_3,9.290944811669593,6.0,15.031898475625656
base_B,Sample_Game_3,9.515507561099792,6.0,13.762905343145334
base_B,Sample_Game_3,12.191567789559624,4.0,6.793162059088688
base_B,Sample_Game_3,14.756766245661906,6.0,12.332504892121236
base_B,Sample_Game_3,18.27763407948001,3.799999999999727,13.01655729269795
base_B,Sample_Game_3,6.5799276110209615,3.0,4.783356867073749
base_B,Sample_Game_3,7.356112830517872,2.600000000000364,8.856156435835123
base_B,Sample_Game_3,29.06978081522413,6.0,20.126117282625138
base_B,Sample_Game_3,2.7771908339871985,3.599999999999909,7.073961995844211
base_B,Sample_Game_3,11.106360981868947,5.200000000000273,8.259549724862303
base_B,Sample_Game_3,9.350669942988642,3.200000000000273,8.09824824032981
base_B,Sample_Game_3,13.394633733018619,6.0,13.174425242093822
base_B,Sample_Game_3,9.860563412318264,5.599999999999909,16.266616732852547
base_B,Sample_Game_3,7.799096407141072,3.400000000000091,7.209696603448115
base_B,Sample_Game_3,16.021277931910262,6.0,16.369341224819358
base_B,Sample_Game_3,7.547367842271035,4.800000000000182,5.6484789071956
base_B,Sample_Game_3,12.854097647583554,5.199999999999818,11.825079021505488
base_B,J03WPY,8.795602694378339,2.8,7.482604181416932
base_B,J03WPY,4.044501385112701,2.6000000000000014,3.8211241403812926
base_B,J03WPY,16.21576763578408,6.0,14.346665471584888
base_B,J03WPY,8.154734766286873,3.0,6.83425677309544
base_B,J03WPY,7.942935132692201,3.200000000000017,7.300424933302182
base_B,J03WPY,5.705277706688334,2.799999999999983,5.604708328688374
base_B,J03WPY,6.600285275158911,2.8000000000000114,6.9229072607530915
base_B,J03WPY,10.52513485813969,3.6000000000000227,8.300116535364516
base_B,J03WPY,8.190254472139955,2.800000000000068,6.430974337457676
base_B,J03WPY,14.081164997204585,4.600000000000023,13.027918352672852
base_B,J03WPY,13.84086016692869,6.0,15.43853372739979
base_B,J03WPY,3.2969074666252194,2.6000000000000227,5.004269979797178
base_B,J03WPY,4.919045208303737,3.2000000000000455,4.509372508517114
base_B,J03WPY,7.360404091794191,3.0,5.487625459386972
base_B,J03WPY,14.227352647399831,4.399999999999977,17.77185780725479
base_B,J03WPY,11.160254949496327,3.2000000000000455,7.170198153910005
base_B,J03WPY,5.587588038561298,6.0,10.889418303611604
base_B,J03WPY,9.303612341027453,2.6000000000001364,11.07681267765672
base_B,J03WPY,12.129459350111153,3.800000000000182,10.71418615623707
base_B,J03WPY,5.829657340538257,2.7999999999999545,4.613518812690603
base_B,J03WPY,17.517864512438923,4.0,16.146020873748974
base_B,J03WPY,7.574404416360739,6.0,14.030450411429964
base_B,J03WPY,7.3299207736379834,3.0,9.784121064965042
base_B,J03WPY,7.738158191526909,5.599999999999909,8.849762437927144
base_B,J03WPY,7.196863464905194,6.0,11.34850711826631
base_B,J03WPY,14.632859152019556,4.2000000000000455,8.638778775308129
base_B,J03WPY,9.401555068080807,2.7999999999999545,7.7420538710996025
base_B,J03WPY,16.669126806276772,4.599999999999909,22.43138227731868
base_B,J03WPY,10.279181732542312,3.0,7.89584557996072
base_B,J03WPY,2.1058840004649118,2.800000000000182,3.59173628890982
base_B,J03WPY,3.6714408513251646,2.6000000000001364,3.312466147603743
base_B,J03WPY,6.143836037078666,4.0,6.811041436454502
base_B,J03WPY,9.237087705340556,3.7999999999999545,11.313793022531339
base_B,J03WPY,9.706654521843179,3.599999999999909,10.230109644934945
base_B,J03WPY,3.5020987067934715,2.599999999999909,3.940764016721251
base_B,J03WPY,29.80727268413553,7.0,17.59954633004449
base_B,J03WPY,9.729728594883806,2.7999999999999545,10.394090420112725
base_B,J03WPY,6.215276251998431,4.399999999999864,13.194298153909491
base_B,J03WPY,6.729796061370518,3.0,9.049054297565018
base_B,J03WPY,11.678993858225091,3.599999999999909,9.909546802042499
base_B,J03WPY,8.051783340556339,2.599999999999909,8.343041460143251
base_B,J03WPY,12.452560122658916,3.400000000000091,14.855090077477541
base_B,J03WPY,12.294516687852461,5.199999999999818,14.65885201296079
base_B,J03WPY,6.586232596675311,3.199999999999818,5.40387875413262
base_B,J03WPY,7.650712841457632,3.400000000000091,5.535225867790173
base_B,J03WPY,9.84107297873516,6.0,14.540872351773416
base_B,J03WPY,26.184243296012504,5.400000000000091,17.745646888848732
base_B,J03WPY,7.246332330930013,3.399999999999636,8.85605104909266
base_B,J03WPY,8.22166533512991,3.800000000000182,8.025897306288263
base_B,J03WPY,31.866177797983283,5.599999999999909,21.417785493659647
base_B,J03WPY,4.851468242055482,2.6000000000000227,5.1924057880103325
base_B,J03WPY,30.350863543055905,6.0,30.360857680344814
base_B,J03WPY,4.26789841491151,4.399999999999977,5.1138290414828775
base_B,J03WPY,11.34751228371333,3.6000000000000227,13.097910655359367
base_B,J03WPY,6.214772466499916,3.6000000000000227,6.85039521043781
base_B,J03WPY,46.387966848495125,10.0,30.036537804393674
base_B,J03WPY,5.327951870411777,3.0,6.05582524488312
base_B,J03WPY,9.679250601757278,3.0,11.409006407614504
base_B,J03WPY,9.532051450954452,3.7999999999999545,13.281953442593714
base_B,J03WPY,9.218171136742185,2.7999999999999545,6.1014814240224995
base_B,J03WPY,29.057588622483394,6.2000000000000455,19.37712092663162
base_B,J03WPY,7.431109839503376,2.7999999999999545,9.961001439555382
base_B,J03WPY,9.693050002482646,3.799999999999727,5.984672138305829
base_B,J03WPY,13.718561986012906,3.599999999999909,14.37284481182288
base_B,J03WPY,7.246577967927743,3.0,7.188322549232737
base_B,J03WPY,9.975586001481766,4.800000000000182,10.584100939799509
base_B,J03WPY,10.885792350650306,5.199999999999818,16.247804987445186
base_B,J03WPY,11.478297482683113,3.800000000000182,8.021056632497121
base_B,J03WPY,12.685730120933457,3.399999999999636,8.456639250614327
base_B,J03WPY,4.52362263374992,4.0,4.7836670842024125
base_B,J03WPY,10.650051569466003,3.400000000000091,9.772528512839298
base_B,J03WPY,7.016202936719169,6.0,11.44770636099129
base_B,J03WPY,7.115519390282911,2.800000000000182,7.100903673378097
base_B,J03WPY,8.220650267256351,2.599999999999909,9.231031982802776
base_B,J03WPY,5.856660991588378,3.800000000000182,13.315571193945193
base_B,J03WPY,5.385933638802515,2.599999999999909,3.650326269290043
base_B,J03WPY,7.607210005886129,3.400000000000091,11.524633472369871
base_B,J03WPY,13.295169396273437,3.599999999999909,14.860832753108276
base_B,J03WPY,12.83720164324712,3.0,14.795177426022054
base_B,J03WPY,11.658790230513873,2.799999999999727,6.971621653482986
base_B,J03WPY,14.90379790107963,3.400000000000091,12.10153934271764
base_B,J03WPY,6.323582994873574,6.0,6.76812813946851
base_B,J03WPY,10.017297136157243,2.599999999999909,8.302685965396813
base_B,J03WPY,5.046035266796693,3.400000000000091,4.1431102179421835
base_B,J03WMX,17.24430952625377,4.0,13.529965161248052
base_B,J03WMX,8.809657311906083,3.1999999999999886,10.347590120897102
base_B,J03WMX,5.162729230343319,4.399999999999977,8.345410638177627
base_B,J03WMX,11.614304126740315,3.6000000000000227,8.84609189580442
base_B,J03WMX,12.011053688353728,4.600000000000023,17.367934761924246
base_B,J03WMX,6.65438940229682,6.0,13.198885811660027
base_B,J03WMX,7.748114379969323,2.6000000000000227,5.101136708124648
base_B,J03WMX,7.866493935822307,3.3999999999999773,5.377254197168011
base_B,J03WMX,11.296264830109209,6.0,11.02651281636826
base_B,J03WMX,4.094253350393436,3.6000000000000227,5.427744997784856
base_B,J03WMX,11.410765180722848,6.0,10.687231446365248
base_B,J03WMX,17.615661962238192,3.3999999999998636,11.849104697680662
base_B,J03WMX,13.848001721495363,4.400000000000091,10.273804628884557
base_B,J03WMX,10.937511346179573,3.400000000000091,13.828999837192653
base_B,J03WMX,5.00600837273443,2.7999999999999545,8.072309345714887
base_B,J03WMX,4.863623085015484,2.7999999999999545,7.05606774798771
base_B,J03WMX,10.54343048498335,3.7999999999999545,8.11570795803113
base_B,J03WMX,13.358296866198106,3.599999999999909,12.227997015307938
base_B,J03WMX,6.8339977541410555,6.0,4.5226347215478935
base_B,J03WMX,9.328133718921094,2.6000000000001364,6.004779040403243
base_B,J03WMX,7.787337520130109,3.2000000000000455,5.807005908013761
base_B,J03WMX,7.900376486661608,4.0,7.275834926491058
base_B,J03WMX,8.787248939841692,3.2000000000000455,10.8433205930471
base_B,J03WMX,6.074392324614562,5.2000000000000455,8.08602224757373
base_B,J03WMX,20.304755288342925,4.599999999999909,13.068653871596911
base_B,J03WMX,8.958528929854754,3.2000000000000455,8.279354011925882
base_B,J03WMX,11.91955853473021,5.2000000000000455,14.238319842431814
base_B,J03WMX,4.112699666116432,2.599999999999909,3.952913707806476
base_B,J03WMX,11.004826891428152,4.400000000000091,10.778550692845972
base_B,J03WMX,31.600050867119208,7.0,19.281059146644612
base_B,J03WMX,13.613418832484252,4.399999999999864,10.712612647192628
base_B,J03WMX,6.775365364869767,3.6000000000001364,7.145102063252711
base_B,J03WMX,8.761639684112552,3.599999999999909,6.686807077622802
base_B,J03WMX,10.504432132827908,4.400000000000091,7.920446470241808
base_B,J03WMX,5.835516743686474,3.800000000000182,11.13446141524682
base_B,J03WMX,12.475133699195533,6.0,16.171155928944046
base_B,J03WMX,5.903467649423001,3.800000000000182,4.981808756673927
base_B,J03WMX,10.705532638588927,3.600000000000364,9.30104341712568
base_B,J03WMX,9.97394995119762,6.0,16.411380055301983
base_B,J03WMX,7.193446981986134,3.599999999999909,5.718188877607043
base_B,J03WMX,6.898976298024174,5.399999999999636,6.245792449191007
base_B,J03WMX,35.61508004434312,7.400000000000006,16.32888335673523
base_B,J03WMX,3.7358039522682844,2.799999999999983,4.664044136440714
base_B,J03WMX,3.9150899637992267,2.5999999999999943,4.124754842829603
base_B,J03WMX,6.253690422655625,3.1999999999999886,10.934630341316588
base_B,J03WMX,12.357381283754911,3.8000000000000114,9.21391892016052
base_B,J03WMX,10.365844134460964,3.599999999999966,7.633292038421878
base_B,J03WMX,7.501304183564983,6.0,18.735666540878846
base_B,J03WMX,9.842589174585855,3.0,7.440906538917096
base_B,J03WMX,9.540227931439603,4.2000000000000455,5.147486053864439
base_B,J03WMX,3.5113697753625575,2.6000000000000227,6.117534341062668
base_B,J03WMX,6.598788032530722,2.7999999999999545,7.109818974947665
base_B,J03WMX,8.069609624450766,3.3999999999999773,12.201024048288101
base_B,J03WMX,11.398344549056269,3.3999999999999773,8.85679419519265
base_B,J03WMX,19.84569587999058,5.0,16.31136614385796
base_B,J03WMX,6.744566130351579,5.399999999999977,6.398291104037703
base_B,J03WMX,10.915374704005195,6.0,18.967432376002836
base_B,J03WMX,3.957229779166282,3.6000000000000227,5.34264027954694
base_B,J03WMX,11.83077403580268,4.0,11.855221809739444
base_B,J03WMX,15.128363589514851,4.0,6.553537770847862
base_B,J03WMX,7.955632380969636,4.400000000000091,7.495324919851635
base_B,J03WMX,7.016738876378961,4.2000000000000455,10.566079406644342
base_B,J03WMX,9.652218397585974,6.0,7.409938848067633
base_B,J03WMX,6.077791404328741,2.599999999999909,5.974051799284423
base_B,J03WMX,10.53107176266995,4.399999999999864,10.030907735423071
base_B,J03WMX,26.848261083570343,6.0,22.72091854262576
base_B,J03WMX,6.875403450436444,3.0,9.90564900968957
base_B,J03WMX,7.333955946307366,3.400000000000091,5.76819068035616
base_B,J03WMX,7.280657454514259,4.399999999999636,6.177430633355481
base_B,J03WMX,5.3743811245798305,4.0,3.162749244609625
base_B,J03WMX,5.39309355051542,2.799999999999727,8.506455080044306
base_B,J03WMX,7.129645802376663,3.0,8.04212796350926
base_B,J03WMX,6.54083527101305,3.0,6.193756639340359
base_B,J03WMX,8.330752587343962,2.599999999999909,6.836074995376581
base_B,J03WMX,6.609789837842717,3.200000000000273,15.939872646013708
base_B,J03WN1,10.052329937934768,3.2000000000000006,8.830638659199039
base_B,J03WN1,14.135378257744163,4.199999999999989,12.640132942470508
base_B,J03WN1,7.507379803863777,3.4000000000000057,9.017160434507613
base_B,J03WN1,8.14539899918292,5.199999999999989,7.0494997200792024
base_B,J03WN1,7.847106131903407,2.8000000000000114,7.707517741700933
base_B,J03WN1,11.637964922842814,4.199999999999989,14.832343107944212
base_B,J03WN1,7.0340612176507396,3.1999999999999886,9.740448589323274
base_B,J03WN1,12.29403071612761,5.399999999999977,10.178694507793622
base_B,J03WN1,12.36790200478643,6.0,9.970988502710542
base_B,J03WN1,7.7434423869493125,4.199999999999989,10.380517940436317
base_B,J03WN1,7.533319321521362,2.800000000000068,10.143880509218102
base_B,J03WN1,21.25736813436697,6.0,16.308471120707292
base_B,J03WN1,6.187115644628046,3.400000000000091,13.63208793376555
base_B,J03WN1,7.221807253035827,3.2000000000000455,10.918088945119955
base_B,J03WN1,9.321223095709557,2.599999999999909,6.597985250691089
base_B,J03WN1,10.920114468264517,4.600000000000023,15.083222353583613
base_B,J03WN1,21.651207818502872,5.0,18.94699141925551
base_B,J03WN1,11.835391839732003,3.599999999999909,8.944504307123136
base_B,J03WN1,12.503731443053306,3.0,10.462164449689615
base_B,J03WN1,6.910238780244543,2.599999999999909,9.046813265562122
base_B,J03WN1,12.935737319534304,3.0,8.550983185027624
base_B,J03WN1,5.601508725334714,2.6000000000000227,6.432758563018631
base_B,J03WN1,15.729504124415367,6.0,13.920736801575266
base_B,J03WN1,6.202233468678949,3.0,7.175242314896616
base_B,J03WN1,4.5114299285259865,3.3999999999998636,11.588632163368587
base_B,J03WN1,11.982925352349639,6.0,5.886029396791226
base_B,J03WN1,6.400765579210038,6.0,7.157379767169857
base_B,J03WN1,9.153469287652634,3.0,8.859755916263383
base_B,J03WN1,22.44219686216125,5.2000000000000455,15.858142156212065
base_B,J03WN1,21.56831240500836,5.600000000000136,15.555093727491684
base_B,J03WN1,5.531084884541504,4.199999999999818,5.545401065784451
base_B,J03WN1,8.891979532140182,6.0,12.049896857067198
base_B,J03WN1,16.875366662683216,6.0,13.445103589667442
base_B,J03WN1,15.54350346607868,5.400000000000091,8.247970590697351
base_B,J03WN1,22.196785803355432,8.0,11.892779183101991
base_B,J03WN1,10.998368060762148,3.3999999999998636,11.259566241936902
base_B,J03WN1,9.110718961750107,5.2000000000000455,4.323527104525008
base_B,J03WN1,4.137269631048963,3.400000000000091,8.043823420533027
base_B,J03WN1,5.885855927560578,3.2000000000000455,12.059942283720083
base_B,J03WN1,8.828165154776169,5.2000000000000455,7.564868834461109
base_B,J03WN1,9.741031772866299,4.399999999999864,13.54451053397169
base_B,J03WN1,10.956007484480468,4.399999999999864,16.00388460376016
base_B,J03WN1,4.610878441251654,3.599999999999909,4.445377412647548
base_B,J03WN1,13.803278596044306,4.7999999999999545,17.893439955622174
base_B,J03WN1,15.893448335714345,6.0,10.105755365228095
base_B,J03WN1,6.088021024931435,2.800000000000182,8.62272645461299
base_B,J03WN1,10.46883470114988,2.800000000000182,8.997902499635526
base_B,J03WN1,6.689469336202748,3.399999999999636,8.572800696093259
base_B,J03WN1,17.148556790587367,6.0,19.67616420300983
base_B,J03WN1,9.47831736121841,3.0,7.406793070474646
base_B,J03WN1,6.730497752766088,3.599999999999909,7.950499786711796
base_B,J03WN1,7.003320640953109,3.199999999999818,9.839883139482547
base_B,J03WN1,36.897110998017176,8.599999999999909,18.810520471811216
base_B,J03WN1,5.389174333791511,3.399999999999636,11.160625257519383
base_B,J03WN1,6.204135717406572,2.799999999999727,6.087329650806599
base_B,J03WN1,23.37830190582712,6.0,16.039854573141156
base_B,J03WN1,8.580495323699262,4.599999999999909,10.40060512253328
base_B,J03WN1,7.355032290887641,3.0,5.921724206564471
base_B,J03WN1,8.798647623356663,3.799999999999997,7.798432475303179
base_B,J03WN1,17.25318811118688,5.199999999999989,10.175398794046908
base_B,J03WN1,5.187918657804877,2.5999999999999943,6.256009598893343
base_B,J03WN1,18.569760364635844,6.0,17.150199269752676
base_B,J03WN1,13.635754471242178,6.0,17.543866796071217
base_B,J03WN1,18.43423445657526,3.599999999999966,7.909168723562244
base_B,J03WN1,9.405370806087136,5.199999999999932,4.079973525330499
base_B,J03WN1,9.112129279153146,3.2000000000000455,5.579309739697795
base_B,J03WN1,10.780361775005208,6.0,19.550696851872626
base_B,J03WN1,7.556189515886959,3.0,15.748805165974728
base_B,J03WN1,8.123995322499676,2.599999999999909,9.654067904839291
base_B,J03WN1,11.311626761876473,4.399999999999977,12.182470773759695
base_B,J03WN1,11.716262202596873,2.6000000000000227,8.31321119750975
base_B,J03WN1,14.879092714275163,5.800000000000182,11.551741008286992
base_B,J03WN1,9.495651636407251,4.7999999999999545,16.297496061776304
base_B,J03WN1,4.4177935669276165,3.0,4.1741422518198705
base_B,J03WN1,8.671239819080842,4.400000000000091,6.480222736692471
base_B,J03WN1,5.128001560062166,2.7999999999999545,3.84708725105224
base_B,J03WN1,10.57448343891963,3.599999999999909,12.127377999521698
base_B,J03WN1,5.973022685374635,2.599999999999909,5.664345791090077
base_B,J03WN1,8.377314605528436,4.0,16.09931425488765
base_B,J03WN1,11.870265371927538,4.199999999999818,8.735183095318563
base_B,J03WN1,7.844061448000013,6.0,14.425521940842208
base_B,J03WN1,5.98953253601677,2.599999999999909,4.329549957165156
base_B,J03WN1,4.343316705007825,3.2000000000000455,7.347407639834326
base_B,J03WN1,22.02493359808378,6.0,22.850472512035537
base_B,J03WN1,16.70775269149026,4.199999999999818,11.287322232724161
base_B,J03WN1,6.260742767437438,3.199999999999818,7.783044354926725
base_B,J03WN1,7.977750309454418,3.599999999999909,5.026748820216807
base_B,J03WN1,16.40219497506356,4.400000000000091,11.701489654938815
base_B,J03WN1,11.442141407970805,6.0,14.047191681097381
base_B,J03WN1,5.281401329192194,6.0,7.920073493064149
base_B,J03WN1,6.265819978262764,2.799999999999727,5.640088735452351
base_B,J03WN1,7.902708396495458,3.599999999999909,9.419628796408212
base_B,J03WN1,5.350084111489321,4.0,4.8834685759992595
base_B,J03WN1,12.453292737265462,3.200000000000273,10.367060998394853
base_B,J03WN1,15.162931774559667,4.0,15.124865986379062
base_B,J03WOH,11.600096640001395,2.8000000000000003,11.615850557486446
base_B,J03WOH,9.995510597941372,6.0,8.841644942598077
base_B,J03WOH,9.393751310827021,3.1999999999999886,6.738385913202926
base_B,J03WOH,6.461407128568535,3.3999999999999773,9.61087933345166
base_B,J03WOH,8.843386594813477,2.7999999999999545,5.6549579371667615
base_B,J03WOH,23.23024089480709,4.599999999999909,15.648019100282413
base_B,J03WOH,13.694293472672754,3.199999999999932,11.007860521693747
base_B,J03WOH,6.901757342980267,2.6000000000000227,6.22806143636973
base_B,J03WOH,5.601372400759885,4.2000000000000455,8.347307001198452
base_B,J03WOH,10.445698537716254,6.0,16.210466653415722
base_B,J03WOH,10.183655632637183,2.6000000000000227,7.574115996028448
base_B,J03WOH,13.81345250759322,5.600000000000023,23.155269385253767
base_B,J03WOH,4.007471337171889,4.600000000000023,7.577467761471318
base_B,J03WOH,9.402881082231968,3.6000000000000227,12.577668077020034
base_B,J03WOH,16.644170322406993,4.7999999999999545,22.291657150680596
base_B,J03WOH,4.991736489070689,4.599999999999909,7.185317467248813
base_B,J03WOH,10.623036330578248,2.599999999999909,14.163919715233602
base_B,J03WOH,5.3876120026311325,6.0,9.947005388785172
base_B,J03WOH,6.444936340358225,2.7999999999999545,7.456872188230678
base_B,J03WOH,12.007878127236902,6.0,11.964824740838624
base_B,J03WOH,8.303071991937475,2.7999999999999545,5.9709072048476814
base_B,J03WOH,11.886504652586673,3.7999999999999545,11.305549590583915
base_B,J03WOH,12.173017759355183,5.199999999999818,9.023568156545121
base_B,J03WOH,12.41794779471752,4.2000000000000455,14.385294856900234
base_B,J03WOH,31.641782477146357,7.2000000000000455,21.287775799983123
base_B,J03WOH,8.316276962145349,3.400000000000091,2.4601282257659793
base_B,J03WOH,8.707518961953646,3.0,9.527989186053949
base_B,J03WOH,12.133524719979505,3.0,12.028741743140348
base_B,J03WOH,11.536374426226015,3.199999999999818,13.790112385117972
base_B,J03WOH,7.652326382687809,3.0,6.166566762105251
base_B,J03WOH,5.595969011432448,2.800000000000182,7.076468076363192
base_B,J03WOH,12.195056377861325,3.200000000000273,9.773685649648646
base_B,J03WOH,8.33298335519453,3.200000000000273,12.386542299967243
base_B,J03WOH,12.167112390192578,3.0,9.941973636829072
base_B,J03WOH,9.841084322271637,2.799999999999727,12.394356454562391
base_B,J03WOH,7.8030485029804595,3.399999999999636,10.351365975866461
base_B,J03WOH,10.934486881098625,3.0,11.154720207955169
base_B,J03WOH,5.111853581914426,4.400000000000091,11.364925938415501
base_B,J03WOH,17.408844206043167,6.0,21.3380084728706
base_B,J03WOH,7.576563718786247,3.199999999999818,12.886167094742481
base_B,J03WOH,22.99511612388073,7.0,13.425249936895629
base_B,J03WOH,11.7250927668954,3.4000000000000004,10.739428496377803
base_B,J03WOH,7.094335814595578,2.799999999999997,6.284842214010761
base_B,J03WOH,5.6491581831223385,4.0,8.20106304236343
base_B,J03WOH,17.192411827953563,3.4000000000000057,16.97624109716535
base_B,J03WOH,10.597025179057203,3.8000000000000114,18.25171816049849
base_B,J03WOH,5.918179323455933,2.8000000000000114,3.7201385530324576
base_B,J03WOH,9.411825724397035,4.199999999999989,16.823838401142055
base_B,J03WOH,8.706235353479538,3.1999999999999886,6.523470315261836
base_B,J03WOH,7.963088858738093,2.8000000000000114,9.488644885096097
base_B,J03WOH,8.22868315004309,3.0,8.999347646349932
base_B,J03WOH,13.655487382399807,3.6000000000000227,9.3509519208878
base_B,J03WOH,8.151700042038026,2.8000000000000114,6.449567049410657
base_B,J03WOH,7.5516408315830486,3.1999999999999886,6.848990648203167
base_B,J03WOH,5.836270463046489,6.0,5.342491995367474
base_B,J03WOH,5.2396068135201315,2.8000000000000114,5.831245595388901
base_B,J03WOH,12.060474073081354,3.0,13.835329727888391
base_B,J03WOH,5.832003806654557,2.6000000000000227,5.5673400705631675
base_B,J03WOH,9.363768842098745,3.2000000000000455,5.996078613778736
base_B,J03WOH,8.316390016822062,3.0,6.796434167935514
base_B,J03WOH,8.285939517628307,3.0,7.081288776058707
base_B,J03WOH,9.123623134469543,3.2000000000000455,4.7273578813100166
base_B,J03WOH,12.649318367390597,3.3999999999999773,14.112683611744956
base_B,J03WOH,6.441113744232807,3.199999999999932,6.350788591280724
base_B,J03WOH,22.658317244737766,5.2000000000000455,17.308570189313286
base_B,J03WOH,7.935253803591637,3.0,7.42123667069596
base_B,J03WOH,8.91249066214148,3.0,6.427062069746602
base_B,J03WOH,12.355847307965227,4.599999999999909,10.200222972063898
base_B,J03WOH,7.392339502877885,2.599999999999909,5.7530320773834855
base_B,J03WOH,10.535202798862034,5.599999999999909,15.668703518333148
base_B,J03WOH,12.50108550393557,4.0,11.812230691670202
base_B,J03WOH,10.702013265220929,3.7999999999999545,8.217308215235125
base_B,J03WOH,11.237910527436515,3.2000000000000455,9.686529900124038
base_B,J03WOH,7.284013849926196,2.7999999999999545,7.091527248156863
base_B,J03WOH,11.246744928199638,2.6000000000001364,7.2202913114985305
base_B,J03WOH,3.1713073649667094,3.199999999999818,10.224281283406569
base_B,J03WOH,10.248878087399781,6.0,9.714113532410519
base_B,J03WOH,14.162355290370316,4.599999999999909,12.931096987998052
base_B,J03WOH,8.791825900914247,2.6000000000001364,8.668462952869806
base_B,J03WOH,12.160162675087278,2.599999999999909,5.6766221642472185
base_B,J03WOH,7.064741171321318,3.599999999999909,7.219720043802102
base_B,J03WOH,6.644170045622684,2.599999999999909,5.762026980783463
base_B,J03WOH,7.9433471999781275,2.599999999999909,4.86295845977707
base_B,J03WOH,9.446697835372728,3.799999999999727,12.396086575649933
base_B,J03WOH,19.401805575359415,3.199999999999818,15.27489818981189
base_B,J03WOH,6.844548641236965,5.199999999999818,8.125983750496047
base_B,J03WOH,4.97074480412631,3.599999999999909,4.092357436933
base_B,J03WOY,9.42084441486433,2.8000000000000003,8.880581476318202
base_B,J03WOY,5.369499293095607,3.799999999999997,3.71060975626556
base_B,J03WOY,8.040803256976403,3.0,4.90986949696225
base_B,J03WOY,6.023735463610819,2.8000000000000114,4.4523800216795735
base_B,J03WOY,18.663263215374535,6.0,27.97617229542446
base_B,J03WOY,8.8515631324506,3.0,9.898480682504958
base_B,J03WOY,10.569808635847396,6.0,23.568271106163287
base_B,J03WOY,6.9969889274785295,4.199999999999989,6.034510977791774
base_B,J03WOY,11.036926221972198,3.0,8.565381839315556
base_B,J03WOY,4.3987281056475,2.6000000000000227,4.14591147939567
base_B,J03WOY,7.464451362352534,3.0,5.874448686835856
base_B,J03WOY,7.731551369980384,2.7999999999999545,5.40323755233532
base_B,J03WOY,18.44412667673721,6.0,15.545603827688998
base_B,J03WOY,8.497476707204738,6.0,12.799637190363015
base_B,J03WOY,8.593756742383015,3.599999999999909,12.29058110804834
base_B,J03WOY,5.876671947031123,3.0,6.948385970954352
base_B,J03WOY,10.9099458252069,3.2000000000000455,6.328455030164005
base_B,J03WOY,22.437263494699614,6.0,13.791875685392187
base_B,J03WOY,18.63988071898887,3.7999999999999545,14.197205452393451
base_B,J03WOY,13.753485429072276,4.0,10.199697467871147
base_B,J03WOY,5.090942614531184,3.2000000000000455,3.114553661014714
base_B,J03WOY,11.447580107935059,4.0,12.557018599002994
base_B,J03WOY,12.47450024644499,4.0,14.027460338946943
base_B,J03WOY,4.000882888953417,2.6000000000001364,4.483124360899302
base_B,J03WOY,10.16655893571838,8.399999999999864,12.089517489929044
base_B,J03WOY,15.896812464572317,4.399999999999864,11.95632780896542
base_B,J03WOY,9.894754418468505,3.0,8.882559255930168
base_B,J03WOY,6.71362976594824,6.0,14.652781627549691
base_B,J03WOY,7.9812546551077626,6.0,4.550280100633676
base_B,J03WOY,10.140929924091001,3.3999999999998636,12.751794841106062
base_B,J03WOY,16.783839914395834,6.199999999999818,22.566000694476095
base_B,J03WOY,11.305467657505993,4.200000000000273,12.93204371293532
base_B,J03WOY,9.600712409585121,2.599999999999909,7.541808287470012
base_B,J03WOY,12.223778526094495,4.199999999999818,6.504061615879017
base_B,J03WOY,6.86591305534057,2.599999999999909,5.4028438950750655
base_B,J03WOY,9.11274465355033,6.0,12.599229886259009
base_B,J03WOY,13.869883960944861,4.400000000000091,17.940428258955098
base_B,J03WOY,8.745353096825024,6.0,17.68984132407082
base_B,J03WOY,4.904515644298672,4.599999999999909,8.566236233593763
base_B,J03WOY,10.525685001168345,3.799999999999727,13.47979467289017
base_B,J03WOY,8.398048938539983,3.0,10.623223184353774
base_B,J03WOY,6.58960641286625,6.0,18.782474737618422
base_B,J03WOY,7.8312182879555134,2.599999999999909,6.224069185329293
base_B,J03WOY,7.142224933526818,2.599999999999909,5.510396020179925
base_B,J03WOY,9.690046297099308,2.5999999999999996,10.223145556373478
base_B,J03WOY,15.40409463482858,3.5999999999999943,14.413104115991388
base_B,J03WOY,7.186072196605089,6.0,9.637903947454156
base_B,J03WOY,4.501113960623753,3.0,6.473304113162234
base_B,J03WOY,4.91137240095913,3.599999999999966,11.133576673704871
base_B,J03WOY,12.022362840833857,5.399999999999977,13.545429664059856
base_B,J03WOY,8.152573901135373,2.8000000000000114,7.318991218885768
base_B,J03WOY,10.295330410385873,6.0,8.716752157939482
base_B,J03WOY,20.492727382206745,6.0,18.44367624372022
base_B,J03WOY,12.629570172466282,4.2000000000000455,9.693438762516937
base_B,J03WOY,10.177659928454972,4.0,9.964998701097613
base_B,J03WOY,14.685528749760255,6.0,19.08578731132208
base_B,J03WOY,25.696651443486516,6.600000000000023,19.6100214978199
base_B,J03WOY,7.331575324945727,3.2000000000000455,3.3277534357113883
base_B,J03WOY,8.485304424563418,3.199999999999932,6.949045298829044
base_B,J03WOY,10.386509208267801,4.399999999999977,11.515611975844255
base_B,J03WOY,17.6645888116095,5.7999999999999545,13.314281483782391
base_B,J03WOY,8.561834427097853,3.199999999999818,11.609660359603293
base_B,J03WOY,17.55987034677547,6.0,14.610942172272122
base_B,J03WOY,14.863749921871648,6.0,7.968567785848879
base_B,J03WOY,7.721331052314065,5.0,6.16616123770474
base_B,J03WOY,4.238789589419942,3.400000000000091,8.784831740637443
base_B,J03WOY,9.137084426544462,3.6000000000001364,8.268814778547789
base_B,J03WOY,10.452410979705807,3.2000000000000455,11.519531906178742
base_B,J03WOY,14.634022502812673,3.7999999999999545,13.567769486649274
base_B,J03WOY,4.655878738838687,2.7999999999999545,7.670018648882934
base_B,J03WOY,17.547842834197603,4.7999999999999545,20.959604244843746
base_B,J03WOY,9.618740662610463,3.3999999999998636,14.679585179610195
base_B,J03WOY,13.500139898046797,6.0,15.20532667063008
base_B,J03WOY,13.052261895524492,6.0,8.247599049294127
base_B,J03WOY,3.9974898468744122,4.2000000000000455,12.242337913117758
base_B,J03WOY,21.22545111586974,4.600000000000364,14.573065110030527
base_B,J03WOY,37.6191277835502,8.600000000000364,28.34314788326821
base_B,J03WOY,14.644829330306724,4.599999999999909,13.434397758180005
base_B,J03WOY,9.115664330540827,2.599999999999909,7.946117530613632
base_B,J03WOY,9.19766298038678,6.0,8.358445513129604
base_B,J03WOY,9.074593128720906,5.799999999999727,17.825409678049144
base_B,J03WOY,7.017331414456384,3.799999999999727,8.892256491074182
base_B,J03WOY,9.881212940830604,4.0,8.180673626557265
base_B,J03WOY,17.030273420809458,5.400000000000091,14.23466074656687
base_B,J03WOY,7.802864306788921,6.0,10.914155599110694
base_B,J03WOY,4.190163864844036,2.599999999999909,4.591463420945006
base_B,J03WOY,6.8068735565967735,2.599999999999909,4.860180572944161
base_B,J03WOY,15.492765042469562,6.0,23.956049780229584
base_B,J03WQQ,37.88458423308117,7.599999999999994,22.204784053785147
base_B,J03WQQ,7.958618746040097,3.4000000000000057,6.002875848570167
base_B,J03WQQ,6.6675085077322755,2.8000000000000114,6.472084432286463
base_B,J03WQQ,6.037782558208008,6.0,8.539028883842581
base_B,J03WQQ,13.087757881884055,3.7999999999999545,9.394029476575481
base_B,J03WQQ,6.78731290295981,4.0,5.212579301381224
base_B,J03WQQ,4.7455609773990615,2.599999999999909,2.027888813060675
base_B,J03WQQ,4.284772071334645,2.6000000000000227,6.920201398695834
base_B,J03WQQ,21.725846927194212,4.599999999999909,17.365944662140073
base_B,J03WQQ,5.9368426816135464,2.6000000000000227,4.492673540429584
base_B,J03WQQ,10.727434836941715,5.0,11.980245626600496
base_B,J03WQQ,11.91408928048758,2.7999999999999545,7.490845759239273
base_B,J03WQQ,14.794964656424277,3.599999999999909,11.645079900987158
base_B,J03WQQ,7.937145377527427,3.0,7.221078984733379
base_B,J03WQQ,7.086197585878909,2.6000000000001364,6.013664921354599
base_B,J03WQQ,5.095897237083138,3.2000000000000455,8.814750379655203
base_B,J03WQQ,4.7205281916992,2.7999999999999545,3.8784374421396355
base_B,J03WQQ,10.337248705406365,2.599999999999909,5.236941591061104
base_B,J03WQQ,15.142586019370896,6.0,10.43828359775598
base_B,J03WQQ,18.10110732208097,6.0,15.725299338105803
base_B,J03WQQ,9.317458635020834,3.2000000000000455,7.409074785332184
base_B,J03WQQ,14.550476672884567,5.0,17.09351526004486
base_B,J03WQQ,9.009227140367292,3.599999999999909,11.318725702166711
base_B,J03WQQ,5.037432171635018,2.599999999999909,5.594778306179654
base_B,J03WQQ,3.0704569887530315,2.599999999999909,3.4006058446405776
base_B,J03WQQ,3.3160659376002846,4.399999999999864,5.263966680271449
base_B,J03WQQ,7.51643847064319,3.599999999999909,8.912600891381501
base_B,J03WQQ,39.17464105457645,13.600000000000136,23.051635781772827
base_B,J03WQQ,5.705480125690874,2.6000000000001364,6.141952975723971
base_B,J03WQQ,7.5429101833189245,2.7999999999999545,7.326211220441319
base_B,J03WQQ,8.232444302824176,3.6000000000001364,8.312674954245237
base_B,J03WQQ,8.22477030132831,2.799999999999727,6.89623373236315
base_B,J03WQQ,8.461790087989048,6.0,20.43301101899722
base_B,J03WQQ,9.37802447769375,3.600000000000364,10.713937485306769
base_B,J03WQQ,4.333741205268204,3.800000000000182,7.793454975112546
base_B,J03WQQ,12.902971867197781,3.0,14.51719557061722
base_B,J03WQQ,15.328109569009928,4.800000000000182,15.211411911322326
base_B,J03WQQ,7.654666137311649,2.799999999999727,9.904988795456678
base_B,J03WQQ,14.159349866247847,6.0,11.119154735099256
base_B,J03WQQ,6.009070063508295,3.0,6.624393695530928
base_B,J03WQQ,6.9649151906795534,2.6000000000000005,4.280493783023907
base_B,J03WQQ,12.029358876885352,6.0,9.263337404942618
base_B,J03WQQ,28.24010319786084,5.400000000000006,18.312201213479945
base_B,J03WQQ,13.525307034220466,4.199999999999989,16.88316230250639
base_B,J03WQQ,10.834497222824295,4.2000000000000455,9.11256089365695
base_B,J03WQQ,4.4841795660394315,4.7999999999999545,8.705138237287303
base_B,J03WQQ,5.669914379607998,2.8000000000000114,8.280895012710511
base_B,J03WQQ,6.56957226152382,3.1999999999999886,4.203781470924565
base_B,J03WQQ,7.980051833899944,3.8000000000000114,11.451431422815691
base_B,J03WQQ,7.737767071155346,2.8000000000000114,10.46200860071725
base_B,J03WQQ,8.514499448453748,6.0,11.341716478866033
base_B,J03WQQ,10.116394831694457,4.2000000000000455,9.582254618813984
base_B,J03WQQ,9.285310220304344,3.800000000000068,11.45629120200838
base_B,J03WQQ,3.6874602056857597,3.0,3.251706249497004
base_B,J03WQQ,14.588533302926674,4.2000000000000455,16.460576066515777
base_B,J03WQQ,12.278619629258005,3.6000000000000227,7.556076216394507
base_B,J03WQQ,7.373960943753139,2.7999999999999545,6.025321965215216
base_B,J03WQQ,16.494353579331108,4.0,14.55859787342364
base_B,J03WQQ,8.329045563568187,3.3999999999998636,7.966233308087641
base_B,J03WQQ,15.290284497026208,4.400000000000091,8.72071499123739
base_B,J03WQQ,8.578169968005996,3.0,7.06094796618425
base_B,J03WQQ,10.000004999998755,3.599999999999909,8.408594555929865
base_B,J03WQQ,3.950658173013768,3.0,6.531318341949119
base_B,J03WQQ,9.130744766995074,3.800000000000182,7.826279583693708
base_B,J03WQQ,6.876401675295254,6.0,6.9371013908809775
base_B,J03WQQ,9.57548954362174,3.0,13.389858797641422
base_B,J03WQQ,8.74547311470334,2.7999999999999545,4.824897555047524
base_B,J03WQQ,22.520035523949897,5.7999999999999545,14.053266592791726
base_B,J03WQQ,11.394568881708796,3.0,13.135873712983608
base_B,J03WQQ,6.397655820689323,2.599999999999909,7.064076038138383
base_B,J03WQQ,10.76987000850035,4.399999999999864,8.667083285274437
base_B,J03WQQ,21.899004543587125,4.800000000000182,16.200406454705924
base_B,J03WQQ,8.304149565128442,2.800000000000182,8.148414256586374
base_B,J03WQQ,6.6368215284132885,6.0,6.256255562267413
base_B,J03WQQ,8.839711533754931,6.0,10.174763777965085
base_B,J03WQQ,6.008901729934917,3.600000000000364,7.378097054619945
base_B,J03WQQ,3.82388545853559,3.0,4.01150572044297
base_B,J03WQQ,24.589042274964676,6.199999999999818,14.014947872834032
base_B,J03WQQ,8.775477195003088,4.0,15.079260936004916
base_B,J03WQQ,24.108606347112936,8.400000000000091,20.894556675025267
base_B,J03WQQ,9.024965373894794,5.0,14.070993588351197
base_B,J03WQQ,6.396256717798863,5.400000000000091,11.925279074752714
base_B,J03WQQ,7.368921223625614,2.599999999999909,9.475331357091651
base_B,J03WQQ,13.054386236049345,2.799999999999727,8.315119776304364
base_B,J03WQQ,8.319260784469652,3.400000000000091,13.64558153576425
base_B,J03WR9,14.335764534043916,4.2,16.634542909851604
base_B,J03WR9,22.026601667230608,5.000000000000002,17.450470409034743
base_B,J03WR9,10.149240355250448,5.600000000000001,13.137309260624416
base_B,J03WR9,7.661866729860335,6.0,10.157583966512838
base_B,J03WR9,8.433909221141054,2.6000000000000227,5.70056719773587
base_B,J03WR9,9.883465491935656,4.399999999999977,12.362094713670263
base_B,J03WR9,5.576156845905164,2.5999999999999943,6.4349793705940925
base_B,J03WR9,17.782757061349642,6.0,17.98616490736734
base_B,J03WR9,4.737226034274213,3.1999999999999886,3.6130487358757217
base_B,J03WR9,12.083411335907474,3.4000000000000057,9.8360754150096
base_B,J03WR9,7.1894522699751064,2.599999999999966,5.488004933335805
base_B,J03WR9,7.332899160019899,2.8000000000000114,6.599404261551994
base_B,J03WR9,7.717478174640434,2.8000000000000114,4.482095494511459
base_B,J03WR9,8.755670351914443,3.400000000000034,7.744960162886455
base_B,J03WR9,5.623133682955373,5.800000000000011,6.135111468884302
base_B,J03WR9,11.013348376502101,5.399999999999977,9.592815867283605
base_B,J03WR9,8.647226161326675,5.2000000000000455,19.861554293929856
base_B,J03WR9,7.8921150656146715,5.199999999999932,6.856128276989457
base_B,J03WR9,6.625598749111602,2.599999999999909,4.256332340096485
base_B,J03WR9,7.791766503853814,2.6000000000000227,9.303938991038375
base_B,J03WR9,14.369353561778611,3.0,10.783107584280366
base_B,J03WR9,8.380945656705851,3.3999999999999773,6.301484945714206
base_B,J03WR9,10.883091809557637,3.400000000000091,11.651906450057082
base_B,J03WR9,5.479720451600901,2.599999999999909,6.378183227820124
base_B,J03WR9,14.391744883033438,5.400000000000091,15.91326088034955
base_B,J03WR9,9.004354613734979,3.2000000000000455,9.48573356305727
base_B,J03WR9,9.703083372419643,4.400000000000091,9.774377058105564
base_B,J03WR9,8.662778797267698,6.0,13.070604225137416
base_B,J03WR9,4.426796227380486,3.400000000000091,6.930838923931362
base_B,J03WR9,7.576749295899922,3.2000000000000455,11.063344153444252
base_B,J03WR9,9.004643182976535,3.2000000000000455,11.450476752469077
base_B,J03WR9,8.897445070578925,4.600000000000136,8.528929048878254
base_B,J03WR9,13.64079756293881,5.0,14.644607798797445
base_B,J03WR9,11.369668840164419,6.0,11.439392434760348
base_B,J03WR9,26.11271425621584,6.400000000000091,21.22705272205362
base_B,J03WR9,21.876865504899527,3.799999999999727,14.057665720351636
base_B,J03WR9,13.487102115653343,4.399999999999636,11.23621884652231
base_B,J03WR9,6.641851269261048,3.400000000000091,10.90713250645148
base_B,J03WR9,6.566085347119087,3.0,10.013334939349882
base_B,J03WR9,4.017324630614279,4.0,7.542770660797132
base_B,J03WR9,10.286227637876781,3.200000000000273,9.845353735926608
base_B,J03WR9,21.760715594795347,4.599999999999909,14.681084046702544
base_B,J03WR9,7.501643936300796,6.0,8.287892058346207
base_B,J03WR9,7.1126771076320505,6.0,11.158255018105857
base_B,J03WR9,7.3059017239489314,6.0,6.151735440907067
base_B,J03WR9,12.234941765288463,6.0,10.153943837994802
base_B,J03WR9,8.66157606905348,3.799999999999997,14.030734195549337
base_B,J03WR9,7.207364289391786,2.5999999999999943,10.199526185986597
base_B,J03WR9,8.32598943069234,6.0,16.070073117186954
base_B,J03WR9,11.507189057280709,6.0,13.895284400041705
base_B,J03WR9,10.294857939767832,5.599999999999966,17.135185796753493
base_B,J03WR9,5.0505643249049506,2.800000000000068,8.471405950507496
base_B,J03WR9,12.921950317192827,6.0,24.603168618156495
base_B,J03WR9,16.600192769965055,6.0,20.257378096973394
base_B,J03WR9,10.57783531730382,4.400000000000091,6.3394665394136025
base_B,J03WR9,4.892862148068345,4.0,6.379942849973056
base_B,J03WR9,4.136967488391103,2.6000000000001364,5.375142863540269
base_B,J03WR9,11.460794038809004,5.0,20.51388534069866
base_B,J03WR9,7.349136003639845,2.599999999999909,6.319630324764709
base_B,J03WR9,14.71674216666175,6.0,13.15955301927369
base_B,J03WR9,17.884619090157845,4.400000000000091,14.361547464615331
base_B,J03WR9,7.637047858957021,6.0,15.268404241998411
base_B,J03WR9,10.79082943985381,6.0,17.11413002556069
base_B,J03WR9,20.036179775595944,6.0,14.828256507683045
base_B,J03WR9,10.542736836324806,3.2000000000000455,15.951117459696448
base_B,J03WR9,11.5617386235808,3.799999999999727,18.096381713111203
base_B,J03WR9,17.130105078488167,6.0,11.612661873682686
base_B,J03WR9,9.033825324857355,2.800000000000182,11.779516804126974
base_B,J03WR9,12.365055600360959,6.0,9.009324007357431
base_B,J03WR9,12.251224428603052,5.800000000000182,10.1785846387219
base_B,J03WR9,12.495775286071453,4.0,8.579052856558766
base_B,J03WR9,7.300746537170015,6.0,9.603814501743946
base_B,J03WR9,7.282341656364154,2.599999999999909,11.393180936399856
base_B,J03WR9,6.483085685073262,5.199999999999818,9.15291880224476
base_B,J03WR9,10.59393222557139,6.0,15.840120852242569
coupled_B,Sample_Game_1,23.53826697356149,4.199999999999996,9.548131689491107
coupled_B,Sample_Game_1,7.049903696665439,2.6000000000000227,3.925228996235976
coupled_B,Sample_Game_1,11.45500911020467,6.0,9.77662575475216
coupled_B,Sample_Game_1,7.031447225914726,2.8000000000000114,6.050850606373821
coupled_B,Sample_Game_1,5.355965979053622,6.0,5.482780082576946
coupled_B,Sample_Game_1,11.683364653676264,3.8000000000000114,6.706419206982004
coupled_B,Sample_Game_1,6.640505908448861,6.0,6.552814271761617
coupled_B,Sample_Game_1,5.317803144827266,4.2000000000000455,11.82259815580709
coupled_B,Sample_Game_1,20.63245224397057,5.399999999999977,25.731705055222555
coupled_B,Sample_Game_1,34.055491974058114,6.399999999999977,22.34771668566652
coupled_B,Sample_Game_1,6.478681863224381,6.0,7.498633266690094
coupled_B,Sample_Game_1,5.406695786324335,3.2000000000000455,7.222181855260288
coupled_B,Sample_Game_1,11.00173113427082,6.0,11.528346721597664
coupled_B,Sample_Game_1,8.508565398304611,2.6000000000000227,5.053004114114226
coupled_B,Sample_Game_1,9.500059669344967,3.0,7.689081368097362
coupled_B,Sample_Game_1,6.484175323957307,2.7999999999999545,5.498676350134251
coupled_B,Sample_Game_1,3.9818558382932654,6.0,7.134969361754522
coupled_B,Sample_Game_1,7.391094420825013,3.6000000000000227,5.964344423289833
coupled_B,Sample_Game_1,10.258966717692907,3.3999999999998636,9.463667406924795
coupled_B,Sample_Game_1,5.880744391937213,2.7999999999999545,5.439522293694761
coupled_B,Sample_Game_1,10.240937146032746,4.399999999999864,14.142295276125857
coupled_B,Sample_Game_1,6.07380310319582,6.0,6.173669528051897
coupled_B,Sample_Game_1,5.525670679289977,2.7999999999999545,5.091884585534693
coupled_B,Sample_Game_1,4.1066567476591604,6.0,13.30851305030848
coupled_B,Sample_Game_1,6.708047637944165,3.0,8.38530256444336
coupled_B,Sample_Game_1,6.5294161145434675,2.6000000000001364,4.67390155045063
coupled_B,Sample_Game_1,6.490423130102079,6.0,9.928678919026687
coupled_B,Sample_Game_1,10.065749645513971,5.0,11.642779213299168
coupled_B,Sample_Game_1,10.154012171400385,2.7999999999999545,4.195003645526569
coupled_B,Sample_Game_1,14.572785752717625,5.2000000000000455,7.322984141281786
coupled_B,Sample_Game_1,7.301046518262167,2.7999999999999545,4.826856523956434
coupled_B,Sample_Game_1,3.545002240360583,2.599999999999909,4.4258751069072115
coupled_B,Sample_Game_1,22.381386482314454,5.2000000000000455,17.310250684668162
coupled_B,Sample_Game_1,11.41937225038657,6.0,18.947971466273604
coupled_B,Sample_Game_1,7.182602391123903,3.0,6.637297158322638
coupled_B,Sample_Game_1,10.101398413477032,3.799999999999727,12.996861776486579
coupled_B,Sample_Game_1,12.448679240682349,3.0,7.068067957169106
coupled_B,Sample_Game_1,6.990738622575469,6.0,6.752657075237456
coupled_B,Sample_Game_1,7.048367703420063,3.599999999999909,7.376332053986383
coupled_B,Sample_Game_1,10.228871141698047,2.800000000000182,6.39852062484187
coupled_B,Sample_Game_1,9.213023130836326,6.0,5.8364171492228945
coupled_B,Sample_Game_1,10.812851995606339,3.599999999999909,5.219751994656266
coupled_B,Sample_Game_1,22.686261961305124,7.199999999999818,17.886572159755513
coupled_B,Sample_Game_1,8.451828147514611,3.599999999999909,10.913838161007517
coupled_B,Sample_Game_1,22.626384234095756,6.600000000000364,13.572477210547202
coupled_B,Sample_Game_1,4.428111464052483,6.0,5.334089780333658
coupled_B,Sample_Game_1,13.74143730231414,3.799999999996544,10.811481158596239
coupled_B,Sample_Game_1,4.538052874267189,2.9999999999972715,7.0480970569328605
coupled_B,Sample_Game_1,9.481589324926757,6.0,9.68893241221718
coupled_B,Sample_Game_1,10.923814595456108,6.0,33.82841052706685
coupled_B,Sample_Game_1,6.840434693054403,2.9999999999972715,7.973580089193849
coupled_B,Sample_Game_1,6.518010875763573,3.599999999996726,7.978836294906573
coupled_B,Sample_Game_1,11.912525545626604,6.0,14.611552991880675
coupled_B,Sample_Game_1,9.631822891664982,5.999999999994543,10.066661773701483
coupled_B,Sample_Game_1,27.711225045162816,5.799999999994725,16.24641275549598
coupled_B,Sample_Game_1,7.614193721606352,2.5999999999976353,8.076824569186837
coupled_B,Sample_Game_1,10.035060235825728,6.0,5.666338259390001
coupled_B,Sample_Game_1,7.060692248761512,3.1999999999970896,6.542269920167163
coupled_B,Sample_Game_1,5.918484715250138,2.7999999999974534,6.679269821372492
coupled_B,Sample_Game_1,6.219767615758608,2.7999999999974534,5.196637462390161
coupled_B,Sample_Game_1,13.954957103320183,6.0,22.831076318925064
coupled_B,Sample_Game_1,7.588935333845024,6.0,6.969658980011676
coupled_B,Sample_Game_1,14.30402420567233,6.0,21.533846571551415
coupled_B,Sample_Game_1,12.356759183181211,3.3999999999969077,10.472798142315554
coupled_B,Sample_Game_1,13.622325770207613,6.0,11.515020332624314
coupled_B,Sample_Game_1,8.161207188750684,6.0,9.42413895438654
coupled_B,Sample_Game_1,4.429026639840979,3.3999999999969077,7.293320466175075
coupled_B,Sample_Game_1,7.254482042695811,6.0,12.24927510418048
coupled_B,Sample_Game_1,13.779810491600845,2.7999999999974534,13.319256711169983
coupled_B,Sample_Game_1,8.954630798663665,2.7999999999974534,6.89123807676677
coupled_B,Sample_Game_1,25.950946554585542,6.799999999993815,20.2584035911365
coupled_B,Sample_Game_1,6.247398855362115,2.599999999996726,4.793662324644439
coupled_B,Sample_Game_1,15.052804293092738,6.0,9.363114617714373
coupled_B,Sample_Game_1,17.64356160237321,3.999999999996362,19.483187387851714
coupled_B,Sample_Game_1,21.97703995729482,5.599999999994907,21.620847354205452
coupled_B,Sample_Game_1,5.915488795316396,3.599999999996726,7.314388334954101
coupled_B,Sample_Game_1,2.6149793866171462,3.7999999999974534,4.932789371544294
coupled_B,Sample_Game_1,8.255472249098286,3.1999999999970896,10.858299959303526
coupled_B,Sample_Game_1,12.199374195533721,6.0,10.670396014509183
coupled_B,Sample_Game_1,3.7237088481848786,3.599999999996726,8.62176678358587
coupled_B,Sample_Game_1,11.049943950559062,4.399999999995998,5.2649945674500565
coupled_B,Sample_Game_1,5.295661720084402,5.999999999994543,7.741036114712722
coupled_B,Sample_Game_1,7.581556090089216,4.999999999994543,14.682442390204454
coupled_B,Sample_Game_1,27.302447397947198,5.399999999994179,17.04605752105823
coupled_B,Sample_Game_1,6.24335456880582,3.999999999996362,6.692186253302681
coupled_B,Sample_Game_1,7.048708480773619,2.7999999999974534,7.6079014146562205
coupled_B,Sample_Game_1,4.055397238833798,2.599999999998545,6.206407015784595
coupled_B,Sample_Game_1,4.356184024805382,2.599999999996726,5.75694948185212
coupled_B,Sample_Game_1,2.368837907089131,4.399999999995998,3.180932517563674
coupled_B,Sample_Game_1,5.519524542841276,6.0,27.124188976992947
coupled_B,Sample_Game_1,20.50789712230222,5.399999999995998,14.919399965947429
coupled_B,Sample_Game_1,10.938411282670577,3.599999999996726,12.386733374148818
coupled_B,Sample_Game_1,7.747187069037207,2.599999999996726,5.055493739960024
coupled_B,Sample_Game_1,8.90555554974684,6.0,18.461176655394446
coupled_B,Sample_Game_1,3.514471755579569,5.199999999995271,8.103282179765651
coupled_B,Sample_Game_1,23.83565884892096,4.799999999995634,20.94023905820169
coupled_B,Sample_Game_2,6.244908832221478,2.8000000000000043,3.790135859353665
coupled_B,Sample_Game_2,7.363517652805337,3.6000000000000085,5.143371381800366
coupled_B,Sample_Game_2,10.199429499563855,3.200000000000003,8.113411054588205
coupled_B,Sample_Game_2,5.263571279324251,3.200000000000017,6.6345478126290125
coupled_B,Sample_Game_2,4.496065749443428,6.0,7.4440630674129675
coupled_B,Sample_Game_2,6.784607259295374,3.0,6.259098344027098
coupled_B,Sample_Game_2,10.060803318119959,3.6000000000000227,8.691664616542816
coupled_B,Sample_Game_2,8.624789348637865,2.6000000000000227,6.747887544045334
coupled_B,Sample_Game_2,5.474208820241411,2.599999999999909,5.527549242992324
coupled_B,Sample_Game_2,7.7727831736587945,3.0,6.743044804992405
coupled_B,Sample_Game_2,9.164819793983328,3.199999999999932,8.619080405696312
coupled_B,Sample_Game_2,8.739585514173083,3.0,5.9857372081664355
coupled_B,Sample_Game_2,9.572501022660036,3.7999999999999545,8.188668300916252
coupled_B,Sample_Game_2,6.321723833147275,4.0,7.324783312367112
coupled_B,Sample_Game_2,8.782721560247115,6.0,13.83335518921334
coupled_B,Sample_Game_2,16.270027142116827,8.0,11.368222514846993
coupled_B,Sample_Game_2,17.128500864135205,5.7999999999999545,9.80737534199773
coupled_B,Sample_Game_2,10.500508343595524,2.800000000000182,15.323298507372453
coupled_B,Sample_Game_2,11.861668972136854,5.0,19.83239203724213
coupled_B,Sample_Game_2,9.935140904657725,3.7999999999999545,9.725280186823394
coupled_B,Sample_Game_2,10.13826307773271,6.0,12.5441721453731
coupled_B,Sample_Game_2,22.778347720266964,6.0,23.016546206585264
coupled_B,Sample_Game_2,13.554158921745376,6.0,13.72385242386938
coupled_B,Sample_Game_2,4.920417008479731,3.599999999999909,16.6679294130562
coupled_B,Sample_Game_2,5.7581217965964715,2.7999999999999545,5.251604312601076
coupled_B,Sample_Game_2,7.342967937040426,2.599999999999909,6.237521717566572
coupled_B,Sample_Game_2,26.566300350044422,5.7999999999999545,12.968028907628504
coupled_B,Sample_Game_2,9.66663552171002,4.0,14.811148445138713
coupled_B,Sample_Game_2,5.304817442402883,3.0,9.406522501515848
coupled_B,Sample_Game_2,7.757569474705937,2.800000000000182,10.105005014802414
coupled_B,Sample_Game_2,7.567997251275333,6.0,13.264014472267608
coupled_B,Sample_Game_2,4.162519034280405,2.599999999999909,7.536344633514547
coupled_B,Sample_Game_2,12.285152492179986,5.199999999995271,9.095542066304105
coupled_B,Sample_Game_2,22.34283660061609,6.0,11.94833466818205
coupled_B,Sample_Game_2,5.230070326280732,3.1999999999970896,5.108138557427459
coupled_B,Sample_Game_2,7.331561166926316,6.0,5.15953943269473
coupled_B,Sample_Game_2,4.782549539227371,6.0,12.271271807332944
coupled_B,Sample_Game_2,17.822760799561273,6.0,7.670752460846806
coupled_B,Sample_Game_2,16.396916104579432,6.0,18.582423774595327
coupled_B,Sample_Game_2,13.980608111138164,5.999999999994543,19.328672092191052
coupled_B,Sample_Game_2,6.613072054234611,3.1999999999970896,7.7012095658187185
coupled_B,Sample_Game_2,8.234544032853643,6.0,9.359353577605727
coupled_B,Sample_Game_2,16.777467522559753,6.0,10.979292340803374
coupled_B,Sample_Game_2,5.559724685229645,5.799999999994725,23.91047144026293
coupled_B,Sample_Game_2,7.575699394336301,2.9999999999972715,7.2986607681953375
coupled_B,Sample_Game_2,9.871359512514596,6.0,11.014464343672602
coupled_B,Sample_Game_2,5.226824075920467,6.0,9.516702553625386
coupled_B,Sample_Game_2,10.674131899271966,5.799999999994725,11.953529624981888
coupled_B,Sample_Game_2,2.999757189694174,2.5999999999976353,1.9917539530266852
coupled_B,Sample_Game_2,10.521548259064218,6.0,16.882279202686963
coupled_B,Sample_Game_2,5.35765582434334,2.5999999999976353,6.206927514118123
coupled_B,Sample_Game_2,8.124151404263474,3.1999999999970896,5.190121115214828
coupled_B,Sample_Game_2,7.15759232367826,5.399999999995089,10.198729427254484
coupled_B,Sample_Game_2,8.101930881200708,3.1999999999970896,11.306255853620954
coupled_B,Sample_Game_2,11.580822937646015,6.0,7.816741795628724
coupled_B,Sample_Game_2,6.541120624285961,6.0,9.825194530904387
coupled_B,Sample_Game_2,20.716255093453825,4.599999999995816,17.584325030744267
coupled_B,Sample_Game_2,6.628203858786636,3.799999999996544,6.043891965564631
coupled_B,Sample_Game_2,8.202560750361087,3.599999999996726,2.8461845698187074
coupled_B,Sample_Game_2,4.473683695156967,6.0,6.115356206542818
coupled_B,Sample_Game_2,7.184966553321878,4.599999999995816,10.710329323597119
coupled_B,Sample_Game_2,5.05414959667117,6.0,6.179793149002936
coupled_B,Sample_Game_2,5.197042418788846,2.5999999999976353,6.026121135157807
coupled_B,Sample_Game_2,12.545243971839028,4.19999999999618,11.112911833173126
coupled_B,Sample_Game_2,28.101831995422437,5.399999999995089,14.636252618700958
coupled_B,Sample_Game_2,21.19130811251864,6.0,18.769896331990246
coupled_B,Sample_Game_2,8.449542524266112,5.999999999994543,8.057281503374966
coupled_B,Sample_Game_2,10.294604779727209,4.19999999999618,9.412285174134098
coupled_B,Sample_Game_2,5.353872730904429,6.0,5.38193826116668
coupled_B,Sample_Game_2,2.5405702314358938,3.599999999996726,10.245574449152635
coupled_B,Sample_Game_2,6.995970060955379,3.1999999999970896,8.291203890868516
coupled_B,Sample_Game_3,11.66133251077638,6.0,12.421102662625191
coupled_B,Sample_Game_3,16.03653070304081,4.399999999999977,17.50592165640974
coupled_B,Sample_Game_3,17.747560518758853,5.999999999999972,17.44666459932418
coupled_B,Sample_Game_3,7.367447798601927,4.399999999999977,8.357308147930983
coupled_B,Sample_Game_3,14.223892684801921,6.0,12.191089873159617
coupled_B,Sample_Game_3,6.96639066713481,2.599999999999966,5.5323078509100565
coupled_B,Sample_Game_3,9.281612184702817,5.399999999999977,6.068242840222419
coupled_B,Sample_Game_3,13.007939019710356,6.0,8.808796995293555
coupled_B,Sample_Game_3,7.992677876876781,3.0,7.983048557004146
coupled_B,Sample_Game_3,15.18336132990698,6.0,13.802771624810028
coupled_B,Sample_Game_3,12.78600776664436,5.399999999999977,10.570567094707545
coupled_B,Sample_Game_3,8.050776009636875,3.599999999999909,7.980846013361476
coupled_B,Sample_Game_3,6.691080463152527,2.6000000000000227,6.680266001476174
coupled_B,Sample_Game_3,13.618930827546738,6.0,10.279506250576956
coupled_B,Sample_Game_3,7.7169833683720395,3.199999999999932,6.928153252601121
coupled_B,Sample_Game_3,11.890620007692863,3.7999999999999545,9.563419845414575
coupled_B,Sample_Game_3,9.758358311025518,4.600000000000023,7.852303889459737
coupled_B,Sample_Game_3,7.169798099650663,3.6000000000000227,7.667699104963393
coupled_B,Sample_Game_3,5.2030437642601886,3.800000000000068,6.551517117219314
coupled_B,Sample_Game_3,12.383053134038459,4.199999999999932,13.383786117579312
coupled_B,Sample_Game_3,6.183178416593705,4.199999999999932,8.039562604161956
coupled_B,Sample_Game_3,7.837389709300439,3.2000000000000455,7.463047089971008
coupled_B,Sample_Game_3,4.6661455798353115,3.6000000000000227,3.615645557796996
coupled_B,Sample_Game_3,9.205179226167878,3.0,10.4218748376672
coupled_B,Sample_Game_3,15.331740675047717,5.800000000000182,21.42238083688943
coupled_B,Sample_Game_3,11.383106975985761,3.2000000000000455,9.923552069016463
coupled_B,Sample_Game_3,14.053141355883703,5.599999999999909,18.91203903563806
coupled_B,Sample_Game_3,10.98274201901668,3.400000000000091,8.58585471646316
coupled_B,Sample_Game_3,4.167331342183537,3.2000000000000455,6.071205260222046
coupled_B,Sample_Game_3,9.909581735337417,6.0,10.864062244808643
coupled_B,Sample_Game_3,9.504880693017812,3.7999999999999545,9.673422583527207
coupled_B,Sample_Game_3,16.46356869987151,6.0,12.500098000505101
coupled_B,Sample_Game_3,10.907650654153755,6.0,14.972662850440077
coupled_B,Sample_Game_3,10.41753788522865,6.0,14.470413141039211
coupled_B,Sample_Game_3,9.666636613485693,3.2000000000000455,6.161505913121816
coupled_B,Sample_Game_3,8.523397432802552,3.400000000000091,7.212160802662726
coupled_B,Sample_Game_3,6.482393828576207,2.7999999999999545,5.323722299021519
coupled_B,Sample_Game_3,6.188330785632328,2.599999999999909,8.636103884548614
coupled_B,Sample_Game_3,8.392584099767053,6.0,10.567478994167452
coupled_B,Sample_Game_3,12.028598088646923,6.0,12.775562746067529
coupled_B,Sample_Game_3,14.5674333779838,5.0,10.733701650834192
coupled_B,Sample_Game_3,8.026257154649063,6.0,8.790467254559445
coupled_B,Sample_Game_3,11.242704874353578,5.399999999999864,10.360641205300603
coupled_B,Sample_Game_3,8.696561053437028,4.0,3.830922704112619
coupled_B,Sample_Game_3,17.54063646256424,6.0,11.042996895882872
coupled_B,Sample_Game_3,8.845487329602808,5.199999999999818,12.089010331209018
coupled_B,Sample_Game_3,3.6111919915048425,2.800000000000182,6.205863287513939
coupled_B,Sample_Game_3,5.028952327797683,4.199999999999818,9.191764088885922
coupled_B,Sample_Game_3,16.439164307480446,5.199999999999818,10.36357702253374
coupled_B,Sample_Game_3,5.9195321017846805,2.800000000000182,9.291508150379162
coupled_B,Sample_Game_3,15.396930111048432,3.0,9.517233162366695
coupled_B,Sample_Game_3,9.780304705170671,6.0,17.153168932647258
coupled_B,Sample_Game_3,8.477874246894347,3.799999999999727,6.674786711044961
coupled_B,Sample_Game_3,9.440172275679327,4.200000000000273,7.634344406023468
coupled_B,Sample_Game_3,5.196211978408181,4.199999999999818,3.620769220123708
coupled_B,Sample_Game_3,12.62315992517214,4.400000000000091,9.020799478785284
coupled_B,Sample_Game_3,13.830141890014598,5.800000000000182,12.693923792126842
coupled_B,Sample_Game_3,11.903223257096828,6.0,7.9247542196162994
coupled_B,Sample_Game_3,10.115621202980677,5.599999999999994,6.676808098318819
coupled_B,Sample_Game_3,5.713376637677012,2.799999999999983,5.37056718738061
coupled_B,Sample_Game_3,12.847759694208925,6.0,13.016292342109473
coupled_B,Sample_Game_3,6.259036510181824,3.4000000000000057,4.7956761414966955
coupled_B,Sample_Game_3,8.53978565740134,3.0,8.070675368986162
coupled_B,Sample_Game_3,13.847142911282551,6.0,15.22200139784549
coupled_B,Sample_Game_3,5.403414721195887,4.199999999999989,8.73699572445112
coupled_B,Sample_Game_3,8.697290954864137,2.6000000000000227,8.020117277809092
coupled_B,Sample_Game_3,8.823290409335756,3.599999999999909,9.281450779535863
coupled_B,Sample_Game_3,11.170648364681226,3.199999999999932,9.494453328580528
coupled_B,Sample_Game_3,7.919371977637502,3.400000000000091,7.902644005869409
coupled_B,Sample_Game_3,17.72772044464711,4.399999999999977,6.87764501023956
coupled_B,Sample_Game_3,8.315505392387951,3.2000000000000455,8.718730451335208
coupled_B,Sample_Game_3,16.244650967618924,3.7999999999999545,13.606517771868667
coupled_B,Sample_Game_3,4.226788841839795,5.399999999999977,13.300819739488333
coupled_B,Sample_Game_3,10.488400934769643,4.199999999999932,15.455117991381174
coupled_B,Sample_Game_3,7.79996087013426,4.2000000000000455,9.161989963254129
coupled_B,Sample_Game_3,5.760108274311664,4.999999999999886,14.023956765274185
coupled_B,Sample_Game_3,11.70785213888027,6.0,11.742117178372943
coupled_B,Sample_Game_3,4.650025026474581,4.400000000000091,8.54967221420366
coupled_B,Sample_Game_3,11.579017903223788,2.6000000000001364,6.837160206133946
coupled_B,Sample_Game_3,7.483935386162388,6.0,8.057225202192956
coupled_B,Sample_Game_3,10.646018234911361,6.0,9.135888644064792
coupled_B,Sample_Game_3,9.353913079095172,4.199999999999818,7.2120776612252335
coupled_B,Sample_Game_3,12.771180583439818,4.199999999999818,9.820953178763496
coupled_B,Sample_Game_3,12.930379306897569,3.599999999999909,9.61718976675305
coupled_B,Sample_Game_3,10.442016305905343,3.599999999999909,15.131515125372818
coupled_B,Sample_Game_3,4.3063618054491,6.0,7.730850140575878
coupled_B,Sample_Game_3,8.338323256254572,3.2000000000000455,6.662184202121152
coupled_B,Sample_Game_3,11.236207624609353,5.2000000000000455,14.602074399478717
coupled_B,Sample_Game_3,19.69980360193473,4.400000000000091,11.618953730186835
coupled_B,Sample_Game_3,7.545376885725576,3.0,6.636200139627789
coupled_B,Sample_Game_3,17.769851641968103,3.599999999999909,9.133965534979522
coupled_B,Sample_Game_3,8.464244563937019,6.0,6.683549777377282
coupled_B,Sample_Game_3,6.08186243066592,2.599999999999909,7.248569830186247
coupled_B,Sample_Game_3,4.27628835048634,5.2000000000000455,7.567284688988821
coupled_B,Sample_Game_3,13.53822942702163,4.199999999999818,11.524142719625619
coupled_B,Sample_Game_3,7.243386929483936,6.0,9.537303640560324
coupled_B,Sample_Game_3,10.868626546690434,3.2000000000000455,8.093446481297146
coupled_B,Sample_Game_3,6.154418547560064,3.0,8.588424228183225
coupled_B,Sample_Game_3,3.6550853805003873,3.0,6.245426720075386
coupled_B,Sample_Game_3,15.514728541852724,4.800000000000182,20.998088250053904
coupled_B,Sample_Game_3,9.141271434421519,3.400000000000091,17.327100978545026
coupled_B,Sample_Game_3,9.290944811669593,6.0,13.08747765488339
coupled_B,Sample_Game_3,9.515507561099792,6.0,11.516570851593116
coupled_B,Sample_Game_3,12.191567789559624,4.0,6.763377748960563
coupled_B,Sample_Game_3,14.756766245661906,6.0,11.431386947720208
coupled_B,Sample_Game_3,18.27763407948001,3.799999999999727,12.826966455858393
coupled_B,Sample_Game_3,6.5799276110209615,3.0,4.605419610615998
coupled_B,Sample_Game_3,7.356112830517872,2.600000000000364,8.1262518358024
coupled_B,Sample_Game_3,29.06978081522413,6.0,17.06057887860772
coupled_B,Sample_Game_3,2.7771908339871985,3.599999999999909,6.047814415763286
coupled_B,Sample_Game_3,11.106360981868947,5.200000000000273,8.407460597559465
coupled_B,Sample_Game_3,9.350669942988642,3.200000000000273,8.076001294946579
coupled_B,Sample_Game_3,13.394633733018619,6.0,12.162159592385475
coupled_B,Sample_Game_3,9.860563412318264,5.599999999999909,11.481227431920795
coupled_B,Sample_Game_3,7.799096407141072,3.400000000000091,6.544806484543752
coupled_B,Sample_Game_3,16.021277931910262,6.0,16.59193789118678
coupled_B,Sample_Game_3,7.547367842271035,4.800000000000182,5.889919260554466
coupled_B,Sample_Game_3,12.854097647583554,5.199999999999818,11.41325395717379
coupled_B,J03WPY,8.795602694378339,2.8,7.311211821378061
coupled_B,J03WPY,4.044501385112701,2.6000000000000014,3.4239193262847065
coupled_B,J03WPY,16.21576763578408,6.0,12.108090493486898
coupled_B,J03WPY,8.154734766286873,3.0,7.893242422420209
coupled_B,J03WPY,7.942935132692201,3.200000000000017,7.2267949853408915
coupled_B,J03WPY,5.705277706688334,2.799999999999983,5.7738703476282565
coupled_B,J03WPY,6.600285275158911,2.8000000000000114,6.277319692606617
coupled_B,J03WPY,10.52513485813969,3.6000000000000227,7.98637913146216
coupled_B,J03WPY,8.190254472139955,2.800000000000068,6.384794101010126
coupled_B,J03WPY,14.081164997204585,4.600000000000023,8.599726525734688
coupled_B,J03WPY,13.84086016692869,6.0,13.150300137582395
coupled_B,J03WPY,3.2969074666252194,2.6000000000000227,4.656392480607705
coupled_B,J03WPY,4.919045208303737,3.2000000000000455,4.371877601492354
coupled_B,J03WPY,7.360404091794191,3.0,5.079441143190635
coupled_B,J03WPY,14.227352647399831,4.399999999999977,18.356078753721782
coupled_B,J03WPY,11.160254949496327,3.2000000000000455,6.67826389262025
coupled_B,J03WPY,5.587588038561298,6.0,11.124566003026992
coupled_B,J03WPY,9.303612341027453,2.6000000000001364,8.880920880872997
coupled_B,J03WPY,12.129459350111153,3.800000000000182,9.773977484784915
coupled_B,J03WPY,5.829657340538257,2.7999999999999545,4.194857215824075
coupled_B,J03WPY,17.517864512438923,4.0,14.709418125823003
coupled_B,J03WPY,7.574404416360739,6.0,8.697527178748665
coupled_B,J03WPY,7.3299207736379834,3.0,7.9811705696565145
coupled_B,J03WPY,7.738158191526909,5.599999999999909,9.003804740803954
coupled_B,J03WPY,7.196863464905194,6.0,9.186809191794636
coupled_B,J03WPY,14.632859152019556,4.2000000000000455,8.766730578522942
coupled_B,J03WPY,9.401555068080807,2.7999999999999545,6.136291642938998
coupled_B,J03WPY,16.669126806276772,4.599999999999909,22.166383634221283
coupled_B,J03WPY,10.279181732542312,3.0,7.477438799939879
coupled_B,J03WPY,2.1058840004649118,2.800000000000182,2.7608758987523494
coupled_B,J03WPY,3.6714408513251646,2.6000000000001364,3.411823061305546
coupled_B,J03WPY,6.143836037078666,4.0,3.9722253708689204
coupled_B,J03WPY,9.237087705340556,3.7999999999999545,6.963513036766672
coupled_B,J03WPY,9.706654521843179,3.599999999999909,8.150711753973729
coupled_B,J03WPY,3.5020987067934715,2.599999999999909,3.798076678671184
coupled_B,J03WPY,29.80727268413553,7.0,15.348063101234846
coupled_B,J03WPY,9.729728594883806,2.7999999999999545,9.286326902754748
coupled_B,J03WPY,6.215276251998431,4.399999999999864,12.15338895404443
coupled_B,J03WPY,6.729796061370518,3.0,8.649895084688268
coupled_B,J03WPY,11.678993858225091,3.599999999999909,10.14406330000903
coupled_B,J03WPY,8.051783340556339,2.599999999999909,5.515327408590879
coupled_B,J03WPY,12.452560122658916,3.400000000000091,10.34333898594607
coupled_B,J03WPY,12.294516687852461,5.199999999999818,10.736540465672563
coupled_B,J03WPY,6.586232596675311,3.199999999999818,4.745848125848736
coupled_B,J03WPY,7.650712841457632,3.400000000000091,5.322645901111043
coupled_B,J03WPY,9.84107297873516,6.0,13.636892470270645
coupled_B,J03WPY,26.184243296012504,5.400000000000091,14.11063761604792
coupled_B,J03WPY,7.246332330930013,3.399999999999636,7.775158892053957
coupled_B,J03WPY,8.22166533512991,3.800000000000182,7.852702791202181
coupled_B,J03WPY,31.866177797983283,5.599999999999909,20.53244425848663
coupled_B,J03WPY,4.851468242055482,2.6000000000000227,6.0136866908793305
coupled_B,J03WPY,30.350863543055905,6.0,35.04032202042217
coupled_B,J03WPY,4.26789841491151,4.399999999999977,4.785518222255773
coupled_B,J03WPY,11.34751228371333,3.6000000000000227,14.39478902042752
coupled_B,J03WPY,6.214772466499916,3.6000000000000227,8.022732311277187
coupled_B,J03WPY,46.387966848495125,10.0,33.70627743917567
coupled_B,J03WPY,5.327951870411777,3.0,5.681335078623144
coupled_B,J03WPY,9.679250601757278,3.0,10.661185893102648
coupled_B,J03WPY,9.532051450954452,3.7999999999999545,11.8168291732943
coupled_B,J03WPY,9.218171136742185,2.7999999999999545,6.166655883302864
coupled_B,J03WPY,29.057588622483394,6.2000000000000455,17.151494467028186
coupled_B,J03WPY,7.431109839503376,2.7999999999999545,7.522767934520661
coupled_B,J03WPY,9.693050002482646,3.799999999999727,5.834303943837709
coupled_B,J03WPY,13.718561986012906,3.599999999999909,11.94830417615989
coupled_B,J03WPY,7.246577967927743,3.0,7.176969185227486
coupled_B,J03WPY,9.975586001481766,4.800000000000182,9.081547228489134
coupled_B,J03WPY,10.885792350650306,5.199999999999818,11.898981289867823
coupled_B,J03WPY,11.478297482683113,3.800000000000182,8.191112930240873
coupled_B,J03WPY,12.685730120933457,3.399999999999636,8.270342015072785
coupled_B,J03WPY,4.52362263374992,4.0,5.22207517643235
coupled_B,J03WPY,10.650051569466003,3.400000000000091,7.938433217052404
coupled_B,J03WPY,7.016202936719169,6.0,8.484482251617823
coupled_B,J03WPY,7.115519390282911,2.800000000000182,5.706699229233946
coupled_B,J03WPY,8.220650267256351,2.599999999999909,6.412993152182053
coupled_B,J03WPY,5.856660991588378,3.800000000000182,11.23711576844438
coupled_B,J03WPY,5.385933638802515,2.599999999999909,3.686939006262044
coupled_B,J03WPY,7.607210005886129,3.400000000000091,13.756033742665702
coupled_B,J03WPY,13.295169396273437,3.599999999999909,17.030471879308166
coupled_B,J03WPY,12.83720164324712,3.0,17.27599281696147
coupled_B,J03WPY,11.658790230513873,2.799999999999727,7.096124773512608
coupled_B,J03WPY,14.90379790107963,3.400000000000091,12.214151691485934
coupled_B,J03WPY,6.323582994873574,6.0,7.125972056914588
coupled_B,J03WPY,10.017297136157243,2.599999999999909,5.669846214362368
coupled_B,J03WPY,5.046035266796693,3.400000000000091,3.5832492174230066
coupled_B,J03WMX,17.24430952625377,4.0,13.0612250115736
coupled_B,J03WMX,8.809657311906083,3.1999999999999886,9.776592287087695
coupled_B,J03WMX,5.162729230343319,4.399999999999977,7.115431048450446
coupled_B,J03WMX,11.614304126740315,3.6000000000000227,7.7656440758925775
coupled_B,J03WMX,12.011053688353728,4.600000000000023,16.02734786733732
coupled_B,J03WMX,6.65438940229682,6.0,9.795003170673146
coupled_B,J03WMX,7.748114379969323,2.6000000000000227,5.1312943177701005
coupled_B,J03WMX,7.866493935822307,3.3999999999999773,5.407095587357211
coupled_B,J03WMX,11.296264830109209,6.0,10.511156922480708
coupled_B,J03WMX,4.094253350393436,3.6000000000000227,5.2309173194389444
coupled_B,J03WMX,11.410765180722848,6.0,11.500822947730803
coupled_B,J03WMX,17.615661962238192,3.3999999999998636,12.394625991963824
coupled_B,J03WMX,13.848001721495363,4.400000000000091,11.657091798393335
coupled_B,J03WMX,10.937511346179573,3.400000000000091,13.927985803004951
coupled_B,J03WMX,5.00600837273443,2.7999999999999545,6.634715847688483
coupled_B,J03WMX,4.863623085015484,2.7999999999999545,7.579308192785332
coupled_B,J03WMX,10.54343048498335,3.7999999999999545,8.299708313992454
coupled_B,J03WMX,13.358296866198106,3.599999999999909,11.7600231286632
coupled_B,J03WMX,6.8339977541410555,6.0,4.461872552929169
coupled_B,J03WMX,9.328133718921094,2.6000000000001364,5.74326077267243
coupled_B,J03WMX,7.787337520130109,3.2000000000000455,5.2542848139863665
coupled_B,J03WMX,7.900376486661608,4.0,7.386810413276653
coupled_B,J03WMX,8.787248939841692,3.2000000000000455,9.51959926035181
coupled_B,J03WMX,6.074392324614562,5.2000000000000455,7.598943898656007
coupled_B,J03WMX,20.304755288342925,4.599999999999909,13.297980082474265
coupled_B,J03WMX,8.958528929854754,3.2000000000000455,10.373493639189352
coupled_B,J03WMX,11.91955853473021,5.2000000000000455,15.41121985999785
coupled_B,J03WMX,4.112699666116432,2.599999999999909,3.777229069883224
coupled_B,J03WMX,11.004826891428152,4.400000000000091,11.312212164822776
coupled_B,J03WMX,31.600050867119208,7.0,18.435125535430476
coupled_B,J03WMX,13.613418832484252,4.399999999999864,8.787649652811048
coupled_B,J03WMX,6.775365364869767,3.6000000000001364,5.686086957256634
coupled_B,J03WMX,8.761639684112552,3.599999999999909,6.872689989627068
coupled_B,J03WMX,10.504432132827908,4.400000000000091,7.9001790077434295
coupled_B,J03WMX,5.835516743686474,3.800000000000182,10.19989859775075
coupled_B,J03WMX,12.475133699195533,6.0,17.378579224127385
coupled_B,J03WMX,5.903467649423001,3.800000000000182,4.9963688114614815
coupled_B,J03WMX,10.705532638588927,3.600000000000364,9.418663308359307
coupled_B,J03WMX,9.97394995119762,6.0,14.835181742777687
coupled_B,J03WMX,7.193446981986134,3.599999999999909,5.970811035897275
coupled_B,J03WMX,6.898976298024174,5.399999999999636,7.937370435462501
coupled_B,J03WMX,35.61508004434312,7.400000000000006,14.752455188481623
coupled_B,J03WMX,3.7358039522682844,2.799999999999983,4.728313638814617
coupled_B,J03WMX,3.9150899637992267,2.5999999999999943,4.061771725261587
coupled_B,J03WMX,6.253690422655625,3.1999999999999886,9.354787036580444
coupled_B,J03WMX,12.357381283754911,3.8000000000000114,9.285575275413507
coupled_B,J03WMX,10.365844134460964,3.599999999999966,8.782791320869473
coupled_B,J03WMX,7.501304183564983,6.0,16.233663490019083
coupled_B,J03WMX,9.842589174585855,3.0,7.63139782074658
coupled_B,J03WMX,9.540227931439603,4.2000000000000455,5.288395221477131
coupled_B,J03WMX,3.5113697753625575,2.6000000000000227,4.723151127450225
coupled_B,J03WMX,6.598788032530722,2.7999999999999545,7.980533609219295
coupled_B,J03WMX,8.069609624450766,3.3999999999999773,12.229041290485256
coupled_B,J03WMX,11.398344549056269,3.3999999999999773,8.940556427067978
coupled_B,J03WMX,19.84569587999058,5.0,15.971636179453215
coupled_B,J03WMX,6.744566130351579,5.399999999999977,6.585979853364732
coupled_B,J03WMX,10.915374704005195,6.0,10.843181376624173
coupled_B,J03WMX,3.957229779166282,3.6000000000000227,4.993088735886954
coupled_B,J03WMX,11.83077403580268,4.0,12.771711329446212
coupled_B,J03WMX,15.128363589514851,4.0,6.676667038801867
coupled_B,J03WMX,7.955632380969636,4.400000000000091,8.199015850962923
coupled_B,J03WMX,7.016738876378961,4.2000000000000455,10.801476564126322
coupled_B,J03WMX,9.652218397585974,6.0,7.4812839251834875
coupled_B,J03WMX,6.077791404328741,2.599999999999909,5.052259867691047
coupled_B,J03WMX,10.53107176266995,4.399999999999864,9.137360504213545
coupled_B,J03WMX,26.848261083570343,6.0,18.58253498079243
coupled_B,J03WMX,6.875403450436444,3.0,10.427420719209668
coupled_B,J03WMX,7.333955946307366,3.400000000000091,6.230205496472028
coupled_B,J03WMX,7.280657454514259,4.399999999999636,4.9957881978142975
coupled_B,J03WMX,5.3743811245798305,4.0,3.591347528290017
coupled_B,J03WMX,5.39309355051542,2.799999999999727,7.744507749832994
coupled_B,J03WMX,7.129645802376663,3.0,7.348714706968618
coupled_B,J03WMX,6.54083527101305,3.0,6.822988390836542
coupled_B,J03WMX,8.330752587343962,2.599999999999909,6.948925877608588
coupled_B,J03WMX,6.609789837842717,3.200000000000273,14.736188170681505
coupled_B,J03WN1,10.052329937934768,3.2000000000000006,9.866431705131099
coupled_B,J03WN1,14.135378257744163,4.199999999999989,9.975629050184148
coupled_B,J03WN1,7.507379803863777,3.4000000000000057,7.150063800031544
coupled_B,J03WN1,8.14539899918292,5.199999999999989,4.315459535259798
coupled_B,J03WN1,7.847106131903407,2.8000000000000114,6.665633630873497
coupled_B,J03WN1,11.637964922842814,4.199999999999989,16.271795322148357
coupled_B,J03WN1,7.0340612176507396,3.1999999999999886,9.339230499135425
coupled_B,J03WN1,12.29403071612761,5.399999999999977,10.614500353223995
coupled_B,J03WN1,12.36790200478643,6.0,9.971022739190461
coupled_B,J03WN1,7.7434423869493125,4.199999999999989,8.245486967814319
coupled_B,J03WN1,7.533319321521362,2.800000000000068,7.9057346182205
coupled_B,J03WN1,21.25736813436697,6.0,14.190076584096273
coupled_B,J03WN1,6.187115644628046,3.400000000000091,12.464673524379693
coupled_B,J03WN1,7.221807253035827,3.2000000000000455,9.505672502369464
coupled_B,J03WN1,9.321223095709557,2.599999999999909,6.216316169452403
coupled_B,J03WN1,10.920114468264517,4.600000000000023,11.951780458269894
coupled_B,J03WN1,21.651207818502872,5.0,14.49748546981073
coupled_B,J03WN1,11.835391839732003,3.599999999999909,9.350937968978288
coupled_B,J03WN1,12.503731443053306,3.0,10.779207441121487
coupled_B,J03WN1,6.910238780244543,2.599999999999909,8.513782834996777
coupled_B,J03WN1,12.935737319534304,3.0,8.026980509626341
coupled_B,J03WN1,5.601508725334714,2.6000000000000227,5.741267084479522
coupled_B,J03WN1,15.729504124415367,6.0,12.971603949550742
coupled_B,J03WN1,6.202233468678949,3.0,6.650581945027144
coupled_B,J03WN1,4.5114299285259865,3.3999999999998636,11.047953457343246
coupled_B,J03WN1,11.982925352349639,6.0,7.007315237657093
coupled_B,J03WN1,6.400765579210038,6.0,5.8621425873633966
coupled_B,J03WN1,9.153469287652634,3.0,8.928240088506852
coupled_B,J03WN1,22.44219686216125,5.2000000000000455,15.375777895846205
coupled_B,J03WN1,21.56831240500836,5.600000000000136,13.487391376434703
coupled_B,J03WN1,5.531084884541504,4.199999999999818,5.788188978329007
coupled_B,J03WN1,8.891979532140182,6.0,12.1646277024996
coupled_B,J03WN1,16.875366662683216,6.0,11.652370548059846
coupled_B,J03WN1,15.54350346607868,5.400000000000091,6.856063906037815
coupled_B,J03WN1,22.196785803355432,8.0,12.067831762992332
coupled_B,J03WN1,10.998368060762148,3.3999999999998636,9.449875680581842
coupled_B,J03WN1,9.110718961750107,5.2000000000000455,3.5949664221179782
coupled_B,J03WN1,4.137269631048963,3.400000000000091,7.309509384119534
coupled_B,J03WN1,5.885855927560578,3.2000000000000455,13.965175509914106
coupled_B,J03WN1,8.828165154776169,5.2000000000000455,8.479452027610346
coupled_B,J03WN1,9.741031772866299,4.399999999999864,12.946759404123181
coupled_B,J03WN1,10.956007484480468,4.399999999999864,15.550508387132295
coupled_B,J03WN1,4.610878441251654,3.599999999999909,5.261797035483819
coupled_B,J03WN1,13.803278596044306,4.7999999999999545,18.9189148683027
coupled_B,J03WN1,15.893448335714345,6.0,8.438086884980128
coupled_B,J03WN1,6.088021024931435,2.800000000000182,7.188509749938512
coupled_B,J03WN1,10.46883470114988,2.800000000000182,8.94616993812556
coupled_B,J03WN1,6.689469336202748,3.399999999999636,7.714916866771655
coupled_B,J03WN1,17.148556790587367,6.0,19.36265690492995
coupled_B,J03WN1,9.47831736121841,3.0,5.92566154436525
coupled_B,J03WN1,6.730497752766088,3.599999999999909,6.4014942508324
coupled_B,J03WN1,7.003320640953109,3.199999999999818,8.962838240984487
coupled_B,J03WN1,36.897110998017176,8.599999999999909,17.51356611747044
coupled_B,J03WN1,5.389174333791511,3.399999999999636,7.457098222179635
coupled_B,J03WN1,6.204135717406572,2.799999999999727,5.878363679064325
coupled_B,J03WN1,23.37830190582712,6.0,14.05269391625062
coupled_B,J03WN1,8.580495323699262,4.599999999999909,10.680689273760073
coupled_B,J03WN1,7.355032290887641,3.0,6.083674590807122
coupled_B,J03WN1,8.798647623356663,3.799999999999997,7.893161960697344
coupled_B,J03WN1,17.25318811118688,5.199999999999989,9.899436210906988
coupled_B,J03WN1,5.187918657804877,2.5999999999999943,5.8288650840031835
coupled_B,J03WN1,18.569760364635844,6.0,17.439443580792066
coupled_B,J03WN1,13.635754471242178,6.0,15.48804837809419
coupled_B,J03WN1,18.43423445657526,3.599999999999966,7.91011131830615
coupled_B,J03WN1,9.405370806087136,5.199999999999932,4.1164375014724675
coupled_B,J03WN1,9.112129279153146,3.2000000000000455,3.678024308008666
coupled_B,J03WN1,10.780361775005208,6.0,20.34563863991582
coupled_B,J03WN1,7.556189515886959,3.0,17.069786893270017
coupled_B,J03WN1,8.123995322499676,2.599999999999909,11.575685251776301
coupled_B,J03WN1,11.311626761876473,4.399999999999977,11.514776756816351
coupled_B,J03WN1,11.716262202596873,2.6000000000000227,7.495020888589169
coupled_B,J03WN1,14.879092714275163,5.800000000000182,10.900850536187761
coupled_B,J03WN1,9.495651636407251,4.7999999999999545,15.11999310409732
coupled_B,J03WN1,4.4177935669276165,3.0,4.427279634139298
coupled_B,J03WN1,8.671239819080842,4.400000000000091,6.836628038769502
coupled_B,J03WN1,5.128001560062166,2.7999999999999545,4.568116094815432
coupled_B,J03WN1,10.57448343891963,3.599999999999909,12.374696132093861
coupled_B,J03WN1,5.973022685374635,2.599999999999909,6.981657399059747
coupled_B,J03WN1,8.377314605528436,4.0,16.84557271470762
coupled_B,J03WN1,11.870265371927538,4.199999999999818,9.507760967230675
coupled_B,J03WN1,7.844061448000013,6.0,14.017674750293127
coupled_B,J03WN1,5.98953253601677,2.599999999999909,4.41991771350086
coupled_B,J03WN1,4.343316705007825,3.2000000000000455,7.106081076347233
coupled_B,J03WN1,22.02493359808378,6.0,18.642216595353865
coupled_B,J03WN1,16.70775269149026,4.199999999999818,10.757626752827319
coupled_B,J03WN1,6.260742767437438,3.199999999999818,7.366688295593146
coupled_B,J03WN1,7.977750309454418,3.599999999999909,4.296214334263136
coupled_B,J03WN1,16.40219497506356,4.400000000000091,7.975593937641149
coupled_B,J03WN1,11.442141407970805,6.0,15.007271455358278
coupled_B,J03WN1,5.281401329192194,6.0,8.202545705042374
coupled_B,J03WN1,6.265819978262764,2.799999999999727,6.8704568513041115
coupled_B,J03WN1,7.902708396495458,3.599999999999909,11.965942750609782
coupled_B,J03WN1,5.350084111489321,4.0,4.902042258915596
coupled_B,J03WN1,12.453292737265462,3.200000000000273,12.018396529602455
coupled_B,J03WN1,15.162931774559667,4.0,15.663296663449437
coupled_B,J03WOH,11.600096640001395,2.8000000000000003,11.209527631852005
coupled_B,J03WOH,9.995510597941372,6.0,8.576621103852437
coupled_B,J03WOH,9.393751310827021,3.1999999999999886,5.8935559133227775
coupled_B,J03WOH,6.461407128568535,3.3999999999999773,7.73197745262232
coupled_B,J03WOH,8.843386594813477,2.7999999999999545,4.861305869918917
coupled_B,J03WOH,23.23024089480709,4.599999999999909,13.737674715822834
coupled_B,J03WOH,13.694293472672754,3.199999999999932,8.204334938178214
coupled_B,J03WOH,6.901757342980267,2.6000000000000227,6.74677950623146
coupled_B,J03WOH,5.601372400759885,4.2000000000000455,8.574238891133078
coupled_B,J03WOH,10.445698537716254,6.0,18.156416161209783
coupled_B,J03WOH,10.183655632637183,2.6000000000000227,8.132543557174376
coupled_B,J03WOH,13.81345250759322,5.600000000000023,16.70523623415189
coupled_B,J03WOH,4.007471337171889,4.600000000000023,7.218845609735894
coupled_B,J03WOH,9.402881082231968,3.6000000000000227,11.041351734435441
coupled_B,J03WOH,16.644170322406993,4.7999999999999545,23.171098040270657
coupled_B,J03WOH,4.991736489070689,4.599999999999909,6.729813020088929
coupled_B,J03WOH,10.623036330578248,2.599999999999909,14.616228578652532
coupled_B,J03WOH,5.3876120026311325,6.0,7.625958685127358
coupled_B,J03WOH,6.444936340358225,2.7999999999999545,7.58313049812538
coupled_B,J03WOH,12.007878127236902,6.0,11.285659034393534
coupled_B,J03WOH,8.303071991937475,2.7999999999999545,6.0102534737564035
coupled_B,J03WOH,11.886504652586673,3.7999999999999545,10.876109296751585
coupled_B,J03WOH,12.173017759355183,5.199999999999818,9.360749825879653
coupled_B,J03WOH,12.41794779471752,4.2000000000000455,15.184135827097794
coupled_B,J03WOH,31.641782477146357,7.2000000000000455,22.27375090740376
coupled_B,J03WOH,8.316276962145349,3.400000000000091,2.483425853421474
coupled_B,J03WOH,8.707518961953646,3.0,10.081874951743496
coupled_B,J03WOH,12.133524719979505,3.0,11.717651583340345
coupled_B,J03WOH,11.536374426226015,3.199999999999818,10.771938382115497
coupled_B,J03WOH,7.652326382687809,3.0,5.570267479145658
coupled_B,J03WOH,5.595969011432448,2.800000000000182,6.613238392909792
coupled_B,J03WOH,12.195056377861325,3.200000000000273,9.184316861033626
coupled_B,J03WOH,8.33298335519453,3.200000000000273,10.785595962570767
coupled_B,J03WOH,12.167112390192578,3.0,10.003911405611673
coupled_B,J03WOH,9.841084322271637,2.799999999999727,13.808156299662983
coupled_B,J03WOH,7.8030485029804595,3.399999999999636,10.838574036381042
coupled_B,J03WOH,10.934486881098625,3.0,12.66114522969641
coupled_B,J03WOH,5.111853581914426,4.400000000000091,10.068862571675446
coupled_B,J03WOH,17.408844206043167,6.0,21.82941232470126
coupled_B,J03WOH,7.576563718786247,3.199999999999818,12.526577008957684
coupled_B,J03WOH,22.99511612388073,7.0,15.430990820474605
coupled_B,J03WOH,11.7250927668954,3.4000000000000004,10.971382619427734
coupled_B,J03WOH,7.094335814595578,2.799999999999997,6.327476749077116
coupled_B,J03WOH,5.6491581831223385,4.0,7.72441079260472
coupled_B,J03WOH,17.192411827953563,3.4000000000000057,13.479029323678164
coupled_B,J03WOH,10.597025179057203,3.8000000000000114,14.204187041903712
coupled_B,J03WOH,5.918179323455933,2.8000000000000114,3.1422308702812245
coupled_B,J03WOH,9.411825724397035,4.199999999999989,14.5248112925212
coupled_B,J03WOH,8.706235353479538,3.1999999999999886,6.80752248165458
coupled_B,J03WOH,7.963088858738093,2.8000000000000114,8.600325550346131
coupled_B,J03WOH,8.22868315004309,3.0,7.921029803876396
coupled_B,J03WOH,13.655487382399807,3.6000000000000227,9.216416287548324
coupled_B,J03WOH,8.151700042038026,2.8000000000000114,6.242653585664215
coupled_B,J03WOH,7.5516408315830486,3.1999999999999886,6.1984454747916224
coupled_B,J03WOH,5.836270463046489,6.0,6.0469823115132675
coupled_B,J03WOH,5.2396068135201315,2.8000000000000114,5.536935657454643
coupled_B,J03WOH,12.060474073081354,3.0,13.877255488091182
coupled_B,J03WOH,5.832003806654557,2.6000000000000227,6.016592480031825
coupled_B,J03WOH,9.363768842098745,3.2000000000000455,6.172268212863592
coupled_B,J03WOH,8.316390016822062,3.0,6.938909704339135
coupled_B,J03WOH,8.285939517628307,3.0,7.12863399299392
coupled_B,J03WOH,9.123623134469543,3.2000000000000455,4.7960328428681045
coupled_B,J03WOH,12.649318367390597,3.3999999999999773,10.85628488980203
coupled_B,J03WOH,6.441113744232807,3.199999999999932,5.482448420718065
coupled_B,J03WOH,22.658317244737766,5.2000000000000455,15.821310639953985
coupled_B,J03WOH,7.935253803591637,3.0,7.320477221452531
coupled_B,J03WOH,8.91249066214148,3.0,6.179856579807588
coupled_B,J03WOH,12.355847307965227,4.599999999999909,9.356971727217804
coupled_B,J03WOH,7.392339502877885,2.599999999999909,5.053115114877718
coupled_B,J03WOH,10.535202798862034,5.599999999999909,13.204138402778245
coupled_B,J03WOH,12.50108550393557,4.0,10.10153497773183
coupled_B,J03WOH,10.702013265220929,3.7999999999999545,7.417364538785254
coupled_B,J03WOH,11.237910527436515,3.2000000000000455,10.034648537603672
coupled_B,J03WOH,7.284013849926196,2.7999999999999545,6.662472953097063
coupled_B,J03WOH,11.246744928199638,2.6000000000001364,8.356243816359392
coupled_B,J03WOH,3.1713073649667094,3.199999999999818,12.578766550754233
coupled_B,J03WOH,10.248878087399781,6.0,9.640271041148987
coupled_B,J03WOH,14.162355290370316,4.599999999999909,9.906985981442283
coupled_B,J03WOH,8.791825900914247,2.6000000000001364,7.952022402570304
coupled_B,J03WOH,12.160162675087278,2.599999999999909,5.381678254272424
coupled_B,J03WOH,7.064741171321318,3.599999999999909,6.877683470161304
coupled_B,J03WOH,6.644170045622684,2.599999999999909,5.031919971901542
coupled_B,J03WOH,7.9433471999781275,2.599999999999909,4.689659342909833
coupled_B,J03WOH,9.446697835372728,3.799999999999727,13.04948811156969
coupled_B,J03WOH,19.401805575359415,3.199999999999818,15.166575600088658
coupled_B,J03WOH,6.844548641236965,5.199999999999818,8.819705172590824
coupled_B,J03WOH,4.97074480412631,3.599999999999909,5.395068316029363
coupled_B,J03WOY,9.42084441486433,2.8000000000000003,9.000427825467382
coupled_B,J03WOY,5.369499293095607,3.799999999999997,4.246937406762872
coupled_B,J03WOY,8.040803256976403,3.0,5.30825402265882
coupled_B,J03WOY,6.023735463610819,2.8000000000000114,4.3556066108037825
coupled_B,J03WOY,18.663263215374535,6.0,20.454440230793296
coupled_B,J03WOY,8.8515631324506,3.0,8.126001594709265
coupled_B,J03WOY,10.569808635847396,6.0,15.214171280199144
coupled_B,J03WOY,6.9969889274785295,4.199999999999989,5.4893260898931695
coupled_B,J03WOY,11.036926221972198,3.0,7.654466151754166
coupled_B,J03WOY,4.3987281056475,2.6000000000000227,5.024336352737257
coupled_B,J03WOY,7.464451362352534,3.0,6.526056408362045
coupled_B,J03WOY,7.731551369980384,2.7999999999999545,5.722871036123446
coupled_B,J03WOY,18.44412667673721,6.0,15.273358160470345
coupled_B,J03WOY,8.497476707204738,6.0,10.653647757096284
coupled_B,J03WOY,8.593756742383015,3.599999999999909,8.32503866250547
coupled_B,J03WOY,5.876671947031123,3.0,6.753407932703757
coupled_B,J03WOY,10.9099458252069,3.2000000000000455,7.268868331874371
coupled_B,J03WOY,22.437263494699614,6.0,11.229357032203025
coupled_B,J03WOY,18.63988071898887,3.7999999999999545,15.86518570685837
coupled_B,J03WOY,13.753485429072276,4.0,9.51305712409008
coupled_B,J03WOY,5.090942614531184,3.2000000000000455,1.6219377979573006
coupled_B,J03WOY,11.447580107935059,4.0,9.090753401868426
coupled_B,J03WOY,12.47450024644499,4.0,8.73838699337444
coupled_B,J03WOY,4.000882888953417,2.6000000000001364,3.8942408743006753
coupled_B,J03WOY,10.16655893571838,8.399999999999864,8.541401225249487
coupled_B,J03WOY,15.896812464572317,4.399999999999864,9.392043779067349
coupled_B,J03WOY,9.894754418468505,3.0,6.805005422401054
coupled_B,J03WOY,6.71362976594824,6.0,9.13903639509955
coupled_B,J03WOY,7.9812546551077626,6.0,4.812577028370351
coupled_B,J03WOY,10.140929924091001,3.3999999999998636,13.59107082145001
coupled_B,J03WOY,16.783839914395834,6.199999999999818,21.83193867602646
coupled_B,J03WOY,11.305467657505993,4.200000000000273,13.497574023646106
coupled_B,J03WOY,9.600712409585121,2.599999999999909,8.530706758458876
coupled_B,J03WOY,12.223778526094495,4.199999999999818,6.7479531513871205
coupled_B,J03WOY,6.86591305534057,2.599999999999909,4.877244792633377
coupled_B,J03WOY,9.11274465355033,6.0,10.190056440903824
coupled_B,J03WOY,13.869883960944861,4.400000000000091,16.98647542174436
coupled_B,J03WOY,8.745353096825024,6.0,17.27988403781969
coupled_B,J03WOY,4.904515644298672,4.599999999999909,6.396596896169477
coupled_B,J03WOY,10.525685001168345,3.799999999999727,14.281110591094222
coupled_B,J03WOY,8.398048938539983,3.0,10.678098103552234
coupled_B,J03WOY,6.58960641286625,6.0,18.11456853597675
coupled_B,J03WOY,7.8312182879555134,2.599999999999909,5.512282766920375
coupled_B,J03WOY,7.142224933526818,2.599999999999909,5.40427363897287
coupled_B,J03WOY,9.690046297099308,2.5999999999999996,13.789374945504079
coupled_B,J03WOY,15.40409463482858,3.5999999999999943,16.334363467721285
coupled_B,J03WOY,7.186072196605089,6.0,9.595909233315137
coupled_B,J03WOY,4.501113960623753,3.0,5.526899463785002
coupled_B,J03WOY,4.91137240095913,3.599999999999966,9.611211756738845
coupled_B,J03WOY,12.022362840833857,5.399999999999977,11.449820457141112
coupled_B,J03WOY,8.152573901135373,2.8000000000000114,5.8978002309595965
coupled_B,J03WOY,10.295330410385873,6.0,7.785742819373625
coupled_B,J03WOY,20.492727382206745,6.0,15.906148520834648
coupled_B,J03WOY,12.629570172466282,4.2000000000000455,9.165457657435336
coupled_B,J03WOY,10.177659928454972,4.0,9.18090428076519
coupled_B,J03WOY,14.685528749760255,6.0,13.725644570705484
coupled_B,J03WOY,25.696651443486516,6.600000000000023,20.701715886820615
coupled_B,J03WOY,7.331575324945727,3.2000000000000455,4.598198634518898
coupled_B,J03WOY,8.485304424563418,3.199999999999932,7.777313082685911
coupled_B,J03WOY,10.386509208267801,4.399999999999977,10.934241414394439
coupled_B,J03WOY,17.6645888116095,5.7999999999999545,11.192961151567282
coupled_B,J03WOY,8.561834427097853,3.199999999999818,11.612525660112926
coupled_B,J03WOY,17.55987034677547,6.0,15.544715315003103
coupled_B,J03WOY,14.863749921871648,6.0,10.130384067185311
coupled_B,J03WOY,7.721331052314065,5.0,6.602558767983364
coupled_B,J03WOY,4.238789589419942,3.400000000000091,9.713943193307667
coupled_B,J03WOY,9.137084426544462,3.6000000000001364,7.062818174259282
coupled_B,J03WOY,10.452410979705807,3.2000000000000455,12.945918607046849
coupled_B,J03WOY,14.634022502812673,3.7999999999999545,12.787025411253246
coupled_B,J03WOY,4.655878738838687,2.7999999999999545,6.973710866476429
coupled_B,J03WOY,17.547842834197603,4.7999999999999545,19.957215246715734
coupled_B,J03WOY,9.618740662610463,3.3999999999998636,14.873621029025777
coupled_B,J03WOY,13.500139898046797,6.0,17.466607226999987
coupled_B,J03WOY,13.052261895524492,6.0,7.790677156952397
coupled_B,J03WOY,3.9974898468744122,4.2000000000000455,12.150651540263484
coupled_B,J03WOY,21.22545111586974,4.600000000000364,14.412085370928644
coupled_B,J03WOY,37.6191277835502,8.600000000000364,27.119921235389285
coupled_B,J03WOY,14.644829330306724,4.599999999999909,11.2213317874796
coupled_B,J03WOY,9.115664330540827,2.599999999999909,7.797546268755865
coupled_B,J03WOY,9.19766298038678,6.0,6.386108350630215
coupled_B,J03WOY,9.074593128720906,5.799999999999727,17.31134893864847
coupled_B,J03WOY,7.017331414456384,3.799999999999727,8.508515217246707
coupled_B,J03WOY,9.881212940830604,4.0,7.772302385127844
coupled_B,J03WOY,17.030273420809458,5.400000000000091,14.926509496283408
coupled_B,J03WOY,7.802864306788921,6.0,11.529787404312902
coupled_B,J03WOY,4.190163864844036,2.599999999999909,4.396470535494266
coupled_B,J03WOY,6.8068735565967735,2.599999999999909,5.131662754793747
coupled_B,J03WOY,15.492765042469562,6.0,23.19368560897406
coupled_B,J03WQQ,37.88458423308117,7.599999999999994,20.352855452008214
coupled_B,J03WQQ,7.958618746040097,3.4000000000000057,6.422604109544923
coupled_B,J03WQQ,6.6675085077322755,2.8000000000000114,6.733258327642698
coupled_B,J03WQQ,6.037782558208008,6.0,9.60239570540789
coupled_B,J03WQQ,13.087757881884055,3.7999999999999545,9.144565526279877
coupled_B,J03WQQ,6.78731290295981,4.0,5.168198415391245
coupled_B,J03WQQ,4.7455609773990615,2.599999999999909,1.154701857815875
coupled_B,J03WQQ,4.284772071334645,2.6000000000000227,6.957459211879294
coupled_B,J03WQQ,21.725846927194212,4.599999999999909,17.19989138293267
coupled_B,J03WQQ,5.9368426816135464,2.6000000000000227,4.517281368201203
coupled_B,J03WQQ,10.727434836941715,5.0,12.873481227825426
coupled_B,J03WQQ,11.91408928048758,2.7999999999999545,7.317320824233738
coupled_B,J03WQQ,14.794964656424277,3.599999999999909,9.130687969582304
coupled_B,J03WQQ,7.937145377527427,3.0,7.12851384344183
coupled_B,J03WQQ,7.086197585878909,2.6000000000001364,6.394442884249632
coupled_B,J03WQQ,5.095897237083138,3.2000000000000455,7.480399977792855
coupled_B,J03WQQ,4.7205281916992,2.7999999999999545,3.8088795113403213
coupled_B,J03WQQ,10.337248705406365,2.599999999999909,5.611676272196894
coupled_B,J03WQQ,15.142586019370896,6.0,10.552907397293616
coupled_B,J03WQQ,18.10110732208097,6.0,13.103653589805333
coupled_B,J03WQQ,9.317458635020834,3.2000000000000455,7.591256475175376
coupled_B,J03WQQ,14.550476672884567,5.0,15.4966360569011
coupled_B,J03WQQ,9.009227140367292,3.599999999999909,9.929845418385467
coupled_B,J03WQQ,5.037432171635018,2.599999999999909,4.688920609958105
coupled_B,J03WQQ,3.0704569887530315,2.599999999999909,3.2042154131010436
coupled_B,J03WQQ,3.3160659376002846,4.399999999999864,5.140772539344425
coupled_B,J03WQQ,7.51643847064319,3.599999999999909,7.042767826183938
coupled_B,J03WQQ,39.17464105457645,13.600000000000136,20.925460322119683
coupled_B,J03WQQ,5.705480125690874,2.6000000000001364,5.901222525837973
coupled_B,J03WQQ,7.5429101833189245,2.7999999999999545,6.937573150817921
coupled_B,J03WQQ,8.232444302824176,3.6000000000001364,8.67208780404262
coupled_B,J03WQQ,8.22477030132831,2.799999999999727,7.400957545180496
coupled_B,J03WQQ,8.461790087989048,6.0,15.030392764768568
coupled_B,J03WQQ,9.37802447769375,3.600000000000364,11.94345616097976
coupled_B,J03WQQ,4.333741205268204,3.800000000000182,9.313086682638032
coupled_B,J03WQQ,12.902971867197781,3.0,14.667184092174217
coupled_B,J03WQQ,15.328109569009928,4.800000000000182,14.641770694437469
coupled_B,J03WQQ,7.654666137311649,2.799999999999727,8.90878975202111
coupled_B,J03WQQ,14.159349866247847,6.0,12.232525392454091
coupled_B,J03WQQ,6.009070063508295,3.0,5.427992892456711
coupled_B,J03WQQ,6.9649151906795534,2.6000000000000005,5.79063045924764
coupled_B,J03WQQ,12.029358876885352,6.0,9.687218636053117
coupled_B,J03WQQ,28.24010319786084,5.400000000000006,18.86652930847487
coupled_B,J03WQQ,13.525307034220466,4.199999999999989,17.971456448676754
coupled_B,J03WQQ,10.834497222824295,4.2000000000000455,9.891930187117772
coupled_B,J03WQQ,4.4841795660394315,4.7999999999999545,6.151334572772836
coupled_B,J03WQQ,5.669914379607998,2.8000000000000114,7.562930838248961
coupled_B,J03WQQ,6.56957226152382,3.1999999999999886,4.586375846776284
coupled_B,J03WQQ,7.980051833899944,3.8000000000000114,11.84256637824372
coupled_B,J03WQQ,7.737767071155346,2.8000000000000114,10.989798480823778
coupled_B,J03WQQ,8.514499448453748,6.0,9.860132700798506
coupled_B,J03WQQ,10.116394831694457,4.2000000000000455,9.38183954977707
coupled_B,J03WQQ,9.285310220304344,3.800000000000068,10.747046148891236
coupled_B,J03WQQ,3.6874602056857597,3.0,2.9796908314309394
coupled_B,J03WQQ,14.588533302926674,4.2000000000000455,17.697316109002685
coupled_B,J03WQQ,12.278619629258005,3.6000000000000227,7.567909526041086
coupled_B,J03WQQ,7.373960943753139,2.7999999999999545,5.741194309817272
coupled_B,J03WQQ,16.494353579331108,4.0,12.78141605104553
coupled_B,J03WQQ,8.329045563568187,3.3999999999998636,8.466163897378511
coupled_B,J03WQQ,15.290284497026208,4.400000000000091,9.503052520064916
coupled_B,J03WQQ,8.578169968005996,3.0,6.961307048039895
coupled_B,J03WQQ,10.000004999998755,3.599999999999909,9.207834713139727
coupled_B,J03WQQ,3.950658173013768,3.0,7.381087526178246
coupled_B,J03WQQ,9.130744766995074,3.800000000000182,8.807347515695836
coupled_B,J03WQQ,6.876401675295254,6.0,7.084416443497365
coupled_B,J03WQQ,9.57548954362174,3.0,14.407705277013717
coupled_B,J03WQQ,8.74547311470334,2.7999999999999545,5.312517555020758
coupled_B,J03WQQ,22.520035523949897,5.7999999999999545,13.511305536078355
coupled_B,J03WQQ,11.394568881708796,3.0,14.547210011309282
coupled_B,J03WQQ,6.397655820689323,2.599999999999909,7.963426168721136
coupled_B,J03WQQ,10.76987000850035,4.399999999999864,9.342521565829495
coupled_B,J03WQQ,21.899004543587125,4.800000000000182,17.74644542498216
coupled_B,J03WQQ,8.304149565128442,2.800000000000182,8.556869136127192
coupled_B,J03WQQ,6.6368215284132885,6.0,6.975232496530925
coupled_B,J03WQQ,8.839711533754931,6.0,8.606707309224513
coupled_B,J03WQQ,6.008901729934917,3.600000000000364,6.6110892775945755
coupled_B,J03WQQ,3.82388545853559,3.0,3.8963618693380964
coupled_B,J03WQQ,24.589042274964676,6.199999999999818,12.618736641669374
coupled_B,J03WQQ,8.775477195003088,4.0,15.409095612127997
coupled_B,J03WQQ,24.108606347112936,8.400000000000091,17.65772421749635
coupled_B,J03WQQ,9.024965373894794,5.0,10.45008353376797
coupled_B,J03WQQ,6.396256717798863,5.400000000000091,11.945636254978279
coupled_B,J03WQQ,7.368921223625614,2.599999999999909,9.80147938385549
coupled_B,J03WQQ,13.054386236049345,2.799999999999727,9.943927139715528
coupled_B,J03WQQ,8.319260784469652,3.400000000000091,15.348933039909662
coupled_B,J03WR9,14.335764534043916,4.2,15.485647726283581
coupled_B,J03WR9,22.026601667230608,5.000000000000002,16.607699889031935
coupled_B,J03WR9,10.149240355250448,5.600000000000001,11.150203292516675
coupled_B,J03WR9,7.661866729860335,6.0,10.374225988576924
coupled_B,J03WR9,8.433909221141054,2.6000000000000227,5.98873398765028
coupled_B,J03WR9,9.883465491935656,4.399999999999977,10.697716456355268
coupled_B,J03WR9,5.576156845905164,2.5999999999999943,6.107704444623967
coupled_B,J03WR9,17.782757061349642,6.0,17.21398120385249
coupled_B,J03WR9,4.737226034274213,3.1999999999999886,3.5666777537509184
coupled_B,J03WR9,12.083411335907474,3.4000000000000057,8.143565412280488
coupled_B,J03WR9,7.1894522699751064,2.599999999999966,5.604333443112598
coupled_B,J03WR9,7.332899160019899,2.8000000000000114,6.9100382306373165
coupled_B,J03WR9,7.717478174640434,2.8000000000000114,3.863633481535035
coupled_B,J03WR9,8.755670351914443,3.400000000000034,7.548813884964577
coupled_B,J03WR9,5.623133682955373,5.800000000000011,4.449943842426011
coupled_B,J03WR9,11.013348376502101,5.399999999999977,9.984384432761955
coupled_B,J03WR9,8.647226161326675,5.2000000000000455,20.56983708813128
coupled_B,J03WR9,7.8921150656146715,5.199999999999932,6.885293747289303
coupled_B,J03WR9,6.625598749111602,2.599999999999909,3.630777327221727
coupled_B,J03WR9,7.791766503853814,2.6000000000000227,9.74011534665576
coupled_B,J03WR9,14.369353561778611,3.0,11.470696394132796
coupled_B,J03WR9,8.380945656705851,3.3999999999999773,7.1204147684001615
coupled_B,J03WR9,10.883091809557637,3.400000000000091,12.167178841464477
coupled_B,J03WR9,5.479720451600901,2.599999999999909,6.373745736420512
coupled_B,J03WR9,14.391744883033438,5.400000000000091,16.780613768822704
coupled_B,J03WR9,9.004354613734979,3.2000000000000455,9.587880380272104
coupled_B,J03WR9,9.703083372419643,4.400000000000091,9.45615230238753
coupled_B,J03WR9,8.662778797267698,6.0,10.994356423944037
coupled_B,J03WR9,4.426796227380486,3.400000000000091,6.914241685160723
coupled_B,J03WR9,7.576749295899922,3.2000000000000455,8.809674462027408
coupled_B,J03WR9,9.004643182976535,3.2000000000000455,10.523111404244318
coupled_B,J03WR9,8.897445070578925,4.600000000000136,8.934692850798193
coupled_B,J03WR9,13.64079756293881,5.0,13.78196541440101
coupled_B,J03WR9,11.369668840164419,6.0,11.33830424604322
coupled_B,J03WR9,26.11271425621584,6.400000000000091,18.937002069168752
coupled_B,J03WR9,21.876865504899527,3.799999999999727,13.632712274659635
coupled_B,J03WR9,13.487102115653343,4.399999999999636,11.3806470186382
coupled_B,J03WR9,6.641851269261048,3.400000000000091,9.210532607789904
coupled_B,J03WR9,6.566085347119087,3.0,10.070885128515169
coupled_B,J03WR9,4.017324630614279,4.0,5.005149372239583
coupled_B,J03WR9,10.286227637876781,3.200000000000273,7.239366641804908
coupled_B,J03WR9,21.760715594795347,4.599999999999909,11.721986041430245
coupled_B,J03WR9,7.501643936300796,6.0,7.049875242457027
coupled_B,J03WR9,7.1126771076320505,6.0,10.682262651394707
coupled_B,J03WR9,7.3059017239489314,6.0,6.526227150303687
coupled_B,J03WR9,12.234941765288463,6.0,9.723426467971663
coupled_B,J03WR9,8.66157606905348,3.799999999999997,14.063086101545622
coupled_B,J03WR9,7.207364289391786,2.5999999999999943,8.781331863667267
coupled_B,J03WR9,8.32598943069234,6.0,12.700159581564458
coupled_B,J03WR9,11.507189057280709,6.0,13.58606772435762
coupled_B,J03WR9,10.294857939767832,5.599999999999966,16.846731540013945
coupled_B,J03WR9,5.0505643249049506,2.800000000000068,8.146913659205897
coupled_B,J03WR9,12.921950317192827,6.0,18.350066180265816
coupled_B,J03WR9,16.600192769965055,6.0,16.20438667485854
coupled_B,J03WR9,10.57783531730382,4.400000000000091,6.864407541236298
coupled_B,J03WR9,4.892862148068345,4.0,6.002797859515383
coupled_B,J03WR9,4.136967488391103,2.6000000000001364,5.702887839572145
coupled_B,J03WR9,11.460794038809004,5.0,17.95297487371456
coupled_B,J03WR9,7.349136003639845,2.599999999999909,5.086312192928352
coupled_B,J03WR9,14.71674216666175,6.0,11.773283266989862
coupled_B,J03WR9,17.884619090157845,4.400000000000091,12.21362263632512
coupled_B,J03WR9,7.637047858957021,6.0,11.71924799292719
coupled_B,J03WR9,10.79082943985381,6.0,13.282003352986283
coupled_B,J03WR9,20.036179775595944,6.0,14.377071846954486
coupled_B,J03WR9,10.542736836324806,3.2000000000000455,15.568306884191324
coupled_B,J03WR9,11.5617386235808,3.799999999999727,14.867112654299255
coupled_B,J03WR9,17.130105078488167,6.0,11.355340048808866
coupled_B,J03WR9,9.033825324857355,2.800000000000182,10.251802958334588
coupled_B,J03WR9,12.365055600360959,6.0,8.36465213322368
coupled_B,J03WR9,12.251224428603052,5.800000000000182,9.778777213665085
coupled_B,J03WR9,12.495775286071453,4.0,8.736423651048534
coupled_B,J03WR9,7.300746537170015,6.0,9.229316960496291
coupled_B,J03WR9,7.282341656364154,2.599999999999909,8.08967113965318
coupled_B,J03WR9,6.483085685073262,5.199999999999818,6.9804518829344415
coupled_B,J03WR9,10.59393222557139,6.0,16.137529355984473
stage2_B,Sample_Game_1,23.53826697356149,4.199999999999996,12.245665811221585
stage2_B,Sample_Game_1,7.049903696665439,2.6000000000000227,3.0139697710094078
stage2_B,Sample_Game_1,11.45500911020467,6.0,9.196594239433633
stage2_B,Sample_Game_1,7.031447225914726,2.8000000000000114,5.543657485096473
stage2_B,Sample_Game_1,5.355965979053622,6.0,6.388549129820509
stage2_B,Sample_Game_1,11.683364653676264,3.8000000000000114,7.000206776476238
stage2_B,Sample_Game_1,6.640505908448861,6.0,6.703852502504084
stage2_B,Sample_Game_1,5.317803144827266,4.2000000000000455,9.803723437911046
stage2_B,Sample_Game_1,20.63245224397057,5.399999999999977,21.615375343805653
stage2_B,Sample_Game_1,34.055491974058114,6.399999999999977,23.349388624989956
stage2_B,Sample_Game_1,6.478681863224381,6.0,9.658100892891806
stage2_B,Sample_Game_1,5.406695786324335,3.2000000000000455,6.507781019686185
stage2_B,Sample_Game_1,11.00173113427082,6.0,10.964045651698264
stage2_B,Sample_Game_1,8.508565398304611,2.6000000000000227,5.249873141942188
stage2_B,Sample_Game_1,9.500059669344967,3.0,6.163966323945189
stage2_B,Sample_Game_1,6.484175323957307,2.7999999999999545,4.630923673907308
stage2_B,Sample_Game_1,3.9818558382932654,6.0,5.955978628830301
stage2_B,Sample_Game_1,7.391094420825013,3.6000000000000227,5.114330735419923
stage2_B,Sample_Game_1,10.258966717692907,3.3999999999998636,6.934460811802079
stage2_B,Sample_Game_1,5.880744391937213,2.7999999999999545,4.955314770524677
stage2_B,Sample_Game_1,10.240937146032746,4.399999999999864,12.529586303381539
stage2_B,Sample_Game_1,6.07380310319582,6.0,4.643268241171969
stage2_B,Sample_Game_1,5.525670679289977,2.7999999999999545,5.126026980788527
stage2_B,Sample_Game_1,4.1066567476591604,6.0,12.874503268164636
stage2_B,Sample_Game_1,6.708047637944165,3.0,6.893062186604023
stage2_B,Sample_Game_1,6.5294161145434675,2.6000000000001364,3.882608303461164
stage2_B,Sample_Game_1,6.490423130102079,6.0,9.541408059654925
stage2_B,Sample_Game_1,10.065749645513971,5.0,9.96089627816469
stage2_B,Sample_Game_1,10.154012171400385,2.7999999999999545,4.348854686853597
stage2_B,Sample_Game_1,14.572785752717625,5.2000000000000455,6.064044540018207
stage2_B,Sample_Game_1,7.301046518262167,2.7999999999999545,2.9603959926382304
stage2_B,Sample_Game_1,3.545002240360583,2.599999999999909,4.007133784347312
stage2_B,Sample_Game_1,22.381386482314454,5.2000000000000455,17.48572635741643
stage2_B,Sample_Game_1,11.41937225038657,6.0,17.102834173670782
stage2_B,Sample_Game_1,7.182602391123903,3.0,5.929079290130321
stage2_B,Sample_Game_1,10.101398413477032,3.799999999999727,10.921271135675159
stage2_B,Sample_Game_1,12.448679240682349,3.0,8.835477830485342
stage2_B,Sample_Game_1,6.990738622575469,6.0,5.010804707107686
stage2_B,Sample_Game_1,7.048367703420063,3.599999999999909,6.5454362743804815
stage2_B,Sample_Game_1,10.228871141698047,2.800000000000182,6.736264112904105
stage2_B,Sample_Game_1,9.213023130836326,6.0,4.269532058492274
stage2_B,Sample_Game_1,10.812851995606339,3.599999999999909,5.95442881586367
stage2_B,Sample_Game_1,22.686261961305124,7.199999999999818,17.10184659316554
stage2_B,Sample_Game_1,8.451828147514611,3.599999999999909,11.062839739595644
stage2_B,Sample_Game_1,22.626384234095756,6.600000000000364,13.384247487310672
stage2_B,Sample_Game_1,4.428111464052483,6.0,5.485373530741402
stage2_B,Sample_Game_1,13.74143730231414,3.799999999996544,14.05676080715709
stage2_B,Sample_Game_1,4.538052874267189,2.9999999999972715,7.232581982038926
stage2_B,Sample_Game_1,9.481589324926757,6.0,9.590523216686684
stage2_B,Sample_Game_1,10.923814595456108,6.0,38.885998807485045
stage2_B,Sample_Game_1,6.840434693054403,2.9999999999972715,8.258841361027333
stage2_B,Sample_Game_1,6.518010875763573,3.599999999996726,7.676955978287166
stage2_B,Sample_Game_1,11.912525545626604,6.0,16.901183460154897
stage2_B,Sample_Game_1,9.631822891664982,5.999999999994543,10.509908039947566
stage2_B,Sample_Game_1,27.711225045162816,5.799999999994725,18.582941553326705
stage2_B,Sample_Game_1,7.614193721606352,2.5999999999976353,7.581278007776952
stage2_B,Sample_Game_1,10.035060235825728,6.0,6.714220184365135
stage2_B,Sample_Game_1,7.060692248761512,3.1999999999970896,6.898880634052359
stage2_B,Sample_Game_1,5.918484715250138,2.7999999999974534,7.549732556326518
stage2_B,Sample_Game_1,6.219767615758608,2.7999999999974534,6.3337910061632945
stage2_B,Sample_Game_1,13.954957103320183,6.0,28.065102232426224
stage2_B,Sample_Game_1,7.588935333845024,6.0,8.457983122535662
stage2_B,Sample_Game_1,14.30402420567233,6.0,24.474456004263274
stage2_B,Sample_Game_1,12.356759183181211,3.3999999999969077,12.84866136446454
stage2_B,Sample_Game_1,13.622325770207613,6.0,12.11903942577614
stage2_B,Sample_Game_1,8.161207188750684,6.0,11.59611640204333
stage2_B,Sample_Game_1,4.429026639840979,3.3999999999969077,9.043566274164586
stage2_B,Sample_Game_1,7.254482042695811,6.0,13.837282994643534
stage2_B,Sample_Game_1,13.779810491600845,2.7999999999974534,15.368108268313101
stage2_B,Sample_Game_1,8.954630798663665,2.7999999999974534,6.982278313870262
stage2_B,Sample_Game_1,25.950946554585542,6.799999999993815,24.492476332532394
stage2_B,Sample_Game_1,6.247398855362115,2.599999999996726,4.923684684886389
stage2_B,Sample_Game_1,15.052804293092738,6.0,10.065461743723148
stage2_B,Sample_Game_1,17.64356160237321,3.999999999996362,20.996732586130825
stage2_B,Sample_Game_1,21.97703995729482,5.599999999994907,25.196688109406587
stage2_B,Sample_Game_1,5.915488795316396,3.599999999996726,7.939405456811673
stage2_B,Sample_Game_1,2.6149793866171462,3.7999999999974534,4.842346552961295
stage2_B,Sample_Game_1,8.255472249098286,3.1999999999970896,13.279672993325175
stage2_B,Sample_Game_1,12.199374195533721,6.0,12.387463819989925
stage2_B,Sample_Game_1,3.7237088481848786,3.599999999996726,7.2070731653591285
stage2_B,Sample_Game_1,11.049943950559062,4.399999999995998,6.663436261749635
stage2_B,Sample_Game_1,5.295661720084402,5.999999999994543,7.551987638359287
stage2_B,Sample_Game_1,7.581556090089216,4.999999999994543,16.031397145776957
stage2_B,Sample_Game_1,27.302447397947198,5.399999999994179,21.874961568166864
stage2_B,Sample_Game_1,6.24335456880582,3.999999999996362,7.051722190582753
stage2_B,Sample_Game_1,7.048708480773619,2.7999999999974534,8.634814229831893
stage2_B,Sample_Game_1,4.055397238833798,2.599999999998545,6.462403820920166
stage2_B,Sample_Game_1,4.356184024805382,2.599999999996726,5.782613107252448
stage2_B,Sample_Game_1,2.368837907089131,4.399999999995998,2.5315315709600474
stage2_B,Sample_Game_1,5.519524542841276,6.0,29.334643464819102
stage2_B,Sample_Game_1,20.50789712230222,5.399999999995998,18.600441349227438
stage2_B,Sample_Game_1,10.938411282670577,3.599999999996726,15.962860154497534
stage2_B,Sample_Game_1,7.747187069037207,2.599999999996726,5.354046985510605
stage2_B,Sample_Game_1,8.90555554974684,6.0,21.311170691990817
stage2_B,Sample_Game_1,3.514471755579569,5.199999999995271,9.88677393499648
stage2_B,Sample_Game_1,23.83565884892096,4.799999999995634,20.922627010950343
stage2_B,Sample_Game_2,6.244908832221478,2.8000000000000043,4.159733961749884
stage2_B,Sample_Game_2,7.363517652805337,3.6000000000000085,4.917154308946563
stage2_B,Sample_Game_2,10.199429499563855,3.200000000000003,8.065734568990472
stage2_B,Sample_Game_2,5.263571279324251,3.200000000000017,5.6022816970999765
stage2_B,Sample_Game_2,4.496065749443428,6.0,7.040481796939856
stage2_B,Sample_Game_2,6.784607259295374,3.0,6.175894036968602
stage2_B,Sample_Game_2,10.060803318119959,3.6000000000000227,8.501181785899144
stage2_B,Sample_Game_2,8.624789348637865,2.6000000000000227,6.740697571035479
stage2_B,Sample_Game_2,5.474208820241411,2.599999999999909,4.738903150387545
stage2_B,Sample_Game_2,7.7727831736587945,3.0,6.892446591545339
stage2_B,Sample_Game_2,9.164819793983328,3.199999999999932,9.116199502805777
stage2_B,Sample_Game_2,8.739585514173083,3.0,6.7496743278438505
stage2_B,Sample_Game_2,9.572501022660036,3.7999999999999545,8.07141341030611
stage2_B,Sample_Game_2,6.321723833147275,4.0,6.195240865381402
stage2_B,Sample_Game_2,8.782721560247115,6.0,13.060300568237157
stage2_B,Sample_Game_2,16.270027142116827,8.0,11.369776605445832
stage2_B,Sample_Game_2,17.128500864135205,5.7999999999999545,10.787198319939225
stage2_B,Sample_Game_2,10.500508343595524,2.800000000000182,15.032155898112793
stage2_B,Sample_Game_2,11.861668972136854,5.0,17.83058464136591
stage2_B,Sample_Game_2,9.935140904657725,3.7999999999999545,9.378623614850639
stage2_B,Sample_Game_2,10.13826307773271,6.0,12.264029439133463
stage2_B,Sample_Game_2,22.778347720266964,6.0,24.378850342962217
stage2_B,Sample_Game_2,13.554158921745376,6.0,13.762080684791231
stage2_B,Sample_Game_2,4.920417008479731,3.599999999999909,14.477146390750686
stage2_B,Sample_Game_2,5.7581217965964715,2.7999999999999545,5.2485956485094185
stage2_B,Sample_Game_2,7.342967937040426,2.599999999999909,6.372520244061211
stage2_B,Sample_Game_2,26.566300350044422,5.7999999999999545,15.87005629484147
stage2_B,Sample_Game_2,9.66663552171002,4.0,12.4253743798014
stage2_B,Sample_Game_2,5.304817442402883,3.0,9.381540955857181
stage2_B,Sample_Game_2,7.757569474705937,2.800000000000182,9.369031687699016
stage2_B,Sample_Game_2,7.567997251275333,6.0,13.72574012265527
stage2_B,Sample_Game_2,4.162519034280405,2.599999999999909,6.164929738651347
stage2_B,Sample_Game_2,12.285152492179986,5.199999999995271,10.70627842233544
stage2_B,Sample_Game_2,22.34283660061609,6.0,12.960953980784321
stage2_B,Sample_Game_2,5.230070326280732,3.1999999999970896,5.140458148299429
stage2_B,Sample_Game_2,7.331561166926316,6.0,6.49753250779041
stage2_B,Sample_Game_2,4.782549539227371,6.0,18.53232651138567
stage2_B,Sample_Game_2,17.822760799561273,6.0,7.780543596847648
stage2_B,Sample_Game_2,16.396916104579432,6.0,19.30274452114396
stage2_B,Sample_Game_2,13.980608111138164,5.999999999994543,22.328471332895496
stage2_B,Sample_Game_2,6.613072054234611,3.1999999999970896,9.763058850552671
stage2_B,Sample_Game_2,8.234544032853643,6.0,11.68362877217697
stage2_B,Sample_Game_2,16.777467522559753,6.0,12.748698283137955
stage2_B,Sample_Game_2,5.559724685229645,5.799999999994725,26.95688470657124
stage2_B,Sample_Game_2,7.575699394336301,2.9999999999972715,8.19232828267358
stage2_B,Sample_Game_2,9.871359512514596,6.0,11.290401648780197
stage2_B,Sample_Game_2,5.226824075920467,6.0,11.18234984397133
stage2_B,Sample_Game_2,10.674131899271966,5.799999999994725,14.918427924325457
stage2_B,Sample_Game_2,2.999757189694174,2.5999999999976353,2.418919684800692
stage2_B,Sample_Game_2,10.521548259064218,6.0,19.480679692726202
stage2_B,Sample_Game_2,5.35765582434334,2.5999999999976353,5.93105038632995
stage2_B,Sample_Game_2,8.124151404263474,3.1999999999970896,5.82664180616157
stage2_B,Sample_Game_2,7.15759232367826,5.399999999995089,10.511916812128948
stage2_B,Sample_Game_2,8.101930881200708,3.1999999999970896,14.37765152885038
stage2_B,Sample_Game_2,11.580822937646015,6.0,8.953053063168664
stage2_B,Sample_Game_2,6.541120624285961,6.0,9.931540548043348
stage2_B,Sample_Game_2,20.716255093453825,4.599999999995816,20.65799973651024
stage2_B,Sample_Game_2,6.628203858786636,3.799999999996544,6.447452880038707
stage2_B,Sample_Game_2,8.202560750361087,3.599999999996726,3.009899896998761
stage2_B,Sample_Game_2,4.473683695156967,6.0,6.299292402463682
stage2_B,Sample_Game_2,7.184966553321878,4.599999999995816,16.134712505327332
stage2_B,Sample_Game_2,5.05414959667117,6.0,8.534643586135655
stage2_B,Sample_Game_2,5.197042418788846,2.5999999999976353,6.160337816860036
stage2_B,Sample_Game_2,12.545243971839028,4.19999999999618,12.559369766651994
stage2_B,Sample_Game_2,28.101831995422437,5.399999999995089,17.362324812034416
stage2_B,Sample_Game_2,21.19130811251864,6.0,22.416359396019992
stage2_B,Sample_Game_2,8.449542524266112,5.999999999994543,7.747353026500691
stage2_B,Sample_Game_2,10.294604779727209,4.19999999999618,11.005081261248023
stage2_B,Sample_Game_2,5.353872730904429,6.0,5.23334484418209
stage2_B,Sample_Game_2,2.5405702314358938,3.599999999996726,12.36301333390598
stage2_B,Sample_Game_2,6.995970060955379,3.1999999999970896,11.22714517413129
stage2_B,Sample_Game_3,11.66133251077638,6.0,12.55588594537078
stage2_B,Sample_Game_3,16.03653070304081,4.399999999999977,16.895540435149016
stage2_B,Sample_Game_3,17.747560518758853,5.999999999999972,16.216904984051354
stage2_B,Sample_Game_3,7.367447798601927,4.399999999999977,8.415312541994645
stage2_B,Sample_Game_3,14.223892684801921,6.0,12.211603116531293
stage2_B,Sample_Game_3,6.96639066713481,2.599999999999966,5.565147363925259
stage2_B,Sample_Game_3,9.281612184702817,5.399999999999977,5.925168956718885
stage2_B,Sample_Game_3,13.007939019710356,6.0,9.203519865957746
stage2_B,Sample_Game_3,7.992677876876781,3.0,7.869858211403592
stage2_B,Sample_Game_3,15.18336132990698,6.0,12.014549935820405
stage2_B,Sample_Game_3,12.78600776664436,5.399999999999977,9.535400843681018
stage2_B,Sample_Game_3,8.050776009636875,3.599999999999909,8.100355503330933
stage2_B,Sample_Game_3,6.691080463152527,2.6000000000000227,6.645243738257005
stage2_B,Sample_Game_3,13.618930827546738,6.0,10.09570514357171
stage2_B,Sample_Game_3,7.7169833683720395,3.199999999999932,6.801185638569196
stage2_B,Sample_Game_3,11.890620007692863,3.7999999999999545,9.4913518786146
stage2_B,Sample_Game_3,9.758358311025518,4.600000000000023,7.171551720835325
stage2_B,Sample_Game_3,7.169798099650663,3.6000000000000227,6.710957821208497
stage2_B,Sample_Game_3,5.2030437642601886,3.800000000000068,6.689118369410972
stage2_B,Sample_Game_3,12.383053134038459,4.199999999999932,13.347202235839042
stage2_B,Sample_Game_3,6.183178416593705,4.199999999999932,5.904759064627553
stage2_B,Sample_Game_3,7.837389709300439,3.2000000000000455,6.370895204746586
stage2_B,Sample_Game_3,4.6661455798353115,3.6000000000000227,4.477471316776464
stage2_B,Sample_Game_3,9.205179226167878,3.0,10.447658303122552
stage2_B,Sample_Game_3,15.331740675047717,5.800000000000182,19.669587592107163
stage2_B,Sample_Game_3,11.383106975985761,3.2000000000000455,9.733773374586393
stage2_B,Sample_Game_3,14.053141355883703,5.599999999999909,15.975556859561715
stage2_B,Sample_Game_3,10.98274201901668,3.400000000000091,8.39421469150901
stage2_B,Sample_Game_3,4.167331342183537,3.2000000000000455,6.850876651779287
stage2_B,Sample_Game_3,9.909581735337417,6.0,11.006064492043302
stage2_B,Sample_Game_3,9.504880693017812,3.7999999999999545,9.934913399229552
stage2_B,Sample_Game_3,16.46356869987151,6.0,12.453565421391641
stage2_B,Sample_Game_3,10.907650654153755,6.0,14.514078389129875
stage2_B,Sample_Game_3,10.41753788522865,6.0,14.300318483015596
stage2_B,Sample_Game_3,9.666636613485693,3.2000000000000455,6.37519585184024
stage2_B,Sample_Game_3,8.523397432802552,3.400000000000091,7.558867909651948
stage2_B,Sample_Game_3,6.482393828576207,2.7999999999999545,4.633043318329266
stage2_B,Sample_Game_3,6.188330785632328,2.599999999999909,8.39266101405979
stage2_B,Sample_Game_3,8.392584099767053,6.0,9.560207590538862
stage2_B,Sample_Game_3,12.028598088646923,6.0,11.11986370313295
stage2_B,Sample_Game_3,14.5674333779838,5.0,10.128353175983253
stage2_B,Sample_Game_3,8.026257154649063,6.0,8.721004758928423
stage2_B,Sample_Game_3,11.242704874353578,5.399999999999864,9.80967753450611
stage2_B,Sample_Game_3,8.696561053437028,4.0,4.0977044786584
stage2_B,Sample_Game_3,17.54063646256424,6.0,10.422768922171933
stage2_B,Sample_Game_3,8.845487329602808,5.199999999999818,9.874923817552336
stage2_B,Sample_Game_3,3.6111919915048425,2.800000000000182,5.752440477260687
stage2_B,Sample_Game_3,5.028952327797683,4.199999999999818,8.778723766718532
stage2_B,Sample_Game_3,16.439164307480446,5.199999999999818,10.331477398296055
stage2_B,Sample_Game_3,5.9195321017846805,2.800000000000182,9.483064750458293
stage2_B,Sample_Game_3,15.396930111048432,3.0,9.39908735459757
stage2_B,Sample_Game_3,9.780304705170671,6.0,16.46943335149978
stage2_B,Sample_Game_3,8.477874246894347,3.799999999999727,7.237101225593543
stage2_B,Sample_Game_3,9.440172275679327,4.200000000000273,7.663199408629738
stage2_B,Sample_Game_3,5.196211978408181,4.199999999999818,4.088228148627021
stage2_B,Sample_Game_3,12.62315992517214,4.400000000000091,9.738547062288324
stage2_B,Sample_Game_3,13.830141890014598,5.800000000000182,11.281891499584642
stage2_B,Sample_Game_3,11.903223257096828,6.0,6.859697612926131
stage2_B,Sample_Game_3,10.115621202980677,5.599999999999994,9.454791821079805
stage2_B,Sample_Game_3,5.713376637677012,2.799999999999983,5.198309076288336
stage2_B,Sample_Game_3,12.847759694208925,6.0,12.638275623377579
stage2_B,Sample_Game_3,6.259036510181824,3.4000000000000057,3.847874271628026
stage2_B,Sample_Game_3,8.53978565740134,3.0,7.405226716560421
stage2_B,Sample_Game_3,13.847142911282551,6.0,15.531795128365872
stage2_B,Sample_Game_3,5.403414721195887,4.199999999999989,8.662823132426773
stage2_B,Sample_Game_3,8.697290954864137,2.6000000000000227,7.365458464211319
stage2_B,Sample_Game_3,8.823290409335756,3.599999999999909,8.12274909126742
stage2_B,Sample_Game_3,11.170648364681226,3.199999999999932,9.609335740162791
stage2_B,Sample_Game_3,7.919371977637502,3.400000000000091,6.533187857256663
stage2_B,Sample_Game_3,17.72772044464711,4.399999999999977,7.384306935619621
stage2_B,Sample_Game_3,8.315505392387951,3.2000000000000455,8.295257042730293
stage2_B,Sample_Game_3,16.244650967618924,3.7999999999999545,13.985056140054613
stage2_B,Sample_Game_3,4.226788841839795,5.399999999999977,11.743959274555806
stage2_B,Sample_Game_3,10.488400934769643,4.199999999999932,15.498126493151922
stage2_B,Sample_Game_3,7.79996087013426,4.2000000000000455,10.177949649734776
stage2_B,Sample_Game_3,5.760108274311664,4.999999999999886,12.60761596408605
stage2_B,Sample_Game_3,11.70785213888027,6.0,11.715202981811327
stage2_B,Sample_Game_3,4.650025026474581,4.400000000000091,8.74951472391485
stage2_B,Sample_Game_3,11.579017903223788,2.6000000000001364,6.618963078877586
stage2_B,Sample_Game_3,7.483935386162388,6.0,7.656402725984328
stage2_B,Sample_Game_3,10.646018234911361,6.0,10.09002832907519
stage2_B,Sample_Game_3,9.353913079095172,4.199999999999818,6.701175736261135
stage2_B,Sample_Game_3,12.771180583439818,4.199999999999818,9.741544742087505
stage2_B,Sample_Game_3,12.930379306897569,3.599999999999909,9.668289663175408
stage2_B,Sample_Game_3,10.442016305905343,3.599999999999909,14.533596956119444
stage2_B,Sample_Game_3,4.3063618054491,6.0,6.248631082374336
stage2_B,Sample_Game_3,8.338323256254572,3.2000000000000455,6.366801050619365
stage2_B,Sample_Game_3,11.236207624609353,5.2000000000000455,13.705885456524712
stage2_B,Sample_Game_3,19.69980360193473,4.400000000000091,11.631645794065935
stage2_B,Sample_Game_3,7.545376885725576,3.0,6.283010796329837
stage2_B,Sample_Game_3,17.769851641968103,3.599999999999909,9.500693514767804
stage2_B,Sample_Game_3,8.464244563937019,6.0,6.498904487076706
stage2_B,Sample_Game_3,6.08186243066592,2.599999999999909,7.024919190995625
stage2_B,Sample_Game_3,4.27628835048634,5.2000000000000455,6.922072197792481
stage2_B,Sample_Game_3,13.53822942702163,4.199999999999818,13.794720828699731
stage2_B,Sample_Game_3,7.243386929483936,6.0,9.618832444212291
stage2_B,Sample_Game_3,10.868626546690434,3.2000000000000455,7.252546734988842
stage2_B,Sample_Game_3,6.154418547560064,3.0,8.21342559172785
stage2_B,Sample_Game_3,3.6550853805003873,3.0,5.616737712267279
stage2_B,Sample_Game_3,15.514728541852724,4.800000000000182,19.57477889403441
stage2_B,Sample_Game_3,9.141271434421519,3.400000000000091,15.759536963120144
stage2_B,Sample_Game_3,9.290944811669593,6.0,13.299155176714251
stage2_B,Sample_Game_3,9.515507561099792,6.0,10.206572909512573
stage2_B,Sample_Game_3,12.191567789559624,4.0,6.699421066220697
stage2_B,Sample_Game_3,14.756766245661906,6.0,11.371007497431854
stage2_B,Sample_Game_3,18.27763407948001,3.799999999999727,12.88066392899642
stage2_B,Sample_Game_3,6.5799276110209615,3.0,4.712885219810261
stage2_B,Sample_Game_3,7.356112830517872,2.600000000000364,7.439797762471123
stage2_B,Sample_Game_3,29.06978081522413,6.0,17.697506601101296
stage2_B,Sample_Game_3,2.7771908339871985,3.599999999999909,6.146161052529447
stage2_B,Sample_Game_3,11.106360981868947,5.200000000000273,8.366082272287455
stage2_B,Sample_Game_3,9.350669942988642,3.200000000000273,7.591514395769848
stage2_B,Sample_Game_3,13.394633733018619,6.0,10.327372059759142
stage2_B,Sample_Game_3,9.860563412318264,5.599999999999909,10.128054805925093
stage2_B,Sample_Game_3,7.799096407141072,3.400000000000091,5.7984300874991925
stage2_B,Sample_Game_3,16.021277931910262,6.0,14.932341412814495
stage2_B,Sample_Game_3,7.547367842271035,4.800000000000182,5.098658648122688
stage2_B,Sample_Game_3,12.854097647583554,5.199999999999818,10.452787805834523
stage2_B,J03WPY,8.795602694378339,2.8,7.079017410891225
stage2_B,J03WPY,4.044501385112701,2.6000000000000014,2.6586625735962865
stage2_B,J03WPY,16.21576763578408,6.0,12.574128891305264
stage2_B,J03WPY,8.154734766286873,3.0,7.128301103564793
stage2_B,J03WPY,7.942935132692201,3.200000000000017,6.817575867689375
stage2_B,J03WPY,5.705277706688334,2.799999999999983,5.84015873623546
stage2_B,J03WPY,6.600285275158911,2.8000000000000114,6.448958166483793
stage2_B,J03WPY,10.52513485813969,3.6000000000000227,7.919614000748684
stage2_B,J03WPY,8.190254472139955,2.800000000000068,5.654183107570962
stage2_B,J03WPY,14.081164997204585,4.600000000000023,7.6077676072413905
stage2_B,J03WPY,13.84086016692869,6.0,11.711751115259382
stage2_B,J03WPY,3.2969074666252194,2.6000000000000227,4.487400258572549
stage2_B,J03WPY,4.919045208303737,3.2000000000000455,3.101984468451307
stage2_B,J03WPY,7.360404091794191,3.0,4.370857684744102
stage2_B,J03WPY,14.227352647399831,4.399999999999977,18.03596163006492
stage2_B,J03WPY,11.160254949496327,3.2000000000000455,7.456301377234224
stage2_B,J03WPY,5.587588038561298,6.0,9.834241837406747
stage2_B,J03WPY,9.303612341027453,2.6000000000001364,8.377363821074827
stage2_B,J03WPY,12.129459350111153,3.800000000000182,9.771998462965538
stage2_B,J03WPY,5.829657340538257,2.7999999999999545,3.7422163391463865
stage2_B,J03WPY,17.517864512438923,4.0,15.695832948221794
stage2_B,J03WPY,7.574404416360739,6.0,7.914090383695221
stage2_B,J03WPY,7.3299207736379834,3.0,7.535401018781153
stage2_B,J03WPY,7.738158191526909,5.599999999999909,7.276804779865152
stage2_B,J03WPY,7.196863464905194,6.0,8.627190631264638
stage2_B,J03WPY,14.632859152019556,4.2000000000000455,9.173920960541558
stage2_B,J03WPY,9.401555068080807,2.7999999999999545,6.685626624845252
stage2_B,J03WPY,16.669126806276772,4.599999999999909,22.27598919450287
stage2_B,J03WPY,10.279181732542312,3.0,7.877419084160991
stage2_B,J03WPY,2.1058840004649118,2.800000000000182,2.7308836030498265
stage2_B,J03WPY,3.6714408513251646,2.6000000000001364,3.4943383760245346
stage2_B,J03WPY,6.143836037078666,4.0,4.504386092550907
stage2_B,J03WPY,9.237087705340556,3.7999999999999545,6.970193570354253
stage2_B,J03WPY,9.706654521843179,3.599999999999909,8.579699261227496
stage2_B,J03WPY,3.5020987067934715,2.599999999999909,3.709031502591211
stage2_B,J03WPY,29.80727268413553,7.0,16.239221130124598
stage2_B,J03WPY,9.729728594883806,2.7999999999999545,9.218739400442121
stage2_B,J03WPY,6.215276251998431,4.399999999999864,11.270387480119911
stage2_B,J03WPY,6.729796061370518,3.0,8.663794763099652
stage2_B,J03WPY,11.678993858225091,3.599999999999909,10.209306792198769
stage2_B,J03WPY,8.051783340556339,2.599999999999909,6.058355572718896
stage2_B,J03WPY,12.452560122658916,3.400000000000091,11.012742977502144
stage2_B,J03WPY,12.294516687852461,5.199999999999818,9.937634614494264
stage2_B,J03WPY,6.586232596675311,3.199999999999818,4.792249663550571
stage2_B,J03WPY,7.650712841457632,3.400000000000091,5.416802255286212
stage2_B,J03WPY,9.84107297873516,6.0,14.267646671241799
stage2_B,J03WPY,26.184243296012504,5.400000000000091,14.117033344074525
stage2_B,J03WPY,7.246332330930013,3.399999999999636,8.326306259087582
stage2_B,J03WPY,8.22166533512991,3.800000000000182,8.053725710317014
stage2_B,J03WPY,31.866177797983283,5.599999999999909,19.05608652567208
stage2_B,J03WPY,4.851468242055482,2.6000000000000227,6.143182709447668
stage2_B,J03WPY,30.350863543055905,6.0,34.62142473390358
stage2_B,J03WPY,4.26789841491151,4.399999999999977,5.102171860779068
stage2_B,J03WPY,11.34751228371333,3.6000000000000227,12.443759878316527
stage2_B,J03WPY,6.214772466499916,3.6000000000000227,7.721604282767202
stage2_B,J03WPY,46.387966848495125,10.0,32.22004136538299
stage2_B,J03WPY,5.327951870411777,3.0,5.374650110320453
stage2_B,J03WPY,9.679250601757278,3.0,9.30717613697497
stage2_B,J03WPY,9.532051450954452,3.7999999999999545,11.175352814090791
stage2_B,J03WPY,9.218171136742185,2.7999999999999545,5.961619279537439
stage2_B,J03WPY,29.057588622483394,6.2000000000000455,18.213579387432
stage2_B,J03WPY,7.431109839503376,2.7999999999999545,8.234856315278902
stage2_B,J03WPY,9.693050002482646,3.799999999999727,5.926612766444448
stage2_B,J03WPY,13.718561986012906,3.599999999999909,11.423042236358501
stage2_B,J03WPY,7.246577967927743,3.0,6.301069072292516
stage2_B,J03WPY,9.975586001481766,4.800000000000182,8.421736836111133
stage2_B,J03WPY,10.885792350650306,5.199999999999818,11.852847062051252
stage2_B,J03WPY,11.478297482683113,3.800000000000182,8.275708587542029
stage2_B,J03WPY,12.685730120933457,3.399999999999636,7.701074432108675
stage2_B,J03WPY,4.52362263374992,4.0,4.899351735309192
stage2_B,J03WPY,10.650051569466003,3.400000000000091,7.895579110988763
stage2_B,J03WPY,7.016202936719169,6.0,8.509655558638425
stage2_B,J03WPY,7.115519390282911,2.800000000000182,5.133936453146303
stage2_B,J03WPY,8.220650267256351,2.599999999999909,4.836558804388593
stage2_B,J03WPY,5.856660991588378,3.800000000000182,9.594812039619631
stage2_B,J03WPY,5.385933638802515,2.599999999999909,3.0852832578666307
stage2_B,J03WPY,7.607210005886129,3.400000000000091,10.471459933057195
stage2_B,J03WPY,13.295169396273437,3.599999999999909,15.414644027776474
stage2_B,J03WPY,12.83720164324712,3.0,16.902815977967457
stage2_B,J03WPY,11.658790230513873,2.799999999999727,6.377234283082714
stage2_B,J03WPY,14.90379790107963,3.400000000000091,12.209016390551989
stage2_B,J03WPY,6.323582994873574,6.0,7.517355908581873
stage2_B,J03WPY,10.017297136157243,2.599999999999909,7.258862916853436
stage2_B,J03WPY,5.046035266796693,3.400000000000091,3.7397925701435817
stage2_B,J03WMX,17.24430952625377,4.0,13.063021501863053
stage2_B,J03WMX,8.809657311906083,3.1999999999999886,10.75236422852861
stage2_B,J03WMX,5.162729230343319,4.399999999999977,6.8229383890125375
stage2_B,J03WMX,11.614304126740315,3.6000000000000227,8.328694053265927
stage2_B,J03WMX,12.011053688353728,4.600000000000023,15.571849134702886
stage2_B,J03WMX,6.65438940229682,6.0,8.982192163016776
stage2_B,J03WMX,7.748114379969323,2.6000000000000227,5.174281545047178
stage2_B,J03WMX,7.866493935822307,3.3999999999999773,5.3786705301084465
stage2_B,J03WMX,11.296264830109209,6.0,10.425343646916549
stage2_B,J03WMX,4.094253350393436,3.6000000000000227,3.4171648475574417
stage2_B,J03WMX,11.410765180722848,6.0,10.784701611573777
stage2_B,J03WMX,17.615661962238192,3.3999999999998636,12.486666885941865
stage2_B,J03WMX,13.848001721495363,4.400000000000091,10.962519824413159
stage2_B,J03WMX,10.937511346179573,3.400000000000091,12.702673286095465
stage2_B,J03WMX,5.00600837273443,2.7999999999999545,6.917576704880801
stage2_B,J03WMX,4.863623085015484,2.7999999999999545,7.177559421140291
stage2_B,J03WMX,10.54343048498335,3.7999999999999545,8.105816192120946
stage2_B,J03WMX,13.358296866198106,3.599999999999909,11.759597431031255
stage2_B,J03WMX,6.8339977541410555,6.0,4.711374251800294
stage2_B,J03WMX,9.328133718921094,2.6000000000001364,4.567186517612294
stage2_B,J03WMX,7.787337520130109,3.2000000000000455,5.147077372198024
stage2_B,J03WMX,7.900376486661608,4.0,7.336750427368354
stage2_B,J03WMX,8.787248939841692,3.2000000000000455,9.124072202914185
stage2_B,J03WMX,6.074392324614562,5.2000000000000455,6.284360964210748
stage2_B,J03WMX,20.304755288342925,4.599999999999909,12.922296182544457
stage2_B,J03WMX,8.958528929854754,3.2000000000000455,9.276369938289806
stage2_B,J03WMX,11.91955853473021,5.2000000000000455,13.060329967404634
stage2_B,J03WMX,4.112699666116432,2.599999999999909,2.8774549566604195
stage2_B,J03WMX,11.004826891428152,4.400000000000091,11.101186559229067
stage2_B,J03WMX,31.600050867119208,7.0,17.756601089595712
stage2_B,J03WMX,13.613418832484252,4.399999999999864,8.655157842307192
stage2_B,J03WMX,6.775365364869767,3.6000000000001364,5.441509846377887
stage2_B,J03WMX,8.761639684112552,3.599999999999909,6.799599673509656
stage2_B,J03WMX,10.504432132827908,4.400000000000091,7.729901057094198
stage2_B,J03WMX,5.835516743686474,3.800000000000182,9.356294939081716
stage2_B,J03WMX,12.475133699195533,6.0,16.692287535089296
stage2_B,J03WMX,5.903467649423001,3.800000000000182,5.034293520827419
stage2_B,J03WMX,10.705532638588927,3.600000000000364,9.269360727449843
stage2_B,J03WMX,9.97394995119762,6.0,12.402950755420473
stage2_B,J03WMX,7.193446981986134,3.599999999999909,5.810802322811023
stage2_B,J03WMX,6.898976298024174,5.399999999999636,5.7381153661692
stage2_B,J03WMX,35.61508004434312,7.400000000000006,17.913243457198412
stage2_B,J03WMX,3.7358039522682844,2.799999999999983,3.983537748247481
stage2_B,J03WMX,3.9150899637992267,2.5999999999999943,3.6355916474419336
stage2_B,J03WMX,6.253690422655625,3.1999999999999886,10.712319982568669
stage2_B,J03WMX,12.357381283754911,3.8000000000000114,9.083084482043423
stage2_B,J03WMX,10.365844134460964,3.599999999999966,7.390389607462003
stage2_B,J03WMX,7.501304183564983,6.0,18.707202601804738
stage2_B,J03WMX,9.842589174585855,3.0,7.513577200111513
stage2_B,J03WMX,9.540227931439603,4.2000000000000455,4.907589795666309
stage2_B,J03WMX,3.5113697753625575,2.6000000000000227,4.540575972064486
stage2_B,J03WMX,6.598788032530722,2.7999999999999545,7.40062889206852
stage2_B,J03WMX,8.069609624450766,3.3999999999999773,12.963720751843574
stage2_B,J03WMX,11.398344549056269,3.3999999999999773,8.120420877020003
stage2_B,J03WMX,19.84569587999058,5.0,15.492579390001247
stage2_B,J03WMX,6.744566130351579,5.399999999999977,6.958333726258857
stage2_B,J03WMX,10.915374704005195,6.0,11.099000894249457
stage2_B,J03WMX,3.957229779166282,3.6000000000000227,3.479321124223299
stage2_B,J03WMX,11.83077403580268,4.0,10.870258149136577
stage2_B,J03WMX,15.128363589514851,4.0,6.193000176784084
stage2_B,J03WMX,7.955632380969636,4.400000000000091,7.900559222875323
stage2_B,J03WMX,7.016738876378961,4.2000000000000455,10.45055493018296
stage2_B,J03WMX,9.652218397585974,6.0,7.65687451000282
stage2_B,J03WMX,6.077791404328741,2.599999999999909,5.020254010482588
stage2_B,J03WMX,10.53107176266995,4.399999999999864,8.678769603764149
stage2_B,J03WMX,26.848261083570343,6.0,21.829271542677542
stage2_B,J03WMX,6.875403450436444,3.0,9.360709943672395
stage2_B,J03WMX,7.333955946307366,3.400000000000091,5.589304156495372
stage2_B,J03WMX,7.280657454514259,4.399999999999636,4.305162021397205
stage2_B,J03WMX,5.3743811245798305,4.0,3.678911344951399
stage2_B,J03WMX,5.39309355051542,2.799999999999727,7.349391410600118
stage2_B,J03WMX,7.129645802376663,3.0,6.470028101186905
stage2_B,J03WMX,6.54083527101305,3.0,4.7228918278966905
stage2_B,J03WMX,8.330752587343962,2.599999999999909,5.58554731824887
stage2_B,J03WMX,6.609789837842717,3.200000000000273,13.938277732319328
stage2_B,J03WN1,10.052329937934768,3.2000000000000006,8.417824801728745
stage2_B,J03WN1,14.135378257744163,4.199999999999989,10.599268367745255
stage2_B,J03WN1,7.507379803863777,3.4000000000000057,6.34633234329818
stage2_B,J03WN1,8.14539899918292,5.199999999999989,4.64543141156417
stage2_B,J03WN1,7.847106131903407,2.8000000000000114,6.452483798200021
stage2_B,J03WN1,11.637964922842814,4.199999999999989,15.204166438577374
stage2_B,J03WN1,7.0340612176507396,3.1999999999999886,8.164372009527886
stage2_B,J03WN1,12.29403071612761,5.399999999999977,10.629966305547084
stage2_B,J03WN1,12.36790200478643,6.0,8.533422438594712
stage2_B,J03WN1,7.7434423869493125,4.199999999999989,7.401086005465857
stage2_B,J03WN1,7.533319321521362,2.800000000000068,6.415288887932771
stage2_B,J03WN1,21.25736813436697,6.0,13.59441859195402
stage2_B,J03WN1,6.187115644628046,3.400000000000091,10.612585322426392
stage2_B,J03WN1,7.221807253035827,3.2000000000000455,9.951204674676314
stage2_B,J03WN1,9.321223095709557,2.599999999999909,6.302094327966784
stage2_B,J03WN1,10.920114468264517,4.600000000000023,10.195174746521129
stage2_B,J03WN1,21.651207818502872,5.0,12.195383785751565
stage2_B,J03WN1,11.835391839732003,3.599999999999909,7.431355202914252
stage2_B,J03WN1,12.503731443053306,3.0,10.48299744571771
stage2_B,J03WN1,6.910238780244543,2.599999999999909,7.410264626066576
stage2_B,J03WN1,12.935737319534304,3.0,8.05998509529605
stage2_B,J03WN1,5.601508725334714,2.6000000000000227,5.84399994608755
stage2_B,J03WN1,15.729504124415367,6.0,13.021202701884006
stage2_B,J03WN1,6.202233468678949,3.0,7.165105259582616
stage2_B,J03WN1,4.5114299285259865,3.3999999999998636,9.255333628896231
stage2_B,J03WN1,11.982925352349639,6.0,6.129088921953457
stage2_B,J03WN1,6.400765579210038,6.0,5.5042360511751145
stage2_B,J03WN1,9.153469287652634,3.0,9.16312058154726
stage2_B,J03WN1,22.44219686216125,5.2000000000000455,15.474043503228321
stage2_B,J03WN1,21.56831240500836,5.600000000000136,14.451496451931305
stage2_B,J03WN1,5.531084884541504,4.199999999999818,5.389628813133354
stage2_B,J03WN1,8.891979532140182,6.0,10.718145869380853
stage2_B,J03WN1,16.875366662683216,6.0,12.874964527901874
stage2_B,J03WN1,15.54350346607868,5.400000000000091,7.018119181435361
stage2_B,J03WN1,22.196785803355432,8.0,12.92091459939351
stage2_B,J03WN1,10.998368060762148,3.3999999999998636,9.907414530749612
stage2_B,J03WN1,9.110718961750107,5.2000000000000455,3.415131466408973
stage2_B,J03WN1,4.137269631048963,3.400000000000091,6.715419864283338
stage2_B,J03WN1,5.885855927560578,3.2000000000000455,12.158781245629466
stage2_B,J03WN1,8.828165154776169,5.2000000000000455,7.642366401567047
stage2_B,J03WN1,9.741031772866299,4.399999999999864,10.221812116390653
stage2_B,J03WN1,10.956007484480468,4.399999999999864,14.449157868826093
stage2_B,J03WN1,4.610878441251654,3.599999999999909,5.37052999026439
stage2_B,J03WN1,13.803278596044306,4.7999999999999545,15.955942234312813
stage2_B,J03WN1,15.893448335714345,6.0,9.072419540446198
stage2_B,J03WN1,6.088021024931435,2.800000000000182,6.314530436334478
stage2_B,J03WN1,10.46883470114988,2.800000000000182,7.270532436534258
stage2_B,J03WN1,6.689469336202748,3.399999999999636,7.106182331756483
stage2_B,J03WN1,17.148556790587367,6.0,17.86143130955775
stage2_B,J03WN1,9.47831736121841,3.0,4.6360049586724035
stage2_B,J03WN1,6.730497752766088,3.599999999999909,5.706712303327727
stage2_B,J03WN1,7.003320640953109,3.199999999999818,8.694993736762607
stage2_B,J03WN1,36.897110998017176,8.599999999999909,19.020208962720055
stage2_B,J03WN1,5.389174333791511,3.399999999999636,6.067845166806675
stage2_B,J03WN1,6.204135717406572,2.799999999999727,4.5527306175238325
stage2_B,J03WN1,23.37830190582712,6.0,13.111413402404667
stage2_B,J03WN1,8.580495323699262,4.599999999999909,10.981871077701207
stage2_B,J03WN1,7.355032290887641,3.0,5.33559484859046
stage2_B,J03WN1,8.798647623356663,3.799999999999997,8.447953943283041
stage2_B,J03WN1,17.25318811118688,5.199999999999989,12.335959432407902
stage2_B,J03WN1,5.187918657804877,2.5999999999999943,5.609867034106038
stage2_B,J03WN1,18.569760364635844,6.0,16.236813395277302
stage2_B,J03WN1,13.635754471242178,6.0,14.491491331604804
stage2_B,J03WN1,18.43423445657526,3.599999999999966,8.312572975562862
stage2_B,J03WN1,9.405370806087136,5.199999999999932,4.525754100907549
stage2_B,J03WN1,9.112129279153146,3.2000000000000455,2.411699260209964
stage2_B,J03WN1,10.780361775005208,6.0,21.559653611349255
stage2_B,J03WN1,7.556189515886959,3.0,16.01497719907683
stage2_B,J03WN1,8.123995322499676,2.599999999999909,9.734330151781672
stage2_B,J03WN1,11.311626761876473,4.399999999999977,9.94334688799648
stage2_B,J03WN1,11.716262202596873,2.6000000000000227,7.677705336114674
stage2_B,J03WN1,14.879092714275163,5.800000000000182,9.423485066391306
stage2_B,J03WN1,9.495651636407251,4.7999999999999545,14.225182310953745
stage2_B,J03WN1,4.4177935669276165,3.0,5.007152217575679
stage2_B,J03WN1,8.671239819080842,4.400000000000091,6.611000875723503
stage2_B,J03WN1,5.128001560062166,2.7999999999999545,4.604110182750472
stage2_B,J03WN1,10.57448343891963,3.599999999999909,11.467124870203083
stage2_B,J03WN1,5.973022685374635,2.599999999999909,5.258072966950567
stage2_B,J03WN1,8.377314605528436,4.0,14.608874250197308
stage2_B,J03WN1,11.870265371927538,4.199999999999818,8.534735715530875
stage2_B,J03WN1,7.844061448000013,6.0,11.49748110130571
stage2_B,J03WN1,5.98953253601677,2.599999999999909,3.6996918145436912
stage2_B,J03WN1,4.343316705007825,3.2000000000000455,6.992430378446113
stage2_B,J03WN1,22.02493359808378,6.0,20.043304827046207
stage2_B,J03WN1,16.70775269149026,4.199999999999818,11.191438718108644
stage2_B,J03WN1,6.260742767437438,3.199999999999818,7.321548229692361
stage2_B,J03WN1,7.977750309454418,3.599999999999909,5.379764277523835
stage2_B,J03WN1,16.40219497506356,4.400000000000091,9.990027554701301
stage2_B,J03WN1,11.442141407970805,6.0,13.900889401017873
stage2_B,J03WN1,5.281401329192194,6.0,8.914224866172784
stage2_B,J03WN1,6.265819978262764,2.799999999999727,6.793120549895806
stage2_B,J03WN1,7.902708396495458,3.599999999999909,10.40753115767178
stage2_B,J03WN1,5.350084111489321,4.0,5.375541514693252
stage2_B,J03WN1,12.453292737265462,3.200000000000273,11.650867330022491
stage2_B,J03WN1,15.162931774559667,4.0,14.267801702784617
stage2_B,J03WOH,11.600096640001395,2.8000000000000003,10.970069675846961
stage2_B,J03WOH,9.995510597941372,6.0,9.433258265106033
stage2_B,J03WOH,9.393751310827021,3.1999999999999886,5.226706362709715
stage2_B,J03WOH,6.461407128568535,3.3999999999999773,6.40969688350512
stage2_B,J03WOH,8.843386594813477,2.7999999999999545,5.040556503781778
stage2_B,J03WOH,23.23024089480709,4.599999999999909,13.186935817351156
stage2_B,J03WOH,13.694293472672754,3.199999999999932,7.988504042021182
stage2_B,J03WOH,6.901757342980267,2.6000000000000227,6.523702369682429
stage2_B,J03WOH,5.601372400759885,4.2000000000000455,8.219051664624166
stage2_B,J03WOH,10.445698537716254,6.0,16.36459309380458
stage2_B,J03WOH,10.183655632637183,2.6000000000000227,8.435542614333112
stage2_B,J03WOH,13.81345250759322,5.600000000000023,17.80683920205921
stage2_B,J03WOH,4.007471337171889,4.600000000000023,8.029379487089088
stage2_B,J03WOH,9.402881082231968,3.6000000000000227,10.652314409492519
stage2_B,J03WOH,16.644170322406993,4.7999999999999545,22.492300122095983
stage2_B,J03WOH,4.991736489070689,4.599999999999909,6.1773580288810095
stage2_B,J03WOH,10.623036330578248,2.599999999999909,13.860841694086183
stage2_B,J03WOH,5.3876120026311325,6.0,5.938656155408287
stage2_B,J03WOH,6.444936340358225,2.7999999999999545,7.307368122098989
stage2_B,J03WOH,12.007878127236902,6.0,11.382923225401456
stage2_B,J03WOH,8.303071991937475,2.7999999999999545,5.858512673009338
stage2_B,J03WOH,11.886504652586673,3.7999999999999545,10.882841606347021
stage2_B,J03WOH,12.173017759355183,5.199999999999818,8.740170692146977
stage2_B,J03WOH,12.41794779471752,4.2000000000000455,14.007443136690725
stage2_B,J03WOH,31.641782477146357,7.2000000000000455,22.80902012319995
stage2_B,J03WOH,8.316276962145349,3.400000000000091,2.0709842817099475
stage2_B,J03WOH,8.707518961953646,3.0,9.440731394720697
stage2_B,J03WOH,12.133524719979505,3.0,12.236864839364419
stage2_B,J03WOH,11.536374426226015,3.199999999999818,10.927929160942602
stage2_B,J03WOH,7.652326382687809,3.0,5.167021712636126
stage2_B,J03WOH,5.595969011432448,2.800000000000182,6.150639212369496
stage2_B,J03WOH,12.195056377861325,3.200000000000273,8.014132511152349
stage2_B,J03WOH,8.33298335519453,3.200000000000273,9.425576080108407
stage2_B,J03WOH,12.167112390192578,3.0,9.600444492868288
stage2_B,J03WOH,9.841084322271637,2.799999999999727,13.732449453567728
stage2_B,J03WOH,7.8030485029804595,3.399999999999636,10.655974957766833
stage2_B,J03WOH,10.934486881098625,3.0,11.884699936584349
stage2_B,J03WOH,5.111853581914426,4.400000000000091,9.767819988282932
stage2_B,J03WOH,17.408844206043167,6.0,19.061457379958455
stage2_B,J03WOH,7.576563718786247,3.199999999999818,11.891802617997273
stage2_B,J03WOH,22.99511612388073,7.0,17.826151284016525
stage2_B,J03WOH,11.7250927668954,3.4000000000000004,9.99497053897336
stage2_B,J03WOH,7.094335814595578,2.799999999999997,6.463398978842628
stage2_B,J03WOH,5.6491581831223385,4.0,7.953753920224319
stage2_B,J03WOH,17.192411827953563,3.4000000000000057,15.420949710446594
stage2_B,J03WOH,10.597025179057203,3.8000000000000114,13.696907975591703
stage2_B,J03WOH,5.918179323455933,2.8000000000000114,3.2291901380518624
stage2_B,J03WOH,9.411825724397035,4.199999999999989,13.704223937984754
stage2_B,J03WOH,8.706235353479538,3.1999999999999886,6.57416438477361
stage2_B,J03WOH,7.963088858738093,2.8000000000000114,7.175117471769861
stage2_B,J03WOH,8.22868315004309,3.0,8.244172876609369
stage2_B,J03WOH,13.655487382399807,3.6000000000000227,8.904227622246918
stage2_B,J03WOH,8.151700042038026,2.8000000000000114,6.0357066531675905
stage2_B,J03WOH,7.5516408315830486,3.1999999999999886,5.019224216494984
stage2_B,J03WOH,5.836270463046489,6.0,5.0200414465753065
stage2_B,J03WOH,5.2396068135201315,2.8000000000000114,5.508607773108038
stage2_B,J03WOH,12.060474073081354,3.0,13.901532183890541
stage2_B,J03WOH,5.832003806654557,2.6000000000000227,5.928359983826661
stage2_B,J03WOH,9.363768842098745,3.2000000000000455,6.414891704294429
stage2_B,J03WOH,8.316390016822062,3.0,7.033687603940368
stage2_B,J03WOH,8.285939517628307,3.0,5.759825762378
stage2_B,J03WOH,9.123623134469543,3.2000000000000455,4.867719708595442
stage2_B,J03WOH,12.649318367390597,3.3999999999999773,11.649560226606473
stage2_B,J03WOH,6.441113744232807,3.199999999999932,4.9877926270747945
stage2_B,J03WOH,22.658317244737766,5.2000000000000455,16.115570498379924
stage2_B,J03WOH,7.935253803591637,3.0,7.343040676770405
stage2_B,J03WOH,8.91249066214148,3.0,6.08349708033969
stage2_B,J03WOH,12.355847307965227,4.599999999999909,9.044121490418382
stage2_B,J03WOH,7.392339502877885,2.599999999999909,4.416091714533378
stage2_B,J03WOH,10.535202798862034,5.599999999999909,11.475465641099417
stage2_B,J03WOH,12.50108550393557,4.0,11.259142141575143
stage2_B,J03WOH,10.702013265220929,3.7999999999999545,7.672055803222889
stage2_B,J03WOH,11.237910527436515,3.2000000000000455,9.793773002170047
stage2_B,J03WOH,7.284013849926196,2.7999999999999545,6.500377051335811
stage2_B,J03WOH,11.246744928199638,2.6000000000001364,7.763356999013791
stage2_B,J03WOH,3.1713073649667094,3.199999999999818,10.662436814536058
stage2_B,J03WOH,10.248878087399781,6.0,10.134463300259348
stage2_B,J03WOH,14.162355290370316,4.599999999999909,10.369571171047411
stage2_B,J03WOH,8.791825900914247,2.6000000000001364,7.636561358321453
stage2_B,J03WOH,12.160162675087278,2.599999999999909,5.52758324819011
stage2_B,J03WOH,7.064741171321318,3.599999999999909,6.7060848766682
stage2_B,J03WOH,6.644170045622684,2.599999999999909,4.955438932879449
stage2_B,J03WOH,7.9433471999781275,2.599999999999909,4.8020533336616715
stage2_B,J03WOH,9.446697835372728,3.799999999999727,10.801451349986522
stage2_B,J03WOH,19.401805575359415,3.199999999999818,14.719502245253436
stage2_B,J03WOH,6.844548641236965,5.199999999999818,8.297164925644308
stage2_B,J03WOH,4.97074480412631,3.599999999999909,4.518656216062611
stage2_B,J03WOY,9.42084441486433,2.8000000000000003,7.656670480858173
stage2_B,J03WOY,5.369499293095607,3.799999999999997,3.672385377543047
stage2_B,J03WOY,8.040803256976403,3.0,5.046037894053542
stage2_B,J03WOY,6.023735463610819,2.8000000000000114,4.228633305381962
stage2_B,J03WOY,18.663263215374535,6.0,21.399868083518683
stage2_B,J03WOY,8.8515631324506,3.0,7.8080622436447875
stage2_B,J03WOY,10.569808635847396,6.0,15.90543710797499
stage2_B,J03WOY,6.9969889274785295,4.199999999999989,6.188552654759146
stage2_B,J03WOY,11.036926221972198,3.0,8.256074941585162
stage2_B,J03WOY,4.3987281056475,2.6000000000000227,5.062698013946893
stage2_B,J03WOY,7.464451362352534,3.0,7.213988726337694
stage2_B,J03WOY,7.731551369980384,2.7999999999999545,5.87295279315532
stage2_B,J03WOY,18.44412667673721,6.0,15.498869410830906
stage2_B,J03WOY,8.497476707204738,6.0,10.928211546729232
stage2_B,J03WOY,8.593756742383015,3.599999999999909,7.7977009444914565
stage2_B,J03WOY,5.876671947031123,3.0,6.394651231292879
stage2_B,J03WOY,10.9099458252069,3.2000000000000455,6.7773621675370865
stage2_B,J03WOY,22.437263494699614,6.0,10.737977114715983
stage2_B,J03WOY,18.63988071898887,3.7999999999999545,15.726071044302433
stage2_B,J03WOY,13.753485429072276,4.0,9.91709485743933
stage2_B,J03WOY,5.090942614531184,3.2000000000000455,1.8444095903954638
stage2_B,J03WOY,11.447580107935059,4.0,8.177635169777616
stage2_B,J03WOY,12.47450024644499,4.0,6.67805413659269
stage2_B,J03WOY,4.000882888953417,2.6000000000001364,3.0847638930873056
stage2_B,J03WOY,10.16655893571838,8.399999999999864,8.458000802438946
stage2_B,J03WOY,15.896812464572317,4.399999999999864,10.450087111943677
stage2_B,J03WOY,9.894754418468505,3.0,6.594955639202877
stage2_B,J03WOY,6.71362976594824,6.0,9.649239862101277
stage2_B,J03WOY,7.9812546551077626,6.0,4.839449407637197
stage2_B,J03WOY,10.140929924091001,3.3999999999998636,11.636118010468323
stage2_B,J03WOY,16.783839914395834,6.199999999999818,21.672513611187284
stage2_B,J03WOY,11.305467657505993,4.200000000000273,13.551857460325719
stage2_B,J03WOY,9.600712409585121,2.599999999999909,7.228859813818183
stage2_B,J03WOY,12.223778526094495,4.199999999999818,6.58529049193843
stage2_B,J03WOY,6.86591305534057,2.599999999999909,4.705872739181442
stage2_B,J03WOY,9.11274465355033,6.0,8.167122256450067
stage2_B,J03WOY,13.869883960944861,4.400000000000091,17.959717949475092
stage2_B,J03WOY,8.745353096825024,6.0,16.772864881854034
stage2_B,J03WOY,4.904515644298672,4.599999999999909,5.213036597106476
stage2_B,J03WOY,10.525685001168345,3.799999999999727,11.765610421017499
stage2_B,J03WOY,8.398048938539983,3.0,10.490678289785443
stage2_B,J03WOY,6.58960641286625,6.0,16.911783902187835
stage2_B,J03WOY,7.8312182879555134,2.599999999999909,5.62513237468283
stage2_B,J03WOY,7.142224933526818,2.599999999999909,5.123754146088918
stage2_B,J03WOY,9.690046297099308,2.5999999999999996,12.410648696790513
stage2_B,J03WOY,15.40409463482858,3.5999999999999943,15.492064312851443
stage2_B,J03WOY,7.186072196605089,6.0,8.351478830063295
stage2_B,J03WOY,4.501113960623753,3.0,4.905406969314358
stage2_B,J03WOY,4.91137240095913,3.599999999999966,9.885944080676174
stage2_B,J03WOY,12.022362840833857,5.399999999999977,12.012037616214009
stage2_B,J03WOY,8.152573901135373,2.8000000000000114,5.685405538654388
stage2_B,J03WOY,10.295330410385873,6.0,6.83481631722217
stage2_B,J03WOY,20.492727382206745,6.0,15.75584633322839
stage2_B,J03WOY,12.629570172466282,4.2000000000000455,8.929705712654055
stage2_B,J03WOY,10.177659928454972,4.0,9.142799330305365
stage2_B,J03WOY,14.685528749760255,6.0,17.021973080264186
stage2_B,J03WOY,25.696651443486516,6.600000000000023,18.569571428087972
stage2_B,J03WOY,7.331575324945727,3.2000000000000455,3.4597022655511975
stage2_B,J03WOY,8.485304424563418,3.199999999999932,6.587537803355112
stage2_B,J03WOY,10.386509208267801,4.399999999999977,9.618886399532087
stage2_B,J03WOY,17.6645888116095,5.7999999999999545,11.372585609690203
stage2_B,J03WOY,8.561834427097853,3.199999999999818,10.875823660323913
stage2_B,J03WOY,17.55987034677547,6.0,16.027737928924314
stage2_B,J03WOY,14.863749921871648,6.0,7.036769518558421
stage2_B,J03WOY,7.721331052314065,5.0,6.599338413116911
stage2_B,J03WOY,4.238789589419942,3.400000000000091,8.577478000568773
stage2_B,J03WOY,9.137084426544462,3.6000000000001364,7.900547322513514
stage2_B,J03WOY,10.452410979705807,3.2000000000000455,12.021095229196115
stage2_B,J03WOY,14.634022502812673,3.7999999999999545,12.877763389814506
stage2_B,J03WOY,4.655878738838687,2.7999999999999545,6.942508667402393
stage2_B,J03WOY,17.547842834197603,4.7999999999999545,20.75144586765196
stage2_B,J03WOY,9.618740662610463,3.3999999999998636,13.868891446088837
stage2_B,J03WOY,13.500139898046797,6.0,14.224308258273098
stage2_B,J03WOY,13.052261895524492,6.0,7.3748630144848875
stage2_B,J03WOY,3.9974898468744122,4.2000000000000455,10.793898479513512
stage2_B,J03WOY,21.22545111586974,4.600000000000364,14.859470107766512
stage2_B,J03WOY,37.6191277835502,8.600000000000364,27.839888982882805
stage2_B,J03WOY,14.644829330306724,4.599999999999909,10.134104630473614
stage2_B,J03WOY,9.115664330540827,2.599999999999909,7.127400056544625
stage2_B,J03WOY,9.19766298038678,6.0,5.875569490422832
stage2_B,J03WOY,9.074593128720906,5.799999999999727,15.6904126045088
stage2_B,J03WOY,7.017331414456384,3.799999999999727,9.034407553463378
stage2_B,J03WOY,9.881212940830604,4.0,7.771830964263152
stage2_B,J03WOY,17.030273420809458,5.400000000000091,13.973190181299366
stage2_B,J03WOY,7.802864306788921,6.0,9.937296995410286
stage2_B,J03WOY,4.190163864844036,2.599999999999909,5.004947977050204
stage2_B,J03WOY,6.8068735565967735,2.599999999999909,4.370328323760589
stage2_B,J03WOY,15.492765042469562,6.0,23.73890418911907
stage2_B,J03WQQ,37.88458423308117,7.599999999999994,22.397508868625522
stage2_B,J03WQQ,7.958618746040097,3.4000000000000057,6.587627829910821
stage2_B,J03WQQ,6.6675085077322755,2.8000000000000114,5.852230599242378
stage2_B,J03WQQ,6.037782558208008,6.0,8.770848050138959
stage2_B,J03WQQ,13.087757881884055,3.7999999999999545,9.837413604633767
stage2_B,J03WQQ,6.78731290295981,4.0,4.7443664124891844
stage2_B,J03WQQ,4.7455609773990615,2.599999999999909,1.6200983830824918
stage2_B,J03WQQ,4.284772071334645,2.6000000000000227,5.752455049965804
stage2_B,J03WQQ,21.725846927194212,4.599999999999909,16.71538875079602
stage2_B,J03WQQ,5.9368426816135464,2.6000000000000227,4.372811414914083
stage2_B,J03WQQ,10.727434836941715,5.0,10.885820357679355
stage2_B,J03WQQ,11.91408928048758,2.7999999999999545,7.583288113985324
stage2_B,J03WQQ,14.794964656424277,3.599999999999909,10.395388073361694
stage2_B,J03WQQ,7.937145377527427,3.0,7.056423259016141
stage2_B,J03WQQ,7.086197585878909,2.6000000000001364,6.414970722553722
stage2_B,J03WQQ,5.095897237083138,3.2000000000000455,6.015363113917211
stage2_B,J03WQQ,4.7205281916992,2.7999999999999545,3.6722660480165272
stage2_B,J03WQQ,10.337248705406365,2.599999999999909,6.313771012345228
stage2_B,J03WQQ,15.142586019370896,6.0,9.919575014345858
stage2_B,J03WQQ,18.10110732208097,6.0,13.436009830172107
stage2_B,J03WQQ,9.317458635020834,3.2000000000000455,7.783069040127996
stage2_B,J03WQQ,14.550476672884567,5.0,13.714305056034368
stage2_B,J03WQQ,9.009227140367292,3.599999999999909,9.513124814690823
stage2_B,J03WQQ,5.037432171635018,2.599999999999909,4.2108952621717
stage2_B,J03WQQ,3.0704569887530315,2.599999999999909,3.263816749217756
stage2_B,J03WQQ,3.3160659376002846,4.399999999999864,4.553499373601969
stage2_B,J03WQQ,7.51643847064319,3.599999999999909,7.934088331365207
stage2_B,J03WQQ,39.17464105457645,13.600000000000136,23.62735633254536
stage2_B,J03WQQ,5.705480125690874,2.6000000000001364,5.475092435677624
stage2_B,J03WQQ,7.5429101833189245,2.7999999999999545,7.133092525507234
stage2_B,J03WQQ,8.232444302824176,3.6000000000001364,8.76404184053754
stage2_B,J03WQQ,8.22477030132831,2.799999999999727,6.658389818913294
stage2_B,J03WQQ,8.461790087989048,6.0,13.917075271881483
stage2_B,J03WQQ,9.37802447769375,3.600000000000364,10.972268452211985
stage2_B,J03WQQ,4.333741205268204,3.800000000000182,7.897673341460646
stage2_B,J03WQQ,12.902971867197781,3.0,13.906598363351298
stage2_B,J03WQQ,15.328109569009928,4.800000000000182,15.383018574436575
stage2_B,J03WQQ,7.654666137311649,2.799999999999727,9.137699735163764
stage2_B,J03WQQ,14.159349866247847,6.0,11.326479464035344
stage2_B,J03WQQ,6.009070063508295,3.0,5.167383806297586
stage2_B,J03WQQ,6.9649151906795534,2.6000000000000005,5.310442572116324
stage2_B,J03WQQ,12.029358876885352,6.0,9.873388790860513
stage2_B,J03WQQ,28.24010319786084,5.400000000000006,17.50147375822506
stage2_B,J03WQQ,13.525307034220466,4.199999999999989,18.13812326478677
stage2_B,J03WQQ,10.834497222824295,4.2000000000000455,9.597490522141772
stage2_B,J03WQQ,4.4841795660394315,4.7999999999999545,7.865733591500978
stage2_B,J03WQQ,5.669914379607998,2.8000000000000114,6.913694208672917
stage2_B,J03WQQ,6.56957226152382,3.1999999999999886,3.787647387758513
stage2_B,J03WQQ,7.980051833899944,3.8000000000000114,11.105245626459967
stage2_B,J03WQQ,7.737767071155346,2.8000000000000114,10.38969806632175
stage2_B,J03WQQ,8.514499448453748,6.0,9.189868894258623
stage2_B,J03WQQ,10.116394831694457,4.2000000000000455,9.403347689721075
stage2_B,J03WQQ,9.285310220304344,3.800000000000068,10.188489650818553
stage2_B,J03WQQ,3.6874602056857597,3.0,2.912659136859006
stage2_B,J03WQQ,14.588533302926674,4.2000000000000455,16.034945198884422
stage2_B,J03WQQ,12.278619629258005,3.6000000000000227,6.488887682130968
stage2_B,J03WQQ,7.373960943753139,2.7999999999999545,5.403918077828677
stage2_B,J03WQQ,16.494353579331108,4.0,14.463550909507145
stage2_B,J03WQQ,8.329045563568187,3.3999999999998636,7.827218889665329
stage2_B,J03WQQ,15.290284497026208,4.400000000000091,9.823367474785957
stage2_B,J03WQQ,8.578169968005996,3.0,6.643313461600266
stage2_B,J03WQQ,10.000004999998755,3.599999999999909,8.273190544169752
stage2_B,J03WQQ,3.950658173013768,3.0,5.909664854400993
stage2_B,J03WQQ,9.130744766995074,3.800000000000182,7.759118556003879
stage2_B,J03WQQ,6.876401675295254,6.0,7.437976364372872
stage2_B,J03WQQ,9.57548954362174,3.0,12.378568577661047
stage2_B,J03WQQ,8.74547311470334,2.7999999999999545,5.2411060131376015
stage2_B,J03WQQ,22.520035523949897,5.7999999999999545,15.06378729674466
stage2_B,J03WQQ,11.394568881708796,3.0,14.20376274668771
stage2_B,J03WQQ,6.397655820689323,2.599999999999909,7.5974102240905985
stage2_B,J03WQQ,10.76987000850035,4.399999999999864,8.8766614932482
stage2_B,J03WQQ,21.899004543587125,4.800000000000182,18.075948246376047
stage2_B,J03WQQ,8.304149565128442,2.800000000000182,7.773957576534022
stage2_B,J03WQQ,6.6368215284132885,6.0,6.144980155277174
stage2_B,J03WQQ,8.839711533754931,6.0,7.889577319540178
stage2_B,J03WQQ,6.008901729934917,3.600000000000364,5.485400300001515
stage2_B,J03WQQ,3.82388545853559,3.0,3.6858283930270606
stage2_B,J03WQQ,24.589042274964676,6.199999999999818,14.722535915506676
stage2_B,J03WQQ,8.775477195003088,4.0,15.544495324643385
stage2_B,J03WQQ,24.108606347112936,8.400000000000091,16.831201628985255
stage2_B,J03WQQ,9.024965373894794,5.0,8.41299075553416
stage2_B,J03WQQ,6.396256717798863,5.400000000000091,11.635092210907526
stage2_B,J03WQQ,7.368921223625614,2.599999999999909,9.06342713535077
stage2_B,J03WQQ,13.054386236049345,2.799999999999727,10.360815010582858
stage2_B,J03WQQ,8.319260784469652,3.400000000000091,15.18458868484293
stage2_B,J03WR9,14.335764534043916,4.2,15.63207977527819
stage2_B,J03WR9,22.026601667230608,5.000000000000002,17.36965930829368
stage2_B,J03WR9,10.149240355250448,5.600000000000001,11.281953212331665
stage2_B,J03WR9,7.661866729860335,6.0,8.178327857533446
stage2_B,J03WR9,8.433909221141054,2.6000000000000227,4.711535953711579
stage2_B,J03WR9,9.883465491935656,4.399999999999977,10.639035765025042
stage2_B,J03WR9,5.576156845905164,2.5999999999999943,6.384316313114093
stage2_B,J03WR9,17.782757061349642,6.0,17.57861942225709
stage2_B,J03WR9,4.737226034274213,3.1999999999999886,3.3082256246289816
stage2_B,J03WR9,12.083411335907474,3.4000000000000057,8.037486649918254
stage2_B,J03WR9,7.1894522699751064,2.599999999999966,4.74620244971731
stage2_B,J03WR9,7.332899160019899,2.8000000000000114,6.854539332412324
stage2_B,J03WR9,7.717478174640434,2.8000000000000114,3.39874785443861
stage2_B,J03WR9,8.755670351914443,3.400000000000034,6.827917283908201
stage2_B,J03WR9,5.623133682955373,5.800000000000011,3.3888444883815216
stage2_B,J03WR9,11.013348376502101,5.399999999999977,10.725813585304262
stage2_B,J03WR9,8.647226161326675,5.2000000000000455,18.47653778881103
stage2_B,J03WR9,7.8921150656146715,5.199999999999932,6.560873159406274
stage2_B,J03WR9,6.625598749111602,2.599999999999909,3.6376708620242684
stage2_B,J03WR9,7.791766503853814,2.6000000000000227,8.6556997563827
stage2_B,J03WR9,14.369353561778611,3.0,11.054328410025459
stage2_B,J03WR9,8.380945656705851,3.3999999999999773,6.078233858174631
stage2_B,J03WR9,10.883091809557637,3.400000000000091,11.633051035474857
stage2_B,J03WR9,5.479720451600901,2.599999999999909,6.359348143619309
stage2_B,J03WR9,14.391744883033438,5.400000000000091,16.90129732746706
stage2_B,J03WR9,9.004354613734979,3.2000000000000455,9.309944924833664
stage2_B,J03WR9,9.703083372419643,4.400000000000091,8.342686742352651
stage2_B,J03WR9,8.662778797267698,6.0,10.040280928984004
stage2_B,J03WR9,4.426796227380486,3.400000000000091,6.9405076414600035
stage2_B,J03WR9,7.576749295899922,3.2000000000000455,8.515877462514997
stage2_B,J03WR9,9.004643182976535,3.2000000000000455,9.055505463042802
stage2_B,J03WR9,8.897445070578925,4.600000000000136,8.328725515948342
stage2_B,J03WR9,13.64079756293881,5.0,13.131153848404718
stage2_B,J03WR9,11.369668840164419,6.0,10.967768130578818
stage2_B,J03WR9,26.11271425621584,6.400000000000091,19.213376068642575
stage2_B,J03WR9,21.876865504899527,3.799999999999727,13.776341552067844
stage2_B,J03WR9,13.487102115653343,4.399999999999636,9.572648840803362
stage2_B,J03WR9,6.641851269261048,3.400000000000091,8.881689840289882
stage2_B,J03WR9,6.566085347119087,3.0,9.725953759991834
stage2_B,J03WR9,4.017324630614279,4.0,5.187865162048247
stage2_B,J03WR9,10.286227637876781,3.200000000000273,8.311461096132039
stage2_B,J03WR9,21.760715594795347,4.599999999999909,12.435891801734382
stage2_B,J03WR9,7.501643936300796,6.0,5.078655992751443
stage2_B,J03WR9,7.1126771076320505,6.0,10.899369811067363
stage2_B,J03WR9,7.3059017239489314,6.0,6.731591449297853
stage2_B,J03WR9,12.234941765288463,6.0,10.500756265205885
stage2_B,J03WR9,8.66157606905348,3.799999999999997,16.106655706094863
stage2_B,J03WR9,7.207364289391786,2.5999999999999943,9.015909034467743
stage2_B,J03WR9,8.32598943069234,6.0,10.5490910917515
stage2_B,J03WR9,11.507189057280709,6.0,11.962208495383512
stage2_B,J03WR9,10.294857939767832,5.599999999999966,18.483731634612266
stage2_B,J03WR9,5.0505643249049506,2.800000000000068,8.495835180728967
stage2_B,J03WR9,12.921950317192827,6.0,18.109938778902446
stage2_B,J03WR9,16.600192769965055,6.0,18.09000793485069
stage2_B,J03WR9,10.57783531730382,4.400000000000091,6.516771058034132
stage2_B,J03WR9,4.892862148068345,4.0,6.326283875843527
stage2_B,J03WR9,4.136967488391103,2.6000000000001364,5.5371284001544545
stage2_B,J03WR9,11.460794038809004,5.0,19.25873878579937
stage2_B,J03WR9,7.349136003639845,2.599999999999909,5.368185897994348
stage2_B,J03WR9,14.71674216666175,6.0,12.11504947564435
stage2_B,J03WR9,17.884619090157845,4.400000000000091,12.13292840831939
stage2_B,J03WR9,7.637047858957021,6.0,11.708095906883218
stage2_B,J03WR9,10.79082943985381,6.0,12.280365757296462
stage2_B,J03WR9,20.036179775595944,6.0,15.054347245742662
stage2_B,J03WR9,10.542736836324806,3.2000000000000455,14.88998096914075
stage2_B,J03WR9,11.5617386235808,3.799999999999727,14.161677356572591
stage2_B,J03WR9,17.130105078488167,6.0,11.735136938509244
stage2_B,J03WR9,9.033825324857355,2.800000000000182,9.539415611421063
stage2_B,J03WR9,12.365055600360959,6.0,8.276261448488437
stage2_B,J03WR9,12.251224428603052,5.800000000000182,8.96937718226722
stage2_B,J03WR9,12.495775286071453,4.0,8.783655047880764
stage2_B,J03WR9,7.300746537170015,6.0,9.4523046911261
stage2_B,J03WR9,7.282341656364154,2.599999999999909,7.692051387887525
stage2_B,J03WR9,6.483085685073262,5.199999999999818,4.268057435384812
stage2_B,J03WR9,10.59393222557139,6.0,16.525432163641632
