method,held,real_med_disp,flight_s,recon_med_disp
OLD,Sample_Game_1,23.53826697356149,4.199999999999996,10.2442273019266
OLD,Sample_Game_1,7.049903696665439,2.6000000000000227,5.373336285754114
OLD,Sample_Game_1,11.45500911020467,6.0,6.515661355558731
OLD,Sample_Game_1,7.031447225914726,2.8000000000000114,11.78973964165986
OLD,Sample_Game_1,5.355965979053622,6.0,1.585420191565555
OLD,Sample_Game_1,11.683364653676264,3.8000000000000114,12.044253279111398
OLD,Sample_Game_1,6.640505908448861,6.0,2.5649783386889107
OLD,Sample_Game_1,5.317803144827266,4.2000000000000455,14.037148948427122
OLD,Sample_Game_1,20.63245224397057,5.399999999999977,22.75474377196985
OLD,Sample_Game_1,34.055491974058114,6.399999999999977,14.169045688674524
OLD,Sample_Game_1,6.478681863224381,6.0,2.9087967890602653
OLD,Sample_Game_1,5.406695786324335,3.2000000000000455,13.872431566592706
OLD,Sample_Game_1,11.00173113427082,6.0,3.749500640519159
OLD,Sample_Game_1,8.508565398304611,2.6000000000000227,9.694321463431777
OLD,Sample_Game_1,9.500059669344967,3.0,8.18228548374853
OLD,Sample_Game_1,6.484175323957307,2.7999999999999545,11.646025418192504
OLD,Sample_Game_1,3.9818558382932654,6.0,1.7688019395101333
OLD,Sample_Game_1,7.391094420825013,3.6000000000000227,14.49880053257856
OLD,Sample_Game_1,10.258966717692907,3.3999999999998636,14.307630088069047
OLD,Sample_Game_1,5.880744391937213,2.7999999999999545,7.729807537145073
OLD,Sample_Game_1,10.240937146032746,4.399999999999864,18.122680489212698
OLD,Sample_Game_1,6.07380310319582,6.0,4.0010227169293255
OLD,Sample_Game_1,5.525670679289977,2.7999999999999545,8.119644458876174
OLD,Sample_Game_1,4.1066567476591604,6.0,4.089479662269802
OLD,Sample_Game_1,6.708047637944165,3.0,14.846164249369522
OLD,Sample_Game_1,6.5294161145434675,2.6000000000001364,10.191450052364571
OLD,Sample_Game_1,6.490423130102079,6.0,2.6317904961775325
OLD,Sample_Game_1,10.065749645513971,5.0,14.569388563351984
OLD,Sample_Game_1,10.154012171400385,2.7999999999999545,8.18694084008446
OLD,Sample_Game_1,14.572785752717625,5.2000000000000455,13.49517286402806
OLD,Sample_Game_1,7.301046518262167,2.7999999999999545,13.383673925703562
OLD,Sample_Game_1,3.545002240360583,2.599999999999909,11.774572981787202
OLD,Sample_Game_1,22.381386482314454,5.2000000000000455,13.091890863890821
OLD,Sample_Game_1,11.41937225038657,6.0,5.485808507124676
OLD,Sample_Game_1,7.182602391123903,3.0,7.819279289065861
OLD,Sample_Game_1,10.101398413477032,3.799999999999727,14.131267314553156
OLD,Sample_Game_1,12.448679240682349,3.0,9.638560577957099
OLD,Sample_Game_1,6.990738622575469,6.0,2.9600194875995
OLD,Sample_Game_1,7.048367703420063,3.599999999999909,13.867316641554002
OLD,Sample_Game_1,10.228871141698047,2.800000000000182,11.502272495740979
OLD,Sample_Game_1,9.213023130836326,6.0,2.5945819515253548
OLD,Sample_Game_1,10.812851995606339,3.599999999999909,12.941648110195967
OLD,Sample_Game_1,22.686261961305124,7.199999999999818,17.16514288269336
OLD,Sample_Game_1,8.451828147514611,3.599999999999909,14.449878695117253
OLD,Sample_Game_1,22.626384234095756,6.600000000000364,13.326516479837409
OLD,Sample_Game_1,4.428111464052483,6.0,1.9351945779290438
OLD,Sample_Game_1,13.74143730231414,3.799999999996544,15.376781722808925
OLD,Sample_Game_1,4.538052874267189,2.9999999999972715,9.372461030226674
OLD,Sample_Game_1,9.481589324926757,6.0,5.017768384478852
OLD,Sample_Game_1,10.923814595456108,6.0,21.320194322564838
OLD,Sample_Game_1,6.840434693054403,2.9999999999972715,13.795328119477725
OLD,Sample_Game_1,6.518010875763573,3.599999999996726,12.904903998911585
OLD,Sample_Game_1,11.912525545626604,6.0,7.242199617874885
OLD,Sample_Game_1,9.631822891664982,5.999999999994543,14.636607032643864
OLD,Sample_Game_1,27.711225045162816,5.799999999994725,11.296526840573254
OLD,Sample_Game_1,7.614193721606352,2.5999999999976353,9.25436337901463
OLD,Sample_Game_1,10.035060235825728,6.0,6.308032284938768
OLD,Sample_Game_1,7.060692248761512,3.1999999999970896,8.992486278997166
OLD,Sample_Game_1,5.918484715250138,2.7999999999974534,11.714514517267428
OLD,Sample_Game_1,6.219767615758608,2.7999999999974534,7.641466005788386
OLD,Sample_Game_1,13.954957103320183,6.0,13.982573414659038
OLD,Sample_Game_1,7.588935333845024,6.0,2.225543189010227
OLD,Sample_Game_1,14.30402420567233,6.0,19.930113873480604
OLD,Sample_Game_1,12.356759183181211,3.3999999999969077,10.058015841949587
OLD,Sample_Game_1,13.622325770207613,6.0,7.641477824776425
OLD,Sample_Game_1,8.161207188750684,6.0,7.422228934701943
OLD,Sample_Game_1,4.429026639840979,3.3999999999969077,8.4367499595968
OLD,Sample_Game_1,7.254482042695811,6.0,5.040446799513356
OLD,Sample_Game_1,13.779810491600845,2.7999999999974534,12.62104148561644
OLD,Sample_Game_1,8.954630798663665,2.7999999999974534,9.07872732801065
OLD,Sample_Game_1,25.950946554585542,6.799999999993815,16.094640636383925
OLD,Sample_Game_1,6.247398855362115,2.599999999996726,8.390163506959807
OLD,Sample_Game_1,15.052804293092738,6.0,10.67689053677563
OLD,Sample_Game_1,17.64356160237321,3.999999999996362,18.77861473514641
OLD,Sample_Game_1,21.97703995729482,5.599999999994907,11.659869118974937
OLD,Sample_Game_1,5.915488795316396,3.599999999996726,8.536366703863433
OLD,Sample_Game_1,2.6149793866171462,3.7999999999974534,5.409040781245716
OLD,Sample_Game_1,8.255472249098286,3.1999999999970896,14.351865988894186
OLD,Sample_Game_1,12.199374195533721,6.0,7.924802453125849
OLD,Sample_Game_1,3.7237088481848786,3.599999999996726,12.075495963418938
OLD,Sample_Game_1,11.049943950559062,4.399999999995998,11.858000766612193
OLD,Sample_Game_1,5.295661720084402,5.999999999994543,9.851993132777345
OLD,Sample_Game_1,7.581556090089216,4.999999999994543,16.67618907827263
OLD,Sample_Game_1,27.302447397947198,5.399999999994179,9.266740979522066
OLD,Sample_Game_1,6.24335456880582,3.999999999996362,9.027749599165755
OLD,Sample_Game_1,7.048708480773619,2.7999999999974534,11.541376373199345
OLD,Sample_Game_1,4.055397238833798,2.599999999998545,12.446828024025642
OLD,Sample_Game_1,4.356184024805382,2.599999999996726,9.751112059963397
OLD,Sample_Game_1,2.368837907089131,4.399999999995998,3.693426818363694
OLD,Sample_Game_1,5.519524542841276,6.0,8.19506685533862
OLD,Sample_Game_1,20.50789712230222,5.399999999995998,11.806830049502084
OLD,Sample_Game_1,10.938411282670577,3.599999999996726,11.256997398308613
OLD,Sample_Game_1,7.747187069037207,2.599999999996726,11.10505236108709
OLD,Sample_Game_1,8.90555554974684,6.0,7.834479486100003
OLD,Sample_Game_1,3.514471755579569,5.199999999995271,9.425150603874844
OLD,Sample_Game_1,23.83565884892096,4.799999999995634,16.998990681452334
OLD,Sample_Game_2,6.244908832221478,2.8000000000000043,12.05044595102611
OLD,Sample_Game_2,7.363517652805337,3.6000000000000085,11.867752474654111
OLD,Sample_Game_2,10.199429499563855,3.200000000000003,11.980923777159376
OLD,Sample_Game_2,5.263571279324251,3.200000000000017,12.4403135230116
OLD,Sample_Game_2,4.496065749443428,6.0,3.871358147250157
OLD,Sample_Game_2,6.784607259295374,3.0,7.612963155568047
OLD,Sample_Game_2,10.060803318119959,3.6000000000000227,10.618575000520263
OLD,Sample_Game_2,8.624789348637865,2.6000000000000227,9.937483113250792
OLD,Sample_Game_2,5.474208820241411,2.599999999999909,11.309919367708044
OLD,Sample_Game_2,7.7727831736587945,3.0,9.720312024321894
OLD,Sample_Game_2,9.164819793983328,3.199999999999932,11.622588157455002
OLD,Sample_Game_2,8.739585514173083,3.0,13.610461992534276
OLD,Sample_Game_2,9.572501022660036,3.7999999999999545,11.127085181530195
OLD,Sample_Game_2,6.321723833147275,4.0,11.654796637945008
OLD,Sample_Game_2,8.782721560247115,6.0,18.315588223025706
OLD,Sample_Game_2,16.270027142116827,8.0,12.835873893660871
OLD,Sample_Game_2,17.128500864135205,5.7999999999999545,12.81617277597789
OLD,Sample_Game_2,10.500508343595524,2.800000000000182,9.18328954385375
OLD,Sample_Game_2,11.861668972136854,5.0,26.030435400218924
OLD,Sample_Game_2,9.935140904657725,3.7999999999999545,13.093463745063893
OLD,Sample_Game_2,10.13826307773271,6.0,9.41620672826697
OLD,Sample_Game_2,22.778347720266964,6.0,23.096767085833054
OLD,Sample_Game_2,13.554158921745376,6.0,4.902510605491914
OLD,Sample_Game_2,4.920417008479731,3.599999999999909,15.249397472272804
OLD,Sample_Game_2,5.7581217965964715,2.7999999999999545,7.677294913894279
OLD,Sample_Game_2,7.342967937040426,2.599999999999909,10.269880659574362
OLD,Sample_Game_2,26.566300350044422,5.7999999999999545,10.71053254693296
OLD,Sample_Game_2,9.66663552171002,4.0,18.094793946046117
OLD,Sample_Game_2,5.304817442402883,3.0,13.111732954782816
OLD,Sample_Game_2,7.757569474705937,2.800000000000182,13.609164330532458
OLD,Sample_Game_2,7.567997251275333,6.0,4.80459650203999
OLD,Sample_Game_2,4.162519034280405,2.599999999999909,11.303303440321198
OLD,Sample_Game_2,12.285152492179986,5.199999999995271,14.041793886008332
OLD,Sample_Game_2,22.34283660061609,6.0,15.831269546490867
OLD,Sample_Game_2,5.230070326280732,3.1999999999970896,7.975073042737113
OLD,Sample_Game_2,7.331561166926316,6.0,2.5223184517654857
OLD,Sample_Game_2,4.782549539227371,6.0,4.318236759932876
OLD,Sample_Game_2,17.822760799561273,6.0,3.051727006737403
OLD,Sample_Game_2,16.396916104579432,6.0,4.687782570854978
OLD,Sample_Game_2,13.980608111138164,5.999999999994543,17.418520866860476
OLD,Sample_Game_2,6.613072054234611,3.1999999999970896,13.377328050965065
OLD,Sample_Game_2,8.234544032853643,6.0,10.882815105946154
OLD,Sample_Game_2,16.777467522559753,6.0,7.0168685772548995
OLD,Sample_Game_2,5.559724685229645,5.799999999994725,20.668568541811695
OLD,Sample_Game_2,7.575699394336301,2.9999999999972715,12.097085270758855
OLD,Sample_Game_2,9.871359512514596,6.0,6.204666175682741
OLD,Sample_Game_2,5.226824075920467,6.0,3.3858703107907173
OLD,Sample_Game_2,10.674131899271966,5.799999999994725,12.310758693536274
OLD,Sample_Game_2,2.999757189694174,2.5999999999976353,6.960099994692954
OLD,Sample_Game_2,10.521548259064218,6.0,16.309688631293877
OLD,Sample_Game_2,5.35765582434334,2.5999999999976353,9.88811659748648
OLD,Sample_Game_2,8.124151404263474,3.1999999999970896,9.697475127762928
OLD,Sample_Game_2,7.15759232367826,5.399999999995089,11.542069434763865
OLD,Sample_Game_2,8.101930881200708,3.1999999999970896,15.815183776597259
OLD,Sample_Game_2,11.580822937646015,6.0,5.224609909511347
OLD,Sample_Game_2,6.541120624285961,6.0,4.461051928001465
OLD,Sample_Game_2,20.716255093453825,4.599999999995816,17.16516775761675
OLD,Sample_Game_2,6.628203858786636,3.799999999996544,9.997894673555447
OLD,Sample_Game_2,8.202560750361087,3.599999999996726,6.541065565251547
OLD,Sample_Game_2,4.473683695156967,6.0,1.5115273843827541
OLD,Sample_Game_2,7.184966553321878,4.599999999995816,16.130088733608957
OLD,Sample_Game_2,5.05414959667117,6.0,12.849250212698406
OLD,Sample_Game_2,5.197042418788846,2.5999999999976353,7.303234222987347
OLD,Sample_Game_2,12.545243971839028,4.19999999999618,12.93612675979631
OLD,Sample_Game_2,28.101831995422437,5.399999999995089,9.426990351886772
OLD,Sample_Game_2,21.19130811251864,6.0,16.598166853523814
OLD,Sample_Game_2,8.449542524266112,5.999999999994543,10.344404997000913
OLD,Sample_Game_2,10.294604779727209,4.19999999999618,11.357316717256495
OLD,Sample_Game_2,5.353872730904429,6.0,2.044483261555677
OLD,Sample_Game_2,2.5405702314358938,3.599999999996726,12.680114697863047
OLD,Sample_Game_2,6.995970060955379,3.1999999999970896,14.780922049338578
OLD,Sample_Game_3,11.66133251077638,6.0,8.826903570904623
OLD,Sample_Game_3,16.03653070304081,4.399999999999977,16.904640028305526
OLD,Sample_Game_3,17.747560518758853,5.999999999999972,16.14069541223744
OLD,Sample_Game_3,7.367447798601927,4.399999999999977,8.103282714147488
OLD,Sample_Game_3,14.223892684801921,6.0,11.288634565327158
OLD,Sample_Game_3,6.96639066713481,2.599999999999966,7.66536573780968
OLD,Sample_Game_3,9.281612184702817,5.399999999999977,8.830570372000864
OLD,Sample_Game_3,13.007939019710356,6.0,6.2483977190405255
OLD,Sample_Game_3,7.992677876876781,3.0,12.384203352559066
OLD,Sample_Game_3,15.18336132990698,6.0,5.879381071958033
OLD,Sample_Game_3,12.78600776664436,5.399999999999977,11.54672706782026
OLD,Sample_Game_3,8.050776009636875,3.599999999999909,11.164733857201488
OLD,Sample_Game_3,6.691080463152527,2.6000000000000227,10.710485228241584
OLD,Sample_Game_3,13.618930827546738,6.0,10.223040289270493
OLD,Sample_Game_3,7.7169833683720395,3.199999999999932,7.931711981668512
OLD,Sample_Game_3,11.890620007692863,3.7999999999999545,13.03502347149287
OLD,Sample_Game_3,9.758358311025518,4.600000000000023,10.219953852986922
OLD,Sample_Game_3,7.169798099650663,3.6000000000000227,11.370915404108988
OLD,Sample_Game_3,5.2030437642601886,3.800000000000068,9.056594970613283
OLD,Sample_Game_3,12.383053134038459,4.199999999999932,12.274010851282075
OLD,Sample_Game_3,6.183178416593705,4.199999999999932,12.110686488443651
OLD,Sample_Game_3,7.837389709300439,3.2000000000000455,10.20293258420364
OLD,Sample_Game_3,4.6661455798353115,3.6000000000000227,9.745766287220789
OLD,Sample_Game_3,9.205179226167878,3.0,11.548747612140286
OLD,Sample_Game_3,15.331740675047717,5.800000000000182,22.807378652514657
OLD,Sample_Game_3,11.383106975985761,3.2000000000000455,8.047834339353185
OLD,Sample_Game_3,14.053141355883703,5.599999999999909,17.75662736012763
OLD,Sample_Game_3,10.98274201901668,3.400000000000091,10.586458896080678
OLD,Sample_Game_3,4.167331342183537,3.2000000000000455,9.525006742722443
OLD,Sample_Game_3,9.909581735337417,6.0,12.594473492101187
OLD,Sample_Game_3,9.504880693017812,3.7999999999999545,8.843434177324228
OLD,Sample_Game_3,16.46356869987151,6.0,7.716349748094391
OLD,Sample_Game_3,10.907650654153755,6.0,18.46602424996394
OLD,Sample_Game_3,10.41753788522865,6.0,7.191333904975387
OLD,Sample_Game_3,9.666636613485693,3.2000000000000455,8.660035944977555
OLD,Sample_Game_3,8.523397432802552,3.400000000000091,10.85509181114227
OLD,Sample_Game_3,6.482393828576207,2.7999999999999545,7.433044075851668
OLD,Sample_Game_3,6.188330785632328,2.599999999999909,12.595174698406803
OLD,Sample_Game_3,8.392584099767053,6.0,11.397694351291605
OLD,Sample_Game_3,12.028598088646923,6.0,4.1073591856920135
OLD,Sample_Game_3,14.5674333779838,5.0,8.947333863415352
OLD,Sample_Game_3,8.026257154649063,6.0,3.8216189551608926
OLD,Sample_Game_3,11.242704874353578,5.399999999999864,11.464580496456872
OLD,Sample_Game_3,8.696561053437028,4.0,9.297596038866175
OLD,Sample_Game_3,17.54063646256424,6.0,2.711939444433746
OLD,Sample_Game_3,8.845487329602808,5.199999999999818,15.364549431619473
OLD,Sample_Game_3,3.6111919915048425,2.800000000000182,11.443340910529248
OLD,Sample_Game_3,5.028952327797683,4.199999999999818,11.036128690115502
OLD,Sample_Game_3,16.439164307480446,5.199999999999818,8.29909160120112
OLD,Sample_Game_3,5.9195321017846805,2.800000000000182,10.224624227274827
OLD,Sample_Game_3,15.396930111048432,3.0,9.958187941095678
OLD,Sample_Game_3,9.780304705170671,6.0,13.51952383074627
OLD,Sample_Game_3,8.477874246894347,3.799999999999727,11.889040673274799
OLD,Sample_Game_3,9.440172275679327,4.200000000000273,10.438943218434972
OLD,Sample_Game_3,5.196211978408181,4.199999999999818,5.6986257517632115
OLD,Sample_Game_3,12.62315992517214,4.400000000000091,9.816655380317687
OLD,Sample_Game_3,13.830141890014598,5.800000000000182,11.944416147865068
OLD,Sample_Game_3,11.903223257096828,6.0,15.571961794657824
OLD,Sample_Game_3,10.115621202980677,5.599999999999994,10.678620340619021
OLD,Sample_Game_3,5.713376637677012,2.799999999999983,6.843759111905009
OLD,Sample_Game_3,12.847759694208925,6.0,6.11283183836393
OLD,Sample_Game_3,6.259036510181824,3.4000000000000057,10.009048515559927
OLD,Sample_Game_3,8.53978565740134,3.0,8.896381840739565
OLD,Sample_Game_3,13.847142911282551,6.0,3.7709146890944463
OLD,Sample_Game_3,5.403414721195887,4.199999999999989,10.170953477138116
OLD,Sample_Game_3,8.697290954864137,2.6000000000000227,10.709853811934167
OLD,Sample_Game_3,8.823290409335756,3.599999999999909,14.967035500032548
OLD,Sample_Game_3,11.170648364681226,3.199999999999932,13.421338659107334
OLD,Sample_Game_3,7.919371977637502,3.400000000000091,9.830644578459971
OLD,Sample_Game_3,17.72772044464711,4.399999999999977,7.820775405505468
OLD,Sample_Game_3,8.315505392387951,3.2000000000000455,9.569913488286295
OLD,Sample_Game_3,16.244650967618924,3.7999999999999545,7.64987733861981
OLD,Sample_Game_3,4.226788841839795,5.399999999999977,11.731701929723895
OLD,Sample_Game_3,10.488400934769643,4.199999999999932,14.00395920725165
OLD,Sample_Game_3,7.79996087013426,4.2000000000000455,12.729330540683918
OLD,Sample_Game_3,5.760108274311664,4.999999999999886,11.328580008672404
OLD,Sample_Game_3,11.70785213888027,6.0,8.387664348063169
OLD,Sample_Game_3,4.650025026474581,4.400000000000091,9.43195616948113
OLD,Sample_Game_3,11.579017903223788,2.6000000000001364,9.861780541062515
OLD,Sample_Game_3,7.483935386162388,6.0,2.566945462155492
OLD,Sample_Game_3,10.646018234911361,6.0,12.669649124476187
OLD,Sample_Game_3,9.353913079095172,4.199999999999818,7.472957992984905
OLD,Sample_Game_3,12.771180583439818,4.199999999999818,12.075771742195712
OLD,Sample_Game_3,12.930379306897569,3.599999999999909,12.348382948689656
OLD,Sample_Game_3,10.442016305905343,3.599999999999909,14.976186368331978
OLD,Sample_Game_3,4.3063618054491,6.0,2.030287456303676
OLD,Sample_Game_3,8.338323256254572,3.2000000000000455,10.148916393797577
OLD,Sample_Game_3,11.236207624609353,5.2000000000000455,18.108064535386397
OLD,Sample_Game_3,19.69980360193473,4.400000000000091,12.449034349385705
OLD,Sample_Game_3,7.545376885725576,3.0,7.3253222610171935
OLD,Sample_Game_3,17.769851641968103,3.599999999999909,10.871675219639112
OLD,Sample_Game_3,8.464244563937019,6.0,5.815775905339905
OLD,Sample_Game_3,6.08186243066592,2.599999999999909,10.41282402305761
OLD,Sample_Game_3,4.27628835048634,5.2000000000000455,11.810179249958324
OLD,Sample_Game_3,13.53822942702163,4.199999999999818,12.266182928541618
OLD,Sample_Game_3,7.243386929483936,6.0,8.526568872457517
OLD,Sample_Game_3,10.868626546690434,3.2000000000000455,10.832622514276125
OLD,Sample_Game_3,6.154418547560064,3.0,12.654001155846906
OLD,Sample_Game_3,3.6550853805003873,3.0,8.850123103893628
OLD,Sample_Game_3,15.514728541852724,4.800000000000182,14.716592825570377
OLD,Sample_Game_3,9.141271434421519,3.400000000000091,14.553152780134816
OLD,Sample_Game_3,9.290944811669593,6.0,3.462356080100651
OLD,Sample_Game_3,9.515507561099792,6.0,12.858632744196939
OLD,Sample_Game_3,12.191567789559624,4.0,7.0148709843996375
OLD,Sample_Game_3,14.756766245661906,6.0,3.6152964426371557
OLD,Sample_Game_3,18.27763407948001,3.799999999999727,13.911658827477865
OLD,Sample_Game_3,6.5799276110209615,3.0,6.1300300703333335
OLD,Sample_Game_3,7.356112830517872,2.600000000000364,7.830536903268975
OLD,Sample_Game_3,29.06978081522413,6.0,3.4134068203619146
OLD,Sample_Game_3,2.7771908339871985,3.599999999999909,10.754699055576634
OLD,Sample_Game_3,11.106360981868947,5.200000000000273,11.01099970353577
OLD,Sample_Game_3,9.350669942988642,3.200000000000273,9.305704223299186
OLD,Sample_Game_3,13.394633733018619,6.0,2.1305750906252827
OLD,Sample_Game_3,9.860563412318264,5.599999999999909,11.56269176758866
OLD,Sample_Game_3,7.799096407141072,3.400000000000091,7.9982195254248385
OLD,Sample_Game_3,16.021277931910262,6.0,16.88956990779817
OLD,Sample_Game_3,7.547367842271035,4.800000000000182,14.074325525607094
OLD,Sample_Game_3,12.854097647583554,5.199999999999818,12.363978700115831
OLD,J03WPY,8.795602694378339,2.8,13.696724283082514
OLD,J03WPY,4.044501385112701,2.6000000000000014,6.571429135422582
OLD,J03WPY,16.21576763578408,6.0,10.708299767846285
OLD,J03WPY,8.154734766286873,3.0,9.198804864415067
OLD,J03WPY,7.942935132692201,3.200000000000017,8.500745233422924
OLD,J03WPY,5.705277706688334,2.799999999999983,11.089544064956963
OLD,J03WPY,6.600285275158911,2.8000000000000114,8.303142258887398
OLD,J03WPY,10.52513485813969,3.6000000000000227,10.203416467127841
OLD,J03WPY,8.190254472139955,2.800000000000068,11.31186842945813
OLD,J03WPY,14.081164997204585,4.600000000000023,11.723123054567697
OLD,J03WPY,13.84086016692869,6.0,4.099952473644409
OLD,J03WPY,3.2969074666252194,2.6000000000000227,5.051651484511778
OLD,J03WPY,4.919045208303737,3.2000000000000455,11.122333040848854
OLD,J03WPY,7.360404091794191,3.0,12.429779296146286
OLD,J03WPY,14.227352647399831,4.399999999999977,14.808983128791281
OLD,J03WPY,11.160254949496327,3.2000000000000455,12.082689597612806
OLD,J03WPY,5.587588038561298,6.0,1.7971436011542425
OLD,J03WPY,9.303612341027453,2.6000000000001364,14.845801339402453
OLD,J03WPY,12.129459350111153,3.800000000000182,14.303978644057523
OLD,J03WPY,5.829657340538257,2.7999999999999545,11.351573576398227
OLD,J03WPY,17.517864512438923,4.0,12.886041858187191
OLD,J03WPY,7.574404416360739,6.0,12.755253664550391
OLD,J03WPY,7.3299207736379834,3.0,13.696714163412064
OLD,J03WPY,7.738158191526909,5.599999999999909,14.331628675413539
OLD,J03WPY,7.196863464905194,6.0,1.1744704508801982
OLD,J03WPY,14.632859152019556,4.2000000000000455,9.80853229131915
OLD,J03WPY,9.401555068080807,2.7999999999999545,14.500247453823087
OLD,J03WPY,16.669126806276772,4.599999999999909,22.11225424387802
OLD,J03WPY,10.279181732542312,3.0,7.909392335701482
OLD,J03WPY,2.1058840004649118,2.800000000000182,8.553491205727774
OLD,J03WPY,3.6714408513251646,2.6000000000001364,7.580205544224816
OLD,J03WPY,6.143836037078666,4.0,9.477981766098477
OLD,J03WPY,9.237087705340556,3.7999999999999545,12.919150644544047
OLD,J03WPY,9.706654521843179,3.599999999999909,10.630441984266199
OLD,J03WPY,3.5020987067934715,2.599999999999909,7.004967511546473
OLD,J03WPY,29.80727268413553,7.0,15.173148305342199
OLD,J03WPY,9.729728594883806,2.7999999999999545,12.713607882911242
OLD,J03WPY,6.215276251998431,4.399999999999864,15.829800587851285
OLD,J03WPY,6.729796061370518,3.0,13.55350313413306
OLD,J03WPY,11.678993858225091,3.599999999999909,11.84561205235278
OLD,J03WPY,8.051783340556339,2.599999999999909,15.132109672891927
OLD,J03WPY,12.452560122658916,3.400000000000091,16.420317319676556
OLD,J03WPY,12.294516687852461,5.199999999999818,12.857008465544432
OLD,J03WPY,6.586232596675311,3.199999999999818,7.003711575810849
OLD,J03WPY,7.650712841457632,3.400000000000091,9.498910777533535
OLD,J03WPY,9.84107297873516,6.0,4.403637623781755
OLD,J03WPY,26.184243296012504,5.400000000000091,8.822274636029796
OLD,J03WPY,7.246332330930013,3.399999999999636,9.963427273842843
OLD,J03WPY,8.22166533512991,3.800000000000182,10.125098869791076
OLD,J03WPY,31.866177797983283,5.599999999999909,14.091210752157505
OLD,J03WPY,4.851468242055482,2.6000000000000227,8.124574327779275
OLD,J03WPY,30.350863543055905,6.0,23.428237203371243
OLD,J03WPY,4.26789841491151,4.399999999999977,9.928090507858226
OLD,J03WPY,11.34751228371333,3.6000000000000227,13.132766800286483
OLD,J03WPY,6.214772466499916,3.6000000000000227,9.716137738392892
OLD,J03WPY,46.387966848495125,10.0,25.494234051215177
OLD,J03WPY,5.327951870411777,3.0,9.827635333280908
OLD,J03WPY,9.679250601757278,3.0,15.524733321369238
OLD,J03WPY,9.532051450954452,3.7999999999999545,17.14106771923211
OLD,J03WPY,9.218171136742185,2.7999999999999545,7.492749936337344
OLD,J03WPY,29.057588622483394,6.2000000000000455,13.923238775896868
OLD,J03WPY,7.431109839503376,2.7999999999999545,5.165345652001149
OLD,J03WPY,9.693050002482646,3.799999999999727,8.244994553026793
OLD,J03WPY,13.718561986012906,3.599999999999909,14.581287856789576
OLD,J03WPY,7.246577967927743,3.0,8.931763663545482
OLD,J03WPY,9.975586001481766,4.800000000000182,9.249024436635132
OLD,J03WPY,10.885792350650306,5.199999999999818,17.39534122666845
OLD,J03WPY,11.478297482683113,3.800000000000182,8.424666807184051
OLD,J03WPY,12.685730120933457,3.399999999999636,9.74398751527422
OLD,J03WPY,4.52362263374992,4.0,8.33416152150468
OLD,J03WPY,10.650051569466003,3.400000000000091,9.65919520464823
OLD,J03WPY,7.016202936719169,6.0,4.940705305809865
OLD,J03WPY,7.115519390282911,2.800000000000182,8.360990796555406
OLD,J03WPY,8.220650267256351,2.599999999999909,11.878540418651019
OLD,J03WPY,5.856660991588378,3.800000000000182,15.51112317840407
OLD,J03WPY,5.385933638802515,2.599999999999909,4.693114148760092
OLD,J03WPY,7.607210005886129,3.400000000000091,15.400946574669554
OLD,J03WPY,13.295169396273437,3.599999999999909,15.612908712852828
OLD,J03WPY,12.83720164324712,3.0,13.201758340711626
OLD,J03WPY,11.658790230513873,2.799999999999727,9.68900272275156
OLD,J03WPY,14.90379790107963,3.400000000000091,14.566174329985556
OLD,J03WPY,6.323582994873574,6.0,6.6762858654093495
OLD,J03WPY,10.017297136157243,2.599999999999909,10.76823463608974
OLD,J03WPY,5.046035266796693,3.400000000000091,8.269327557874526
OLD,J03WMX,17.24430952625377,4.0,16.540041155878228
OLD,J03WMX,8.809657311906083,3.1999999999999886,15.480344369453913
OLD,J03WMX,5.162729230343319,4.399999999999977,9.978541270789556
OLD,J03WMX,11.614304126740315,3.6000000000000227,8.62520242969828
OLD,J03WMX,12.011053688353728,4.600000000000023,20.037008094243333
OLD,J03WMX,6.65438940229682,6.0,3.3793087290019734
OLD,J03WMX,7.748114379969323,2.6000000000000227,8.428129209913816
OLD,J03WMX,7.866493935822307,3.3999999999999773,8.813395602412118
OLD,J03WMX,11.296264830109209,6.0,5.973309325044972
OLD,J03WMX,4.094253350393436,3.6000000000000227,11.602223173018182
OLD,J03WMX,11.410765180722848,6.0,12.058004046715261
OLD,J03WMX,17.615661962238192,3.3999999999998636,10.792223973393114
OLD,J03WMX,13.848001721495363,4.400000000000091,11.336499936450785
OLD,J03WMX,10.937511346179573,3.400000000000091,16.534309362974568
OLD,J03WMX,5.00600837273443,2.7999999999999545,13.547867444024188
OLD,J03WMX,4.863623085015484,2.7999999999999545,13.28724718597819
OLD,J03WMX,10.54343048498335,3.7999999999999545,10.012706539437396
OLD,J03WMX,13.358296866198106,3.599999999999909,14.671971157869404
OLD,J03WMX,6.8339977541410555,6.0,6.686098749705284
OLD,J03WMX,9.328133718921094,2.6000000000001364,11.052145719153113
OLD,J03WMX,7.787337520130109,3.2000000000000455,8.23460054782888
OLD,J03WMX,7.900376486661608,4.0,10.172276811745833
OLD,J03WMX,8.787248939841692,3.2000000000000455,12.327604214942795
OLD,J03WMX,6.074392324614562,5.2000000000000455,12.026980838677417
OLD,J03WMX,20.304755288342925,4.599999999999909,9.994522239839577
OLD,J03WMX,8.958528929854754,3.2000000000000455,15.08615444113626
OLD,J03WMX,11.91955853473021,5.2000000000000455,14.351655441001888
OLD,J03WMX,4.112699666116432,2.599999999999909,7.820845262923386
OLD,J03WMX,11.004826891428152,4.400000000000091,12.780195639246749
OLD,J03WMX,31.600050867119208,7.0,19.287821483003086
OLD,J03WMX,13.613418832484252,4.399999999999864,13.649576773087016
OLD,J03WMX,6.775365364869767,3.6000000000001364,15.300793972750412
OLD,J03WMX,8.761639684112552,3.599999999999909,9.480788528143302
OLD,J03WMX,10.504432132827908,4.400000000000091,9.704972762009447
OLD,J03WMX,5.835516743686474,3.800000000000182,13.539357664924697
OLD,J03WMX,12.475133699195533,6.0,1.7163109755479027
OLD,J03WMX,5.903467649423001,3.800000000000182,9.21391175558269
OLD,J03WMX,10.705532638588927,3.600000000000364,12.9065047974259
OLD,J03WMX,9.97394995119762,6.0,3.951380893271264
OLD,J03WMX,7.193446981986134,3.599999999999909,9.401972388832464
OLD,J03WMX,6.898976298024174,5.399999999999636,11.374318162435394
OLD,J03WMX,35.61508004434312,7.400000000000006,14.737686685654957
OLD,J03WMX,3.7358039522682844,2.799999999999983,7.755519556379523
OLD,J03WMX,3.9150899637992267,2.5999999999999943,6.962048500573425
OLD,J03WMX,6.253690422655625,3.1999999999999886,13.842799044416404
OLD,J03WMX,12.357381283754911,3.8000000000000114,10.041875178882552
OLD,J03WMX,10.365844134460964,3.599999999999966,8.381857197070001
OLD,J03WMX,7.501304183564983,6.0,15.761694022399276
OLD,J03WMX,9.842589174585855,3.0,12.815003241270908
OLD,J03WMX,9.540227931439603,4.2000000000000455,8.802532394679119
OLD,J03WMX,3.5113697753625575,2.6000000000000227,11.42995718877466
OLD,J03WMX,6.598788032530722,2.7999999999999545,15.304858604314301
OLD,J03WMX,8.069609624450766,3.3999999999999773,13.482417597106219
OLD,J03WMX,11.398344549056269,3.3999999999999773,10.391861898532156
OLD,J03WMX,19.84569587999058,5.0,14.094036264493536
OLD,J03WMX,6.744566130351579,5.399999999999977,12.415002565927098
OLD,J03WMX,10.915374704005195,6.0,16.569383008137464
OLD,J03WMX,3.957229779166282,3.6000000000000227,11.276731413124647
OLD,J03WMX,11.83077403580268,4.0,16.53149791784998
OLD,J03WMX,15.128363589514851,4.0,6.865329899920797
OLD,J03WMX,7.955632380969636,4.400000000000091,9.593123723505194
OLD,J03WMX,7.016738876378961,4.2000000000000455,8.304271538543112
OLD,J03WMX,9.652218397585974,6.0,4.5630096482951465
OLD,J03WMX,6.077791404328741,2.599999999999909,6.752566146407704
OLD,J03WMX,10.53107176266995,4.399999999999864,9.818842453546122
OLD,J03WMX,26.848261083570343,6.0,16.42705739512175
OLD,J03WMX,6.875403450436444,3.0,10.813871352771178
OLD,J03WMX,7.333955946307366,3.400000000000091,9.909292461762004
OLD,J03WMX,7.280657454514259,4.399999999999636,13.096646955610595
OLD,J03WMX,5.3743811245798305,4.0,7.512717828752411
OLD,J03WMX,5.39309355051542,2.799999999999727,13.71404526337399
OLD,J03WMX,7.129645802376663,3.0,12.408799529318895
OLD,J03WMX,6.54083527101305,3.0,12.802719187695494
OLD,J03WMX,8.330752587343962,2.599999999999909,11.224007422933637
OLD,J03WMX,6.609789837842717,3.200000000000273,17.18363787546234
OLD,J03WN1,10.052329937934768,3.2000000000000006,15.286720907164396
OLD,J03WN1,14.135378257744163,4.199999999999989,16.75198120193719
OLD,J03WN1,7.507379803863777,3.4000000000000057,13.908782598315337
OLD,J03WN1,8.14539899918292,5.199999999999989,9.584469813277511
OLD,J03WN1,7.847106131903407,2.8000000000000114,11.438622447063334
OLD,J03WN1,11.637964922842814,4.199999999999989,17.344525962358517
OLD,J03WN1,7.0340612176507396,3.1999999999999886,11.973686454916061
OLD,J03WN1,12.29403071612761,5.399999999999977,9.885461508890288
OLD,J03WN1,12.36790200478643,6.0,4.8819054145045655
OLD,J03WN1,7.7434423869493125,4.199999999999989,11.700001746228242
OLD,J03WN1,7.533319321521362,2.800000000000068,14.765479563272212
OLD,J03WN1,21.25736813436697,6.0,0.7472665722017269
OLD,J03WN1,6.187115644628046,3.400000000000091,15.09309732965567
OLD,J03WN1,7.221807253035827,3.2000000000000455,13.885384156029309
OLD,J03WN1,9.321223095709557,2.599999999999909,8.607678695432876
OLD,J03WN1,10.920114468264517,4.600000000000023,19.255953431225503
OLD,J03WN1,21.651207818502872,5.0,11.574655893620593
OLD,J03WN1,11.835391839732003,3.599999999999909,10.930015343144376
OLD,J03WN1,12.503731443053306,3.0,9.756037893282397
OLD,J03WN1,6.910238780244543,2.599999999999909,13.03400763013644
OLD,J03WN1,12.935737319534304,3.0,11.092271579082654
OLD,J03WN1,5.601508725334714,2.6000000000000227,10.331460744688265
OLD,J03WN1,15.729504124415367,6.0,11.766243825120922
OLD,J03WN1,6.202233468678949,3.0,9.109361546280665
OLD,J03WN1,4.5114299285259865,3.3999999999998636,14.003996317943837
OLD,J03WN1,11.982925352349639,6.0,1.5879721316252553
OLD,J03WN1,6.400765579210038,6.0,2.656180952212013
OLD,J03WN1,9.153469287652634,3.0,12.054621164999343
OLD,J03WN1,22.44219686216125,5.2000000000000455,12.626969110510453
OLD,J03WN1,21.56831240500836,5.600000000000136,15.056506127293133
OLD,J03WN1,5.531084884541504,4.199999999999818,11.263062665714665
OLD,J03WN1,8.891979532140182,6.0,0.9155360926606323
OLD,J03WN1,16.875366662683216,6.0,8.819031124270767
OLD,J03WN1,15.54350346607868,5.400000000000091,11.765618176361603
OLD,J03WN1,22.196785803355432,8.0,12.937292051915561
OLD,J03WN1,10.998368060762148,3.3999999999998636,13.866544463744962
OLD,J03WN1,9.110718961750107,5.2000000000000455,7.595978306130304
OLD,J03WN1,4.137269631048963,3.400000000000091,9.249905292913047
OLD,J03WN1,5.885855927560578,3.2000000000000455,13.813644030331712
OLD,J03WN1,8.828165154776169,5.2000000000000455,8.441471892757939
OLD,J03WN1,9.741031772866299,4.399999999999864,12.579617293863192
OLD,J03WN1,10.956007484480468,4.399999999999864,18.28167497249034
OLD,J03WN1,4.610878441251654,3.599999999999909,7.17034124764925
OLD,J03WN1,13.803278596044306,4.7999999999999545,16.729061494483304
OLD,J03WN1,15.893448335714345,6.0,10.110979913486196
OLD,J03WN1,6.088021024931435,2.800000000000182,11.265196636012844
OLD,J03WN1,10.46883470114988,2.800000000000182,7.6250134631991
OLD,J03WN1,6.689469336202748,3.399999999999636,10.324636709944956
OLD,J03WN1,17.148556790587367,6.0,15.62466436800145
OLD,J03WN1,9.47831736121841,3.0,7.132357571063058
OLD,J03WN1,6.730497752766088,3.599999999999909,9.031935927730563
OLD,J03WN1,7.003320640953109,3.199999999999818,12.027639566879023
OLD,J03WN1,36.897110998017176,8.599999999999909,13.690311073614584
OLD,J03WN1,5.389174333791511,3.399999999999636,15.856965816726523
OLD,J03WN1,6.204135717406572,2.799999999999727,6.4479609486023035
OLD,J03WN1,23.37830190582712,6.0,14.041114401962954
OLD,J03WN1,8.580495323699262,4.599999999999909,13.712078617196223
OLD,J03WN1,7.355032290887641,3.0,10.754027302676125
OLD,J03WN1,8.798647623356663,3.799999999999997,11.607760214677471
OLD,J03WN1,17.25318811118688,5.199999999999989,12.020162229699517
OLD,J03WN1,5.187918657804877,2.5999999999999943,7.694767486122909
OLD,J03WN1,18.569760364635844,6.0,4.310333025069181
OLD,J03WN1,13.635754471242178,6.0,16.80713913256826
OLD,J03WN1,18.43423445657526,3.599999999999966,7.6834026047336605
OLD,J03WN1,9.405370806087136,5.199999999999932,11.063003700645234
OLD,J03WN1,9.112129279153146,3.2000000000000455,15.93601776038863
OLD,J03WN1,10.780361775005208,6.0,6.0112561783508145
OLD,J03WN1,7.556189515886959,3.0,18.19980364340514
OLD,J03WN1,8.123995322499676,2.599999999999909,14.59863570600264
OLD,J03WN1,11.311626761876473,4.399999999999977,11.693797787110894
OLD,J03WN1,11.716262202596873,2.6000000000000227,9.305299412484048
OLD,J03WN1,14.879092714275163,5.800000000000182,11.052384409853879
OLD,J03WN1,9.495651636407251,4.7999999999999545,22.606442318572476
OLD,J03WN1,4.4177935669276165,3.0,7.680130305164195
OLD,J03WN1,8.671239819080842,4.400000000000091,9.431355914974347
OLD,J03WN1,5.128001560062166,2.7999999999999545,9.519647650007155
OLD,J03WN1,10.57448343891963,3.599999999999909,13.506833143761492
OLD,J03WN1,5.973022685374635,2.599999999999909,14.625939394948537
OLD,J03WN1,8.377314605528436,4.0,22.29086743461523
OLD,J03WN1,11.870265371927538,4.199999999999818,8.613525643186776
OLD,J03WN1,7.844061448000013,6.0,10.948463703033859
OLD,J03WN1,5.98953253601677,2.599999999999909,9.914013334642622
OLD,J03WN1,4.343316705007825,3.2000000000000455,11.701128572887285
OLD,J03WN1,22.02493359808378,6.0,1.3698241089214904
OLD,J03WN1,16.70775269149026,4.199999999999818,12.360794214806575
OLD,J03WN1,6.260742767437438,3.199999999999818,13.57925928958867
OLD,J03WN1,7.977750309454418,3.599999999999909,8.17781994352592
OLD,J03WN1,16.40219497506356,4.400000000000091,12.475337569227992
OLD,J03WN1,11.442141407970805,6.0,7.280409327847858
OLD,J03WN1,5.281401329192194,6.0,2.3799146022712634
OLD,J03WN1,6.265819978262764,2.799999999999727,9.92129063522675
OLD,J03WN1,7.902708396495458,3.599999999999909,16.094540363099792
OLD,J03WN1,5.350084111489321,4.0,10.451609071048832
OLD,J03WN1,12.453292737265462,3.200000000000273,5.286404519680417
OLD,J03WN1,15.162931774559667,4.0,16.32588576276233
OLD,J03WOH,11.600096640001395,2.8000000000000003,12.843066198333982
OLD,J03WOH,9.995510597941372,6.0,7.68664749660266
OLD,J03WOH,9.393751310827021,3.1999999999999886,12.775080445153296
OLD,J03WOH,6.461407128568535,3.3999999999999773,14.948675909179508
OLD,J03WOH,8.843386594813477,2.7999999999999545,6.394815039140452
OLD,J03WOH,23.23024089480709,4.599999999999909,11.231689486897205
OLD,J03WOH,13.694293472672754,3.199999999999932,8.166987188681631
OLD,J03WOH,6.901757342980267,2.6000000000000227,10.97800080243491
OLD,J03WOH,5.601372400759885,4.2000000000000455,13.535003672073152
OLD,J03WOH,10.445698537716254,6.0,8.6254595675077
OLD,J03WOH,10.183655632637183,2.6000000000000227,11.790364545437162
OLD,J03WOH,13.81345250759322,5.600000000000023,21.12819911560516
OLD,J03WOH,4.007471337171889,4.600000000000023,10.81369001132498
OLD,J03WOH,9.402881082231968,3.6000000000000227,15.55469539796907
OLD,J03WOH,16.644170322406993,4.7999999999999545,23.071820752026984
OLD,J03WOH,4.991736489070689,4.599999999999909,8.706710834244948
OLD,J03WOH,10.623036330578248,2.599999999999909,14.562752736114755
OLD,J03WOH,5.3876120026311325,6.0,5.142485440316969
OLD,J03WOH,6.444936340358225,2.7999999999999545,12.389934556941132
OLD,J03WOH,12.007878127236902,6.0,1.8343439480553063
OLD,J03WOH,8.303071991937475,2.7999999999999545,5.994880425116529
OLD,J03WOH,11.886504652586673,3.7999999999999545,13.14332581430925
OLD,J03WOH,12.173017759355183,5.199999999999818,12.288444831266242
OLD,J03WOH,12.41794779471752,4.2000000000000455,15.956287757819148
OLD,J03WOH,31.641782477146357,7.2000000000000455,15.354090748038473
OLD,J03WOH,8.316276962145349,3.400000000000091,7.156661816588138
OLD,J03WOH,8.707518961953646,3.0,12.500077236428968
OLD,J03WOH,12.133524719979505,3.0,11.586167579906036
OLD,J03WOH,11.536374426226015,3.199999999999818,15.904397339796933
OLD,J03WOH,7.652326382687809,3.0,7.232049150231061
OLD,J03WOH,5.595969011432448,2.800000000000182,10.000809163033455
OLD,J03WOH,12.195056377861325,3.200000000000273,8.991653129920042
OLD,J03WOH,8.33298335519453,3.200000000000273,16.04776147988516
OLD,J03WOH,12.167112390192578,3.0,10.176620902669445
OLD,J03WOH,9.841084322271637,2.799999999999727,11.805504172402905
OLD,J03WOH,7.8030485029804595,3.399999999999636,13.7180961428157
OLD,J03WOH,10.934486881098625,3.0,14.496337126030483
OLD,J03WOH,5.111853581914426,4.400000000000091,10.382254992775252
OLD,J03WOH,17.408844206043167,6.0,17.780662732592006
OLD,J03WOH,7.576563718786247,3.199999999999818,15.96272492233662
OLD,J03WOH,22.99511612388073,7.0,15.627386437837238
OLD,J03WOH,11.7250927668954,3.4000000000000004,16.12168999706077
OLD,J03WOH,7.094335814595578,2.799999999999997,5.606298898172133
OLD,J03WOH,5.6491581831223385,4.0,9.027660466594732
OLD,J03WOH,17.192411827953563,3.4000000000000057,17.541469246335947
OLD,J03WOH,10.597025179057203,3.8000000000000114,24.000145514476976
OLD,J03WOH,5.918179323455933,2.8000000000000114,7.645825952371798
OLD,J03WOH,9.411825724397035,4.199999999999989,20.83145820918606
OLD,J03WOH,8.706235353479538,3.1999999999999886,7.554413814022524
OLD,J03WOH,7.963088858738093,2.8000000000000114,16.339068060036404
OLD,J03WOH,8.22868315004309,3.0,12.859801041392927
OLD,J03WOH,13.655487382399807,3.6000000000000227,11.934653605370041
OLD,J03WOH,8.151700042038026,2.8000000000000114,9.271596797489277
OLD,J03WOH,7.5516408315830486,3.1999999999999886,13.002421205059367
OLD,J03WOH,5.836270463046489,6.0,3.0147380374739545
OLD,J03WOH,5.2396068135201315,2.8000000000000114,5.987537011153725
OLD,J03WOH,12.060474073081354,3.0,15.532845357908684
OLD,J03WOH,5.832003806654557,2.6000000000000227,9.218867509180589
OLD,J03WOH,9.363768842098745,3.2000000000000455,7.799588163468078
OLD,J03WOH,8.316390016822062,3.0,6.772413400153403
OLD,J03WOH,8.285939517628307,3.0,11.901549628037547
OLD,J03WOH,9.123623134469543,3.2000000000000455,7.857073851072307
OLD,J03WOH,12.649318367390597,3.3999999999999773,14.982704066542986
OLD,J03WOH,6.441113744232807,3.199999999999932,9.992881279374313
OLD,J03WOH,22.658317244737766,5.2000000000000455,12.222651438947334
OLD,J03WOH,7.935253803591637,3.0,13.141607936371514
OLD,J03WOH,8.91249066214148,3.0,8.903177688829683
OLD,J03WOH,12.355847307965227,4.599999999999909,10.341313970804983
OLD,J03WOH,7.392339502877885,2.599999999999909,7.728373784785618
OLD,J03WOH,10.535202798862034,5.599999999999909,17.432410469616546
OLD,J03WOH,12.50108550393557,4.0,12.410353241193938
OLD,J03WOH,10.702013265220929,3.7999999999999545,14.522613150809825
OLD,J03WOH,11.237910527436515,3.2000000000000455,10.215625429254022
OLD,J03WOH,7.284013849926196,2.7999999999999545,9.864105502160974
OLD,J03WOH,11.246744928199638,2.6000000000001364,9.355342145635996
OLD,J03WOH,3.1713073649667094,3.199999999999818,15.749467690440254
OLD,J03WOH,10.248878087399781,6.0,2.379549915340588
OLD,J03WOH,14.162355290370316,4.599999999999909,14.3720761502657
OLD,J03WOH,8.791825900914247,2.6000000000001364,12.157149253508749
OLD,J03WOH,12.160162675087278,2.599999999999909,7.2817222818144085
OLD,J03WOH,7.064741171321318,3.599999999999909,7.838798288548976
OLD,J03WOH,6.644170045622684,2.599999999999909,5.940363270534557
OLD,J03WOH,7.9433471999781275,2.599999999999909,11.325995702259434
OLD,J03WOH,9.446697835372728,3.799999999999727,19.13150300950354
OLD,J03WOH,19.401805575359415,3.199999999999818,15.154227991852384
OLD,J03WOH,6.844548641236965,5.199999999999818,10.942872267778627
OLD,J03WOH,4.97074480412631,3.599999999999909,6.825164610059341
OLD,J03WOY,9.42084441486433,2.8000000000000003,12.312605110992418
OLD,J03WOY,5.369499293095607,3.799999999999997,7.711999868441481
OLD,J03WOY,8.040803256976403,3.0,9.297051116504232
OLD,J03WOY,6.023735463610819,2.8000000000000114,7.063738352331718
OLD,J03WOY,18.663263215374535,6.0,5.387026529638891
OLD,J03WOY,8.8515631324506,3.0,10.002955642445386
OLD,J03WOY,10.569808635847396,6.0,3.8243011882279947
OLD,J03WOY,6.9969889274785295,4.199999999999989,10.138156684757547
OLD,J03WOY,11.036926221972198,3.0,11.071697125526722
OLD,J03WOY,4.3987281056475,2.6000000000000227,7.407100946859131
OLD,J03WOY,7.464451362352534,3.0,9.552204471246224
OLD,J03WOY,7.731551369980384,2.7999999999999545,7.330885840674357
OLD,J03WOY,18.44412667673721,6.0,6.246003277456488
OLD,J03WOY,8.497476707204738,6.0,13.773193975669257
OLD,J03WOY,8.593756742383015,3.599999999999909,15.716705760627448
OLD,J03WOY,5.876671947031123,3.0,8.089822976641884
OLD,J03WOY,10.9099458252069,3.2000000000000455,7.097299547141392
OLD,J03WOY,22.437263494699614,6.0,4.091043048444673
OLD,J03WOY,18.63988071898887,3.7999999999999545,13.564624637491864
OLD,J03WOY,13.753485429072276,4.0,8.515358300404024
OLD,J03WOY,5.090942614531184,3.2000000000000455,5.496386433278101
OLD,J03WOY,11.447580107935059,4.0,14.275373727237834
OLD,J03WOY,12.47450024644499,4.0,12.764452306507993
OLD,J03WOY,4.000882888953417,2.6000000000001364,6.650070632953476
OLD,J03WOY,10.16655893571838,8.399999999999864,11.041611606259398
OLD,J03WOY,15.896812464572317,4.399999999999864,12.114159118132125
OLD,J03WOY,9.894754418468505,3.0,13.953703198946716
OLD,J03WOY,6.71362976594824,6.0,2.7298409661184175
OLD,J03WOY,7.9812546551077626,6.0,1.8434690007963814
OLD,J03WOY,10.140929924091001,3.3999999999998636,15.377373667080171
OLD,J03WOY,16.783839914395834,6.199999999999818,18.44312037853571
OLD,J03WOY,11.305467657505993,4.200000000000273,10.99778070153046
OLD,J03WOY,9.600712409585121,2.599999999999909,14.100113569665357
OLD,J03WOY,12.223778526094495,4.199999999999818,10.680273256826178
OLD,J03WOY,6.86591305534057,2.599999999999909,7.640173332319678
OLD,J03WOY,9.11274465355033,6.0,15.715762114376002
OLD,J03WOY,13.869883960944861,4.400000000000091,21.177104079854313
OLD,J03WOY,8.745353096825024,6.0,14.297370445955393
OLD,J03WOY,4.904515644298672,4.599999999999909,11.895426395014857
OLD,J03WOY,10.525685001168345,3.799999999999727,14.561440816490714
OLD,J03WOY,8.398048938539983,3.0,11.51387396086426
OLD,J03WOY,6.58960641286625,6.0,2.561643887548655
OLD,J03WOY,7.8312182879555134,2.599999999999909,7.077739147656092
OLD,J03WOY,7.142224933526818,2.599999999999909,10.217267712454426
OLD,J03WOY,9.690046297099308,2.5999999999999996,13.800113360612
OLD,J03WOY,15.40409463482858,3.5999999999999943,13.660235255522032
OLD,J03WOY,7.186072196605089,6.0,10.611684367330993
OLD,J03WOY,4.501113960623753,3.0,8.395910132423328
OLD,J03WOY,4.91137240095913,3.599999999999966,13.301695621339334
OLD,J03WOY,12.022362840833857,5.399999999999977,10.169347190227999
OLD,J03WOY,8.152573901135373,2.8000000000000114,12.551248796971276
OLD,J03WOY,10.295330410385873,6.0,2.4653630333265797
OLD,J03WOY,20.492727382206745,6.0,4.255881703307185
OLD,J03WOY,12.629570172466282,4.2000000000000455,7.938095687882462
OLD,J03WOY,10.177659928454972,4.0,9.50747655821036
OLD,J03WOY,14.685528749760255,6.0,16.654371883911388
OLD,J03WOY,25.696651443486516,6.600000000000023,16.45784034276346
OLD,J03WOY,7.331575324945727,3.2000000000000455,5.421092049985424
OLD,J03WOY,8.485304424563418,3.199999999999932,12.082579643101482
OLD,J03WOY,10.386509208267801,4.399999999999977,13.093558717272181
OLD,J03WOY,17.6645888116095,5.7999999999999545,10.724456165878532
OLD,J03WOY,8.561834427097853,3.199999999999818,11.442077137734854
OLD,J03WOY,17.55987034677547,6.0,11.389854554240085
OLD,J03WOY,14.863749921871648,6.0,2.5382635428877167
OLD,J03WOY,7.721331052314065,5.0,7.815238388291457
OLD,J03WOY,4.238789589419942,3.400000000000091,11.891384562265706
OLD,J03WOY,9.137084426544462,3.6000000000001364,6.853332371469794
OLD,J03WOY,10.452410979705807,3.2000000000000455,16.879695153816254
OLD,J03WOY,14.634022502812673,3.7999999999999545,10.185493219533264
OLD,J03WOY,4.655878738838687,2.7999999999999545,9.553921726485129
OLD,J03WOY,17.547842834197603,4.7999999999999545,15.329140670014269
OLD,J03WOY,9.618740662610463,3.3999999999998636,15.612610411950612
OLD,J03WOY,13.500139898046797,6.0,15.949007263425347
OLD,J03WOY,13.052261895524492,6.0,9.31665502138473
OLD,J03WOY,3.9974898468744122,4.2000000000000455,17.67624177266049
OLD,J03WOY,21.22545111586974,4.600000000000364,9.839064470330221
OLD,J03WOY,37.6191277835502,8.600000000000364,19.876548828901576
OLD,J03WOY,14.644829330306724,4.599999999999909,12.07785553170675
OLD,J03WOY,9.115664330540827,2.599999999999909,10.651974935753874
OLD,J03WOY,9.19766298038678,6.0,0.7774036951772978
OLD,J03WOY,9.074593128720906,5.799999999999727,13.262055127586104
OLD,J03WOY,7.017331414456384,3.799999999999727,9.429293796533608
OLD,J03WOY,9.881212940830604,4.0,14.26121764010444
OLD,J03WOY,17.030273420809458,5.400000000000091,17.11775498720182
OLD,J03WOY,7.802864306788921,6.0,9.506244850060309
OLD,J03WOY,4.190163864844036,2.599999999999909,5.047631586755086
OLD,J03WOY,6.8068735565967735,2.599999999999909,7.103467359599046
OLD,J03WOY,15.492765042469562,6.0,9.13346024479997
OLD,J03WQQ,37.88458423308117,7.599999999999994,17.466864462282885
OLD,J03WQQ,7.958618746040097,3.4000000000000057,8.861293426593438
OLD,J03WQQ,6.6675085077322755,2.8000000000000114,9.387128213477265
OLD,J03WQQ,6.037782558208008,6.0,2.2303588164501003
OLD,J03WQQ,13.087757881884055,3.7999999999999545,11.672228243392597
OLD,J03WQQ,6.78731290295981,4.0,6.997997307288339
OLD,J03WQQ,4.7455609773990615,2.599999999999909,8.213395570256045
OLD,J03WQQ,4.284772071334645,2.6000000000000227,12.730576313337517
OLD,J03WQQ,21.725846927194212,4.599999999999909,13.467195137217917
OLD,J03WQQ,5.9368426816135464,2.6000000000000227,8.326815658811906
OLD,J03WQQ,10.727434836941715,5.0,12.878300933788662
OLD,J03WQQ,11.91408928048758,2.7999999999999545,11.466138776347835
OLD,J03WQQ,14.794964656424277,3.599999999999909,5.506770901507957
OLD,J03WQQ,7.937145377527427,3.0,15.359707673184793
OLD,J03WQQ,7.086197585878909,2.6000000000001364,9.860472087542353
OLD,J03WQQ,5.095897237083138,3.2000000000000455,13.324281850685118
OLD,J03WQQ,4.7205281916992,2.7999999999999545,11.937904674070811
OLD,J03WQQ,10.337248705406365,2.599999999999909,7.927173665402766
OLD,J03WQQ,15.142586019370896,6.0,6.340286661522314
OLD,J03WQQ,18.10110732208097,6.0,7.247461592065367
OLD,J03WQQ,9.317458635020834,3.2000000000000455,9.34124329102329
OLD,J03WQQ,14.550476672884567,5.0,20.772646178120812
OLD,J03WQQ,9.009227140367292,3.599999999999909,11.230730507895302
OLD,J03WQQ,5.037432171635018,2.599999999999909,11.259390264079531
OLD,J03WQQ,3.0704569887530315,2.599999999999909,5.740215383768053
OLD,J03WQQ,3.3160659376002846,4.399999999999864,11.624966351761804
OLD,J03WQQ,7.51643847064319,3.599999999999909,7.112012301501823
OLD,J03WQQ,39.17464105457645,13.600000000000136,14.297940078195584
OLD,J03WQQ,5.705480125690874,2.6000000000001364,10.061144560200958
OLD,J03WQQ,7.5429101833189245,2.7999999999999545,8.242962339718542
OLD,J03WQQ,8.232444302824176,3.6000000000001364,12.841171160531841
OLD,J03WQQ,8.22477030132831,2.799999999999727,7.245839387872747
OLD,J03WQQ,8.461790087989048,6.0,7.492619938756091
OLD,J03WQQ,9.37802447769375,3.600000000000364,10.62008201806146
OLD,J03WQQ,4.333741205268204,3.800000000000182,10.89640250550131
OLD,J03WQQ,12.902971867197781,3.0,14.165242191782486
OLD,J03WQQ,15.328109569009928,4.800000000000182,12.187083818394179
OLD,J03WQQ,7.654666137311649,2.799999999999727,13.276615908811381
OLD,J03WQQ,14.159349866247847,6.0,2.227899658421857
OLD,J03WQQ,6.009070063508295,3.0,10.29165550703124
OLD,J03WQQ,6.9649151906795534,2.6000000000000005,9.043015891728054
OLD,J03WQQ,12.029358876885352,6.0,9.796785165484351
OLD,J03WQQ,28.24010319786084,5.400000000000006,14.522826027443816
OLD,J03WQQ,13.525307034220466,4.199999999999989,16.966876705021665
OLD,J03WQQ,10.834497222824295,4.2000000000000455,10.046192757329422
OLD,J03WQQ,4.4841795660394315,4.7999999999999545,9.05955523599618
OLD,J03WQQ,5.669914379607998,2.8000000000000114,10.437420139045901
OLD,J03WQQ,6.56957226152382,3.1999999999999886,10.574925935989995
OLD,J03WQQ,7.980051833899944,3.8000000000000114,15.967862885818668
OLD,J03WQQ,7.737767071155346,2.8000000000000114,13.532701709165435
OLD,J03WQQ,8.514499448453748,6.0,12.759169232383567
OLD,J03WQQ,10.116394831694457,4.2000000000000455,10.672957981036962
OLD,J03WQQ,9.285310220304344,3.800000000000068,15.786581480162452
OLD,J03WQQ,3.6874602056857597,3.0,8.376772142884446
OLD,J03WQQ,14.588533302926674,4.2000000000000455,18.164743492478944
OLD,J03WQQ,12.278619629258005,3.6000000000000227,7.293479347364332
OLD,J03WQQ,7.373960943753139,2.7999999999999545,9.619560983239417
OLD,J03WQQ,16.494353579331108,4.0,14.306382201126738
OLD,J03WQQ,8.329045563568187,3.3999999999998636,9.344529615677516
OLD,J03WQQ,15.290284497026208,4.400000000000091,10.532859103989164
OLD,J03WQQ,8.578169968005996,3.0,7.8208104402023135
OLD,J03WQQ,10.000004999998755,3.599999999999909,10.996528995101952
OLD,J03WQQ,3.950658173013768,3.0,13.643524323922726
OLD,J03WQQ,9.130744766995074,3.800000000000182,7.9693797421421815
OLD,J03WQQ,6.876401675295254,6.0,8.256723005835562
OLD,J03WQQ,9.57548954362174,3.0,13.54010962655658
OLD,J03WQQ,8.74547311470334,2.7999999999999545,7.279708921284096
OLD,J03WQQ,22.520035523949897,5.7999999999999545,12.359521120468699
OLD,J03WQQ,11.394568881708796,3.0,17.18795973564173
OLD,J03WQQ,6.397655820689323,2.599999999999909,12.486288739816912
OLD,J03WQQ,10.76987000850035,4.399999999999864,10.999245985934362
OLD,J03WQQ,21.899004543587125,4.800000000000182,13.78234403983768
OLD,J03WQQ,8.304149565128442,2.800000000000182,10.703785036606373
OLD,J03WQQ,6.6368215284132885,6.0,8.118116207873559
OLD,J03WQQ,8.839711533754931,6.0,13.668331362866873
OLD,J03WQQ,6.008901729934917,3.600000000000364,13.444388571890327
OLD,J03WQQ,3.82388545853559,3.0,7.290700080563223
OLD,J03WQQ,24.589042274964676,6.199999999999818,11.030193856412264
OLD,J03WQQ,8.775477195003088,4.0,17.026824096199526
OLD,J03WQQ,24.108606347112936,8.400000000000091,19.14874196103678
OLD,J03WQQ,9.024965373894794,5.0,17.642774313637172
OLD,J03WQQ,6.396256717798863,5.400000000000091,12.296787977946714
OLD,J03WQQ,7.368921223625614,2.599999999999909,9.515777732909292
OLD,J03WQQ,13.054386236049345,2.799999999999727,10.870889422741367
OLD,J03WQQ,8.319260784469652,3.400000000000091,15.873357239435617
OLD,J03WR9,14.335764534043916,4.2,17.7594550428693
OLD,J03WR9,22.026601667230608,5.000000000000002,14.469383902935977
OLD,J03WR9,10.149240355250448,5.600000000000001,10.001886815956027
OLD,J03WR9,7.661866729860335,6.0,13.678072358169167
OLD,J03WR9,8.433909221141054,2.6000000000000227,10.490061128306566
OLD,J03WR9,9.883465491935656,4.399999999999977,14.441285018452895
OLD,J03WR9,5.576156845905164,2.5999999999999943,5.959228105667364
OLD,J03WR9,17.782757061349642,6.0,12.90032047444703
OLD,J03WR9,4.737226034274213,3.1999999999999886,7.442294404038556
OLD,J03WR9,12.083411335907474,3.4000000000000057,9.773309198167983
OLD,J03WR9,7.1894522699751064,2.599999999999966,11.818704923876847
OLD,J03WR9,7.332899160019899,2.8000000000000114,10.133064946350181
OLD,J03WR9,7.717478174640434,2.8000000000000114,8.29572498289483
OLD,J03WR9,8.755670351914443,3.400000000000034,9.813504554979922
OLD,J03WR9,5.623133682955373,5.800000000000011,12.868888170901766
OLD,J03WR9,11.013348376502101,5.399999999999977,10.179572394456986
OLD,J03WR9,8.647226161326675,5.2000000000000455,18.319380206421737
OLD,J03WR9,7.8921150656146715,5.199999999999932,9.825963426904238
OLD,J03WR9,6.625598749111602,2.599999999999909,7.95808190554624
OLD,J03WR9,7.791766503853814,2.6000000000000227,13.361814651595004
OLD,J03WR9,14.369353561778611,3.0,9.428931928893551
OLD,J03WR9,8.380945656705851,3.3999999999999773,9.263298553988795
OLD,J03WR9,10.883091809557637,3.400000000000091,8.001587619472676
OLD,J03WR9,5.479720451600901,2.599999999999909,9.848274011155613
OLD,J03WR9,14.391744883033438,5.400000000000091,12.2005275218695
OLD,J03WR9,9.004354613734979,3.2000000000000455,15.452894587186393
OLD,J03WR9,9.703083372419643,4.400000000000091,7.558135970367762
OLD,J03WR9,8.662778797267698,6.0,13.017244588218986
OLD,J03WR9,4.426796227380486,3.400000000000091,8.34690183675119
OLD,J03WR9,7.576749295899922,3.2000000000000455,13.148150493826515
OLD,J03WR9,9.004643182976535,3.2000000000000455,15.69671954061667
OLD,J03WR9,8.897445070578925,4.600000000000136,11.20815195379344
OLD,J03WR9,13.64079756293881,5.0,12.640589292451052
OLD,J03WR9,11.369668840164419,6.0,10.289394090762789
OLD,J03WR9,26.11271425621584,6.400000000000091,14.800905095346295
OLD,J03WR9,21.876865504899527,3.799999999999727,13.226923102675748
OLD,J03WR9,13.487102115653343,4.399999999999636,14.393513612068052
OLD,J03WR9,6.641851269261048,3.400000000000091,10.731473939224312
OLD,J03WR9,6.566085347119087,3.0,13.474879076340276
OLD,J03WR9,4.017324630614279,4.0,12.166546376606526
OLD,J03WR9,10.286227637876781,3.200000000000273,11.471516996428953
OLD,J03WR9,21.760715594795347,4.599999999999909,12.3943080443078
OLD,J03WR9,7.501643936300796,6.0,11.803313702769717
OLD,J03WR9,7.1126771076320505,6.0,3.099573267203155
OLD,J03WR9,7.3059017239489314,6.0,2.0548567517019043
OLD,J03WR9,12.234941765288463,6.0,2.6823054539173863
OLD,J03WR9,8.66157606905348,3.799999999999997,13.044494925918588
OLD,J03WR9,7.207364289391786,2.5999999999999943,10.213865145812603
OLD,J03WR9,8.32598943069234,6.0,2.2133802183035014
OLD,J03WR9,11.507189057280709,6.0,4.8862445965141115
OLD,J03WR9,10.294857939767832,5.599999999999966,17.223922861282848
OLD,J03WR9,5.0505643249049506,2.800000000000068,10.419570957726764
OLD,J03WR9,12.921950317192827,6.0,2.2170523684070154
OLD,J03WR9,16.600192769965055,6.0,15.590476101720032
OLD,J03WR9,10.57783531730382,4.400000000000091,8.838090904389524
OLD,J03WR9,4.892862148068345,4.0,9.66701732643639
OLD,J03WR9,4.136967488391103,2.6000000000001364,10.12810654998982
OLD,J03WR9,11.460794038809004,5.0,23.161567915796685
OLD,J03WR9,7.349136003639845,2.599999999999909,10.438400693755893
OLD,J03WR9,14.71674216666175,6.0,6.2701802692928945
OLD,J03WR9,17.884619090157845,4.400000000000091,14.9340512264047
OLD,J03WR9,7.637047858957021,6.0,0.8766258491645397
OLD,J03WR9,10.79082943985381,6.0,0.8863231548592071
OLD,J03WR9,20.036179775595944,6.0,6.749463420548434
OLD,J03WR9,10.542736836324806,3.2000000000000455,17.231869368974515
OLD,J03WR9,11.5617386235808,3.799999999999727,17.52358288308404
OLD,J03WR9,17.130105078488167,6.0,8.52083034802307
OLD,J03WR9,9.033825324857355,2.800000000000182,12.016811418008128
OLD,J03WR9,12.365055600360959,6.0,6.491661782630387
OLD,J03WR9,12.251224428603052,5.800000000000182,10.6790217515728
OLD,J03WR9,12.495775286071453,4.0,8.486586080475863
OLD,J03WR9,7.300746537170015,6.0,4.170362276709898
OLD,J03WR9,7.282341656364154,2.599999999999909,11.650124013516264
OLD,J03WR9,6.483085685073262,5.199999999999818,7.890305838717197
OLD,J03WR9,10.59393222557139,6.0,14.094786109945957
base_B,Sample_Game_1,23.53826697356149,4.199999999999996,17.82219346995091
base_B,Sample_Game_1,7.049903696665439,2.6000000000000227,12.02015377093576
base_B,Sample_Game_1,11.45500911020467,6.0,20.172352921972074
base_B,Sample_Game_1,7.031447225914726,2.8000000000000114,11.972477614681939
base_B,Sample_Game_1,5.355965979053622,6.0,8.117962988553513
base_B,Sample_Game_1,11.683364653676264,3.8000000000000114,15.240704125582216
base_B,Sample_Game_1,6.640505908448861,6.0,11.33189304536248
base_B,Sample_Game_1,5.317803144827266,4.2000000000000455,15.133924265525241
base_B,Sample_Game_1,20.63245224397057,5.399999999999977,28.25478749130631
base_B,Sample_Game_1,34.055491974058114,6.399999999999977,21.26624063308404
base_B,Sample_Game_1,6.478681863224381,6.0,10.61466097020724
base_B,Sample_Game_1,5.406695786324335,3.2000000000000455,19.49862333183558
base_B,Sample_Game_1,11.00173113427082,6.0,16.211069950786992
base_B,Sample_Game_1,8.508565398304611,2.6000000000000227,12.885466235995796
base_B,Sample_Game_1,9.500059669344967,3.0,10.802392898740655
base_B,Sample_Game_1,6.484175323957307,2.7999999999999545,7.946057799427745
base_B,Sample_Game_1,3.9818558382932654,6.0,20.749430361256522
base_B,Sample_Game_1,7.391094420825013,3.6000000000000227,15.169947741207192
base_B,Sample_Game_1,10.258966717692907,3.3999999999998636,14.461244049458989
base_B,Sample_Game_1,5.880744391937213,2.7999999999999545,8.596790981798055
base_B,Sample_Game_1,10.240937146032746,4.399999999999864,20.34200323044106
base_B,Sample_Game_1,6.07380310319582,6.0,5.300002716432072
base_B,Sample_Game_1,5.525670679289977,2.7999999999999545,8.352499059479232
base_B,Sample_Game_1,4.1066567476591604,6.0,24.226356863707803
base_B,Sample_Game_1,6.708047637944165,3.0,15.855768403094647
base_B,Sample_Game_1,6.5294161145434675,2.6000000000001364,9.324608824944306
base_B,Sample_Game_1,6.490423130102079,6.0,14.043714291109666
base_B,Sample_Game_1,10.065749645513971,5.0,21.581159426142126
base_B,Sample_Game_1,10.154012171400385,2.7999999999999545,9.084843095895902
base_B,Sample_Game_1,14.572785752717625,5.2000000000000455,14.418381227729085
base_B,Sample_Game_1,7.301046518262167,2.7999999999999545,13.683447187242644
base_B,Sample_Game_1,3.545002240360583,2.599999999999909,15.357016370336293
base_B,Sample_Game_1,22.381386482314454,5.2000000000000455,19.335683110322197
base_B,Sample_Game_1,11.41937225038657,6.0,31.13429904837898
base_B,Sample_Game_1,7.182602391123903,3.0,16.135494273624943
base_B,Sample_Game_1,10.101398413477032,3.799999999999727,8.463460720345232
base_B,Sample_Game_1,12.448679240682349,3.0,17.309250596859894
base_B,Sample_Game_1,6.990738622575469,6.0,10.648475533240077
base_B,Sample_Game_1,7.048367703420063,3.599999999999909,13.63561684308466
base_B,Sample_Game_1,10.228871141698047,2.800000000000182,14.867934988731303
base_B,Sample_Game_1,9.213023130836326,6.0,13.102116295475245
base_B,Sample_Game_1,10.812851995606339,3.599999999999909,13.940574497846718
base_B,Sample_Game_1,22.686261961305124,7.199999999999818,24.010562371671377
base_B,Sample_Game_1,8.451828147514611,3.599999999999909,19.11972963622733
base_B,Sample_Game_1,22.626384234095756,6.600000000000364,22.81380392254257
base_B,Sample_Game_1,4.428111464052483,6.0,8.613115231110882
base_B,Sample_Game_1,13.74143730231414,3.799999999996544,12.882786621263545
base_B,Sample_Game_1,4.538052874267189,2.9999999999972715,9.010447516822408
base_B,Sample_Game_1,9.481589324926757,6.0,15.718253337392397
base_B,Sample_Game_1,10.923814595456108,6.0,37.92874506216119
base_B,Sample_Game_1,6.840434693054403,2.9999999999972715,14.277427595791035
base_B,Sample_Game_1,6.518010875763573,3.599999999996726,15.86347678215354
base_B,Sample_Game_1,11.912525545626604,6.0,21.934829081676288
base_B,Sample_Game_1,9.631822891664982,5.999999999994543,14.578131638425754
base_B,Sample_Game_1,27.711225045162816,5.799999999994725,18.928250371314725
base_B,Sample_Game_1,7.614193721606352,2.5999999999976353,10.06029415812743
base_B,Sample_Game_1,10.035060235825728,6.0,11.929456649962889
base_B,Sample_Game_1,7.060692248761512,3.1999999999970896,9.397941535193377
base_B,Sample_Game_1,5.918484715250138,2.7999999999974534,12.26393079836329
base_B,Sample_Game_1,6.219767615758608,2.7999999999974534,7.49180363800814
base_B,Sample_Game_1,13.954957103320183,6.0,17.986268495545755
base_B,Sample_Game_1,7.588935333845024,6.0,10.950537964459244
base_B,Sample_Game_1,14.30402420567233,6.0,22.91636446459824
base_B,Sample_Game_1,12.356759183181211,3.3999999999969077,13.651369865295592
base_B,Sample_Game_1,13.622325770207613,6.0,14.767477843581553
base_B,Sample_Game_1,8.161207188750684,6.0,11.498256452540083
base_B,Sample_Game_1,4.429026639840979,3.3999999999969077,15.173817989210985
base_B,Sample_Game_1,7.254482042695811,6.0,18.38258083852938
base_B,Sample_Game_1,13.779810491600845,2.7999999999974534,14.881379127115189
base_B,Sample_Game_1,8.954630798663665,2.7999999999974534,10.450838093984636
base_B,Sample_Game_1,25.950946554585542,6.799999999993815,17.946593766244966
base_B,Sample_Game_1,6.247398855362115,2.599999999996726,8.219255848573138
base_B,Sample_Game_1,15.052804293092738,6.0,17.99656846804767
base_B,Sample_Game_1,17.64356160237321,3.999999999996362,23.012227556532615
base_B,Sample_Game_1,21.97703995729482,5.599999999994907,20.88414793635463
base_B,Sample_Game_1,5.915488795316396,3.599999999996726,9.807453534848145
base_B,Sample_Game_1,2.6149793866171462,3.7999999999974534,4.395560635063244
base_B,Sample_Game_1,8.255472249098286,3.1999999999970896,9.961810801047246
base_B,Sample_Game_1,12.199374195533721,6.0,24.04477688274749
base_B,Sample_Game_1,3.7237088481848786,3.599999999996726,16.885286221411455
base_B,Sample_Game_1,11.049943950559062,4.399999999995998,14.438188952746453
base_B,Sample_Game_1,5.295661720084402,5.999999999994543,13.60450211193406
base_B,Sample_Game_1,7.581556090089216,4.999999999994543,21.507844615484615
base_B,Sample_Game_1,27.302447397947198,5.399999999994179,17.70948007444644
base_B,Sample_Game_1,6.24335456880582,3.999999999996362,10.222694796036254
base_B,Sample_Game_1,7.048708480773619,2.7999999999974534,13.667544606450402
base_B,Sample_Game_1,4.055397238833798,2.599999999998545,9.97175028520455
base_B,Sample_Game_1,4.356184024805382,2.599999999996726,9.673539014140143
base_B,Sample_Game_1,2.368837907089131,4.399999999995998,7.4107751881455854
base_B,Sample_Game_1,5.519524542841276,6.0,29.883946032356548
base_B,Sample_Game_1,20.50789712230222,5.399999999995998,14.738582721644278
base_B,Sample_Game_1,10.938411282670577,3.599999999996726,17.740413673815596
base_B,Sample_Game_1,7.747187069037207,2.599999999996726,14.046715451639344
base_B,Sample_Game_1,8.90555554974684,6.0,26.70909586649079
base_B,Sample_Game_1,3.514471755579569,5.199999999995271,10.757757984416685
base_B,Sample_Game_1,23.83565884892096,4.799999999995634,25.7768407564742
base_B,Sample_Game_2,6.244908832221478,2.8000000000000043,10.01766950061666
base_B,Sample_Game_2,7.363517652805337,3.6000000000000085,6.702084087043301
base_B,Sample_Game_2,10.199429499563855,3.200000000000003,10.951028266925572
base_B,Sample_Game_2,5.263571279324251,3.200000000000017,13.162233249137612
base_B,Sample_Game_2,4.496065749443428,6.0,12.169475607373716
base_B,Sample_Game_2,6.784607259295374,3.0,9.52471386970818
base_B,Sample_Game_2,10.060803318119959,3.6000000000000227,18.075481906453888
base_B,Sample_Game_2,8.624789348637865,2.6000000000000227,9.394256054897236
base_B,Sample_Game_2,5.474208820241411,2.599999999999909,9.92900656388029
base_B,Sample_Game_2,7.7727831736587945,3.0,9.604240055017986
base_B,Sample_Game_2,9.164819793983328,3.199999999999932,16.96145102511248
base_B,Sample_Game_2,8.739585514173083,3.0,13.694109644420108
base_B,Sample_Game_2,9.572501022660036,3.7999999999999545,10.19979292424848
base_B,Sample_Game_2,6.321723833147275,4.0,12.683434867497105
base_B,Sample_Game_2,8.782721560247115,6.0,17.50747559188179
base_B,Sample_Game_2,16.270027142116827,8.0,21.567191518891725
base_B,Sample_Game_2,17.128500864135205,5.7999999999999545,18.188707756188382
base_B,Sample_Game_2,10.500508343595524,2.800000000000182,19.17565155682339
base_B,Sample_Game_2,11.861668972136854,5.0,31.461564722254813
base_B,Sample_Game_2,9.935140904657725,3.7999999999999545,14.046704194509001
base_B,Sample_Game_2,10.13826307773271,6.0,13.968338536071013
base_B,Sample_Game_2,22.778347720266964,6.0,33.51094999083625
base_B,Sample_Game_2,13.554158921745376,6.0,18.41468092698458
base_B,Sample_Game_2,4.920417008479731,3.599999999999909,20.141719660805116
base_B,Sample_Game_2,5.7581217965964715,2.7999999999999545,12.560753143413988
base_B,Sample_Game_2,7.342967937040426,2.599999999999909,9.505126198679543
base_B,Sample_Game_2,26.566300350044422,5.7999999999999545,20.180646621547204
base_B,Sample_Game_2,9.66663552171002,4.0,21.725776143442957
base_B,Sample_Game_2,5.304817442402883,3.0,15.958140563753767
base_B,Sample_Game_2,7.757569474705937,2.800000000000182,16.583977675335095
base_B,Sample_Game_2,7.567997251275333,6.0,16.386841447287345
base_B,Sample_Game_2,4.162519034280405,2.599999999999909,10.70547063544699
base_B,Sample_Game_2,12.285152492179986,5.199999999995271,15.39973678122487
base_B,Sample_Game_2,22.34283660061609,6.0,13.202892130444893
base_B,Sample_Game_2,5.230070326280732,3.1999999999970896,8.951051833445412
base_B,Sample_Game_2,7.331561166926316,6.0,7.0828637041359706
base_B,Sample_Game_2,4.782549539227371,6.0,17.89943199810731
base_B,Sample_Game_2,17.822760799561273,6.0,10.954412956872538
base_B,Sample_Game_2,16.396916104579432,6.0,32.875073649380155
base_B,Sample_Game_2,13.980608111138164,5.999999999994543,22.046522949564174
base_B,Sample_Game_2,6.613072054234611,3.1999999999970896,13.997517870073356
base_B,Sample_Game_2,8.234544032853643,6.0,12.889493753939629
base_B,Sample_Game_2,16.777467522559753,6.0,17.525420385168353
base_B,Sample_Game_2,5.559724685229645,5.799999999994725,24.85263279878435
base_B,Sample_Game_2,7.575699394336301,2.9999999999972715,10.850025316514369
base_B,Sample_Game_2,9.871359512514596,6.0,14.858303391891278
base_B,Sample_Game_2,5.226824075920467,6.0,11.849504615231544
base_B,Sample_Game_2,10.674131899271966,5.799999999994725,16.084560436138638
base_B,Sample_Game_2,2.999757189694174,2.5999999999976353,9.001216276568769
base_B,Sample_Game_2,10.521548259064218,6.0,15.003238881328887
base_B,Sample_Game_2,5.35765582434334,2.5999999999976353,10.615564161927146
base_B,Sample_Game_2,8.124151404263474,3.1999999999970896,9.419097944248229
base_B,Sample_Game_2,7.15759232367826,5.399999999995089,15.612284749006626
base_B,Sample_Game_2,8.101930881200708,3.1999999999970896,22.567000811638486
base_B,Sample_Game_2,11.580822937646015,6.0,12.218421067239253
base_B,Sample_Game_2,6.541120624285961,6.0,15.250479662858037
base_B,Sample_Game_2,20.716255093453825,4.599999999995816,23.10422894267635
base_B,Sample_Game_2,6.628203858786636,3.799999999996544,9.892994825151355
base_B,Sample_Game_2,8.202560750361087,3.599999999996726,6.527000748374475
base_B,Sample_Game_2,4.473683695156967,6.0,10.701314072304864
base_B,Sample_Game_2,7.184966553321878,4.599999999995816,17.02717003804929
base_B,Sample_Game_2,5.05414959667117,6.0,11.547555975722462
base_B,Sample_Game_2,5.197042418788846,2.5999999999976353,9.126489183207747
base_B,Sample_Game_2,12.545243971839028,4.19999999999618,15.17557004424572
base_B,Sample_Game_2,28.101831995422437,5.399999999995089,17.297311225861534
base_B,Sample_Game_2,21.19130811251864,6.0,23.68513860936622
base_B,Sample_Game_2,8.449542524266112,5.999999999994543,12.951772438895913
base_B,Sample_Game_2,10.294604779727209,4.19999999999618,15.159937296941717
base_B,Sample_Game_2,5.353872730904429,6.0,6.160170696655884
base_B,Sample_Game_2,2.5405702314358938,3.599999999996726,14.36663968206349
base_B,Sample_Game_2,6.995970060955379,3.1999999999970896,20.92576197097586
base_B,Sample_Game_3,11.66133251077638,6.0,17.6887278623901
base_B,Sample_Game_3,16.03653070304081,4.399999999999977,21.32602171875948
base_B,Sample_Game_3,17.747560518758853,5.999999999999972,18.423555918982295
base_B,Sample_Game_3,7.367447798601927,4.399999999999977,11.085793035556872
base_B,Sample_Game_3,14.223892684801921,6.0,16.096482028732428
base_B,Sample_Game_3,6.96639066713481,2.599999999999966,12.509516204681724
base_B,Sample_Game_3,9.281612184702817,5.399999999999977,11.848593307109109
base_B,Sample_Game_3,13.007939019710356,6.0,10.40976650569075
base_B,Sample_Game_3,7.992677876876781,3.0,13.04955965777032
base_B,Sample_Game_3,15.18336132990698,6.0,19.470419107099417
base_B,Sample_Game_3,12.78600776664436,5.399999999999977,14.188614631064084
base_B,Sample_Game_3,8.050776009636875,3.599999999999909,11.288734308178714
base_B,Sample_Game_3,6.691080463152527,2.6000000000000227,10.637224730380556
base_B,Sample_Game_3,13.618930827546738,6.0,11.679179681213864
base_B,Sample_Game_3,7.7169833683720395,3.199999999999932,11.4304194631166
base_B,Sample_Game_3,11.890620007692863,3.7999999999999545,12.147029008971083
base_B,Sample_Game_3,9.758358311025518,4.600000000000023,11.710046290803795
base_B,Sample_Game_3,7.169798099650663,3.6000000000000227,14.09724497147803
base_B,Sample_Game_3,5.2030437642601886,3.800000000000068,9.179519222095637
base_B,Sample_Game_3,12.383053134038459,4.199999999999932,19.702075571100384
base_B,Sample_Game_3,6.183178416593705,4.199999999999932,11.625921917787085
base_B,Sample_Game_3,7.837389709300439,3.2000000000000455,13.943239676063339
base_B,Sample_Game_3,4.6661455798353115,3.6000000000000227,9.774879104355232
base_B,Sample_Game_3,9.205179226167878,3.0,15.002186472560428
base_B,Sample_Game_3,15.331740675047717,5.800000000000182,26.352616901235194
base_B,Sample_Game_3,11.383106975985761,3.2000000000000455,18.0535831781916
base_B,Sample_Game_3,14.053141355883703,5.599999999999909,22.013092626371062
base_B,Sample_Game_3,10.98274201901668,3.400000000000091,11.549593819819687
base_B,Sample_Game_3,4.167331342183537,3.2000000000000455,8.93362378149451
base_B,Sample_Game_3,9.909581735337417,6.0,14.119585908275901
base_B,Sample_Game_3,9.504880693017812,3.7999999999999545,16.48995926713674
base_B,Sample_Game_3,16.46356869987151,6.0,14.999913682371627
base_B,Sample_Game_3,10.907650654153755,6.0,21.8524559443211
base_B,Sample_Game_3,10.41753788522865,6.0,24.321013257434096
base_B,Sample_Game_3,9.666636613485693,3.2000000000000455,8.454356350455978
base_B,Sample_Game_3,8.523397432802552,3.400000000000091,11.679187128782448
base_B,Sample_Game_3,6.482393828576207,2.7999999999999545,10.625723392132704
base_B,Sample_Game_3,6.188330785632328,2.599999999999909,14.647868966010972
base_B,Sample_Game_3,8.392584099767053,6.0,15.640539451221695
base_B,Sample_Game_3,12.028598088646923,6.0,21.17124442381659
base_B,Sample_Game_3,14.5674333779838,5.0,11.839296094011232
base_B,Sample_Game_3,8.026257154649063,6.0,16.006240668516114
base_B,Sample_Game_3,11.242704874353578,5.399999999999864,13.232276542176
base_B,Sample_Game_3,8.696561053437028,4.0,8.64446753606176
base_B,Sample_Game_3,17.54063646256424,6.0,12.392389671574236
base_B,Sample_Game_3,8.845487329602808,5.199999999999818,17.9488715147623
base_B,Sample_Game_3,3.6111919915048425,2.800000000000182,15.290446604066279
base_B,Sample_Game_3,5.028952327797683,4.199999999999818,12.4473698065205
base_B,Sample_Game_3,16.439164307480446,5.199999999999818,15.127106604314857
base_B,Sample_Game_3,5.9195321017846805,2.800000000000182,13.558653200196321
base_B,Sample_Game_3,15.396930111048432,3.0,9.800806475450605
base_B,Sample_Game_3,9.780304705170671,6.0,24.179969119129154
base_B,Sample_Game_3,8.477874246894347,3.799999999999727,10.001865330819323
base_B,Sample_Game_3,9.440172275679327,4.200000000000273,12.694911955578206
base_B,Sample_Game_3,5.196211978408181,4.199999999999818,9.00781274039134
base_B,Sample_Game_3,12.62315992517214,4.400000000000091,9.614608810516224
base_B,Sample_Game_3,13.830141890014598,5.800000000000182,14.796525243105165
base_B,Sample_Game_3,11.903223257096828,6.0,20.62855155702207
base_B,Sample_Game_3,10.115621202980677,5.599999999999994,10.43955148129308
base_B,Sample_Game_3,5.713376637677012,2.799999999999983,12.838627151106284
base_B,Sample_Game_3,12.847759694208925,6.0,15.812940076332367
base_B,Sample_Game_3,6.259036510181824,3.4000000000000057,12.6074705221607
base_B,Sample_Game_3,8.53978565740134,3.0,11.474769163944618
base_B,Sample_Game_3,13.847142911282551,6.0,20.626776660942355
base_B,Sample_Game_3,5.403414721195887,4.199999999999989,10.892735101527748
base_B,Sample_Game_3,8.697290954864137,2.6000000000000227,17.365300183910037
base_B,Sample_Game_3,8.823290409335756,3.599999999999909,16.45347134191867
base_B,Sample_Game_3,11.170648364681226,3.199999999999932,17.52573485115655
base_B,Sample_Game_3,7.919371977637502,3.400000000000091,11.372427560818158
base_B,Sample_Game_3,17.72772044464711,4.399999999999977,9.115944413805309
base_B,Sample_Game_3,8.315505392387951,3.2000000000000455,12.083943193248878
base_B,Sample_Game_3,16.244650967618924,3.7999999999999545,17.60031520723176
base_B,Sample_Game_3,4.226788841839795,5.399999999999977,10.615135698368032
base_B,Sample_Game_3,10.488400934769643,4.199999999999932,17.147179703901493
base_B,Sample_Game_3,7.79996087013426,4.2000000000000455,13.70867722017622
base_B,Sample_Game_3,5.760108274311664,4.999999999999886,15.251136692948268
base_B,Sample_Game_3,11.70785213888027,6.0,20.849061678717888
base_B,Sample_Game_3,4.650025026474581,4.400000000000091,12.099450785261519
base_B,Sample_Game_3,11.579017903223788,2.6000000000001364,13.999228000274153
base_B,Sample_Game_3,7.483935386162388,6.0,16.50689214058471
base_B,Sample_Game_3,10.646018234911361,6.0,9.031476003433877
base_B,Sample_Game_3,9.353913079095172,4.199999999999818,8.971321472290024
base_B,Sample_Game_3,12.771180583439818,4.199999999999818,11.60475814951566
base_B,Sample_Game_3,12.930379306897569,3.599999999999909,11.771974428848413
base_B,Sample_Game_3,10.442016305905343,3.599999999999909,25.482029999103922
base_B,Sample_Game_3,4.3063618054491,6.0,9.073058686394816
base_B,Sample_Game_3,8.338323256254572,3.2000000000000455,9.03906978341988
base_B,Sample_Game_3,11.236207624609353,5.2000000000000455,20.333788302365463
base_B,Sample_Game_3,19.69980360193473,4.400000000000091,13.797887674045015
base_B,Sample_Game_3,7.545376885725576,3.0,12.648776560083075
base_B,Sample_Game_3,17.769851641968103,3.599999999999909,15.071549111320238
base_B,Sample_Game_3,8.464244563937019,6.0,9.151705836913186
base_B,Sample_Game_3,6.08186243066592,2.599999999999909,12.604870248651906
base_B,Sample_Game_3,4.27628835048634,5.2000000000000455,11.919076847001843
base_B,Sample_Game_3,13.53822942702163,4.199999999999818,19.329014585809595
base_B,Sample_Game_3,7.243386929483936,6.0,13.372982520427078
base_B,Sample_Game_3,10.868626546690434,3.2000000000000455,13.998919843155193
base_B,Sample_Game_3,6.154418547560064,3.0,14.925841587725794
base_B,Sample_Game_3,3.6550853805003873,3.0,13.378440723731405
base_B,Sample_Game_3,15.514728541852724,4.800000000000182,27.970353102362665
base_B,Sample_Game_3,9.141271434421519,3.400000000000091,17.480631453345765
base_B,Sample_Game_3,9.290944811669593,6.0,20.423144970334775
base_B,Sample_Game_3,9.515507561099792,6.0,19.614224915885764
base_B,Sample_Game_3,12.191567789559624,4.0,7.202416672542908
base_B,Sample_Game_3,14.756766245661906,6.0,15.750588017505724
base_B,Sample_Game_3,18.27763407948001,3.799999999999727,17.95271137684427
base_B,Sample_Game_3,6.5799276110209615,3.0,7.105162012237349
base_B,Sample_Game_3,7.356112830517872,2.600000000000364,9.551465379930644
base_B,Sample_Game_3,29.06978081522413,6.0,26.796839207703492
base_B,Sample_Game_3,2.7771908339871985,3.599999999999909,7.342065108140884
base_B,Sample_Game_3,11.106360981868947,5.200000000000273,11.136146885446633
base_B,Sample_Game_3,9.350669942988642,3.200000000000273,9.928687704407238
base_B,Sample_Game_3,13.394633733018619,6.0,17.117820146584812
base_B,Sample_Game_3,9.860563412318264,5.599999999999909,14.831936970445678
base_B,Sample_Game_3,7.799096407141072,3.400000000000091,12.849441605272858
base_B,Sample_Game_3,16.021277931910262,6.0,23.922039109722146
base_B,Sample_Game_3,7.547367842271035,4.800000000000182,8.352652134092182
base_B,Sample_Game_3,12.854097647583554,5.199999999999818,14.105538920681024
base_B,J03WPY,8.795602694378339,2.8,11.130120714649816
base_B,J03WPY,4.044501385112701,2.6000000000000014,8.075246359016496
base_B,J03WPY,16.21576763578408,6.0,14.076869666293346
base_B,J03WPY,8.154734766286873,3.0,9.571542667574466
base_B,J03WPY,7.942935132692201,3.200000000000017,9.968841845206553
base_B,J03WPY,5.705277706688334,2.799999999999983,11.001926937733716
base_B,J03WPY,6.600285275158911,2.8000000000000114,8.764105283396745
base_B,J03WPY,10.52513485813969,3.6000000000000227,14.106648226335597
base_B,J03WPY,8.190254472139955,2.800000000000068,11.984846737863796
base_B,J03WPY,14.081164997204585,4.600000000000023,13.728025148965765
base_B,J03WPY,13.84086016692869,6.0,20.22097075628242
base_B,J03WPY,3.2969074666252194,2.6000000000000227,7.3740259455875865
base_B,J03WPY,4.919045208303737,3.2000000000000455,12.036040132063917
base_B,J03WPY,7.360404091794191,3.0,11.540007759392413
base_B,J03WPY,14.227352647399831,4.399999999999977,23.95022341563029
base_B,J03WPY,11.160254949496327,3.2000000000000455,11.804581888841938
base_B,J03WPY,5.587588038561298,6.0,14.108243409205315
base_B,J03WPY,9.303612341027453,2.6000000000001364,22.034819816678425
base_B,J03WPY,12.129459350111153,3.800000000000182,20.761989102735456
base_B,J03WPY,5.829657340538257,2.7999999999999545,13.247668458069295
base_B,J03WPY,17.517864512438923,4.0,18.338901928376067
base_B,J03WPY,7.574404416360739,6.0,15.275303333591605
base_B,J03WPY,7.3299207736379834,3.0,16.117170079829428
base_B,J03WPY,7.738158191526909,5.599999999999909,15.391212866163825
base_B,J03WPY,7.196863464905194,6.0,12.582861618992006
base_B,J03WPY,14.632859152019556,4.2000000000000455,11.562843875228424
base_B,J03WPY,9.401555068080807,2.7999999999999545,10.546118065394243
base_B,J03WPY,16.669126806276772,4.599999999999909,28.954765321283777
base_B,J03WPY,10.279181732542312,3.0,7.9314577651507925
base_B,J03WPY,2.1058840004649118,2.800000000000182,12.128487027795781
base_B,J03WPY,3.6714408513251646,2.6000000000001364,9.21892954483696
base_B,J03WPY,6.143836037078666,4.0,11.668770995292842
base_B,J03WPY,9.237087705340556,3.7999999999999545,11.623091498660745
base_B,J03WPY,9.706654521843179,3.599999999999909,15.778038357774367
base_B,J03WPY,3.5020987067934715,2.599999999999909,10.319322874332922
base_B,J03WPY,29.80727268413553,7.0,18.781215960009625
base_B,J03WPY,9.729728594883806,2.7999999999999545,14.249032716203654
base_B,J03WPY,6.215276251998431,4.399999999999864,19.188474141109737
base_B,J03WPY,6.729796061370518,3.0,20.54645705691442
base_B,J03WPY,11.678993858225091,3.599999999999909,11.184578878096694
base_B,J03WPY,8.051783340556339,2.599999999999909,16.48660594698213
base_B,J03WPY,12.452560122658916,3.400000000000091,27.79385211588295
base_B,J03WPY,12.294516687852461,5.199999999999818,18.393604514326377
base_B,J03WPY,6.586232596675311,3.199999999999818,9.576068235681188
base_B,J03WPY,7.650712841457632,3.400000000000091,15.47058984590839
base_B,J03WPY,9.84107297873516,6.0,17.23258102264878
base_B,J03WPY,26.184243296012504,5.400000000000091,17.755209067092338
base_B,J03WPY,7.246332330930013,3.399999999999636,11.802879199681245
base_B,J03WPY,8.22166533512991,3.800000000000182,10.380435562868023
base_B,J03WPY,31.866177797983283,5.599999999999909,23.66781815132876
base_B,J03WPY,4.851468242055482,2.6000000000000227,9.322986909957242
base_B,J03WPY,30.350863543055905,6.0,37.43510727303081
base_B,J03WPY,4.26789841491151,4.399999999999977,11.800851863417932
base_B,J03WPY,11.34751228371333,3.6000000000000227,19.964787711187725
base_B,J03WPY,6.214772466499916,3.6000000000000227,11.495273646220705
base_B,J03WPY,46.387966848495125,10.0,30.848558500536875
base_B,J03WPY,5.327951870411777,3.0,9.229267482435883
base_B,J03WPY,9.679250601757278,3.0,16.805955556387858
base_B,J03WPY,9.532051450954452,3.7999999999999545,18.861081544653743
base_B,J03WPY,9.218171136742185,2.7999999999999545,7.665699152061191
base_B,J03WPY,29.057588622483394,6.2000000000000455,24.48898696399464
base_B,J03WPY,7.431109839503376,2.7999999999999545,14.461231094520276
base_B,J03WPY,9.693050002482646,3.799999999999727,9.22878967021034
base_B,J03WPY,13.718561986012906,3.599999999999909,15.016500994620348
base_B,J03WPY,7.246577967927743,3.0,11.119878905565173
base_B,J03WPY,9.975586001481766,4.800000000000182,12.591712377956416
base_B,J03WPY,10.885792350650306,5.199999999999818,22.842774887756732
base_B,J03WPY,11.478297482683113,3.800000000000182,10.48880379874302
base_B,J03WPY,12.685730120933457,3.399999999999636,11.876805427069623
base_B,J03WPY,4.52362263374992,4.0,5.398730096749716
base_B,J03WPY,10.650051569466003,3.400000000000091,17.04998812180971
base_B,J03WPY,7.016202936719169,6.0,19.114361084661716
base_B,J03WPY,7.115519390282911,2.800000000000182,13.03114214145377
base_B,J03WPY,8.220650267256351,2.599999999999909,14.859851593447356
base_B,J03WPY,5.856660991588378,3.800000000000182,23.968888819179988
base_B,J03WPY,5.385933638802515,2.599999999999909,10.340634279518902
base_B,J03WPY,7.607210005886129,3.400000000000091,22.49585512603023
base_B,J03WPY,13.295169396273437,3.599999999999909,25.829499785246867
base_B,J03WPY,12.83720164324712,3.0,22.69731432942559
base_B,J03WPY,11.658790230513873,2.799999999999727,11.06649427412636
base_B,J03WPY,14.90379790107963,3.400000000000091,19.11859956238782
base_B,J03WPY,6.323582994873574,6.0,10.188882113130052
base_B,J03WPY,10.017297136157243,2.599999999999909,10.723958539174443
base_B,J03WPY,5.046035266796693,3.400000000000091,7.9116457469211845
base_B,J03WMX,17.24430952625377,4.0,21.840735227240025
base_B,J03WMX,8.809657311906083,3.1999999999999886,18.32683356719295
base_B,J03WMX,5.162729230343319,4.399999999999977,15.929206693667018
base_B,J03WMX,11.614304126740315,3.6000000000000227,14.785004949157274
base_B,J03WMX,12.011053688353728,4.600000000000023,25.264731388669485
base_B,J03WMX,6.65438940229682,6.0,14.075716393818531
base_B,J03WMX,7.748114379969323,2.6000000000000227,8.148622129342556
base_B,J03WMX,7.866493935822307,3.3999999999999773,13.44397776137659
base_B,J03WMX,11.296264830109209,6.0,13.164564782672347
base_B,J03WMX,4.094253350393436,3.6000000000000227,15.902244105044945
base_B,J03WMX,11.410765180722848,6.0,12.13320062319581
base_B,J03WMX,17.615661962238192,3.3999999999998636,11.174798941759764
base_B,J03WMX,13.848001721495363,4.400000000000091,11.53642117572534
base_B,J03WMX,10.937511346179573,3.400000000000091,20.488304456357277
base_B,J03WMX,5.00600837273443,2.7999999999999545,15.690751181930164
base_B,J03WMX,4.863623085015484,2.7999999999999545,14.31374548825211
base_B,J03WMX,10.54343048498335,3.7999999999999545,9.688976936496292
base_B,J03WMX,13.358296866198106,3.599999999999909,15.555485292640657
base_B,J03WMX,6.8339977541410555,6.0,8.140334100053721
base_B,J03WMX,9.328133718921094,2.6000000000001364,6.632430245917591
base_B,J03WMX,7.787337520130109,3.2000000000000455,9.494989151823717
base_B,J03WMX,7.900376486661608,4.0,13.811253026439463
base_B,J03WMX,8.787248939841692,3.2000000000000455,14.553137172225192
base_B,J03WMX,6.074392324614562,5.2000000000000455,16.688262684971594
base_B,J03WMX,20.304755288342925,4.599999999999909,15.96831845836848
base_B,J03WMX,8.958528929854754,3.2000000000000455,18.608440019308134
base_B,J03WMX,11.91955853473021,5.2000000000000455,18.203034966627687
base_B,J03WMX,4.112699666116432,2.599999999999909,6.916061424712581
base_B,J03WMX,11.004826891428152,4.400000000000091,14.853068448303743
base_B,J03WMX,31.600050867119208,7.0,25.68551131965889
base_B,J03WMX,13.613418832484252,4.399999999999864,11.073714089803506
base_B,J03WMX,6.775365364869767,3.6000000000001364,13.901217704375977
base_B,J03WMX,8.761639684112552,3.599999999999909,10.497744703519215
base_B,J03WMX,10.504432132827908,4.400000000000091,10.612950275836472
base_B,J03WMX,5.835516743686474,3.800000000000182,18.951768270576828
base_B,J03WMX,12.475133699195533,6.0,20.853740614756195
base_B,J03WMX,5.903467649423001,3.800000000000182,6.798085571551655
base_B,J03WMX,10.705532638588927,3.600000000000364,16.88330603896698
base_B,J03WMX,9.97394995119762,6.0,22.70277907619686
base_B,J03WMX,7.193446981986134,3.599999999999909,7.886757894911909
base_B,J03WMX,6.898976298024174,5.399999999999636,10.715449092517371
base_B,J03WMX,35.61508004434312,7.400000000000006,23.31689793290174
base_B,J03WMX,3.7358039522682844,2.799999999999983,9.642008465608988
base_B,J03WMX,3.9150899637992267,2.5999999999999943,6.7836274252196445
base_B,J03WMX,6.253690422655625,3.1999999999999886,16.13975143440699
base_B,J03WMX,12.357381283754911,3.8000000000000114,11.551699539929103
base_B,J03WMX,10.365844134460964,3.599999999999966,11.321719303237689
base_B,J03WMX,7.501304183564983,6.0,23.86440618411617
base_B,J03WMX,9.842589174585855,3.0,11.298488217690423
base_B,J03WMX,9.540227931439603,4.2000000000000455,7.635616921879629
base_B,J03WMX,3.5113697753625575,2.6000000000000227,18.248983310128693
base_B,J03WMX,6.598788032530722,2.7999999999999545,12.769475672453737
base_B,J03WMX,8.069609624450766,3.3999999999999773,17.706612936603186
base_B,J03WMX,11.398344549056269,3.3999999999999773,13.92683378433841
base_B,J03WMX,19.84569587999058,5.0,20.999281496887797
base_B,J03WMX,6.744566130351579,5.399999999999977,11.94521140972844
base_B,J03WMX,10.915374704005195,6.0,25.01557170667712
base_B,J03WMX,3.957229779166282,3.6000000000000227,12.530370207610176
base_B,J03WMX,11.83077403580268,4.0,19.094020545933247
base_B,J03WMX,15.128363589514851,4.0,10.983499034219498
base_B,J03WMX,7.955632380969636,4.400000000000091,10.052200080921676
base_B,J03WMX,7.016738876378961,4.2000000000000455,13.117599715755741
base_B,J03WMX,9.652218397585974,6.0,8.923475645617899
base_B,J03WMX,6.077791404328741,2.599999999999909,8.848621626085684
base_B,J03WMX,10.53107176266995,4.399999999999864,16.437094451337394
base_B,J03WMX,26.848261083570343,6.0,29.150451314366133
base_B,J03WMX,6.875403450436444,3.0,14.501908680680721
base_B,J03WMX,7.333955946307366,3.400000000000091,12.3858187834679
base_B,J03WMX,7.280657454514259,4.399999999999636,12.5420380178773
base_B,J03WMX,5.3743811245798305,4.0,5.356517547613239
base_B,J03WMX,5.39309355051542,2.799999999999727,15.68746677568088
base_B,J03WMX,7.129645802376663,3.0,16.80319693969625
base_B,J03WMX,6.54083527101305,3.0,17.90003522100819
base_B,J03WMX,8.330752587343962,2.599999999999909,15.222988516424802
base_B,J03WMX,6.609789837842717,3.200000000000273,20.205338911797597
base_B,J03WN1,10.052329937934768,3.2000000000000006,19.51472615001547
base_B,J03WN1,14.135378257744163,4.199999999999989,18.125576922081244
base_B,J03WN1,7.507379803863777,3.4000000000000057,16.701745788616005
base_B,J03WN1,8.14539899918292,5.199999999999989,10.81424643408634
base_B,J03WN1,7.847106131903407,2.8000000000000114,13.86113280505506
base_B,J03WN1,11.637964922842814,4.199999999999989,23.64495740961287
base_B,J03WN1,7.0340612176507396,3.1999999999999886,15.943350356087915
base_B,J03WN1,12.29403071612761,5.399999999999977,11.493966895841186
base_B,J03WN1,12.36790200478643,6.0,12.367652455743254
base_B,J03WN1,7.7434423869493125,4.199999999999989,14.724245781281109
base_B,J03WN1,7.533319321521362,2.800000000000068,16.874340102513443
base_B,J03WN1,21.25736813436697,6.0,19.903734356986654
base_B,J03WN1,6.187115644628046,3.400000000000091,17.416592091924308
base_B,J03WN1,7.221807253035827,3.2000000000000455,13.180433597779931
base_B,J03WN1,9.321223095709557,2.599999999999909,7.2173599871817204
base_B,J03WN1,10.920114468264517,4.600000000000023,21.614355345077648
base_B,J03WN1,21.651207818502872,5.0,23.654571694221534
base_B,J03WN1,11.835391839732003,3.599999999999909,9.288642272049469
base_B,J03WN1,12.503731443053306,3.0,14.664712345707642
base_B,J03WN1,6.910238780244543,2.599999999999909,18.46358310109486
base_B,J03WN1,12.935737319534304,3.0,13.717975564675301
base_B,J03WN1,5.601508725334714,2.6000000000000227,8.128253043663381
base_B,J03WN1,15.729504124415367,6.0,15.60040799456368
base_B,J03WN1,6.202233468678949,3.0,13.567406892668139
base_B,J03WN1,4.5114299285259865,3.3999999999998636,20.00293045717958
base_B,J03WN1,11.982925352349639,6.0,6.946773445868016
base_B,J03WN1,6.400765579210038,6.0,9.2257571229316
base_B,J03WN1,9.153469287652634,3.0,13.927187822462795
base_B,J03WN1,22.44219686216125,5.2000000000000455,15.760721693824307
base_B,J03WN1,21.56831240500836,5.600000000000136,16.492926949004726
base_B,J03WN1,5.531084884541504,4.199999999999818,8.41574627242135
base_B,J03WN1,8.891979532140182,6.0,12.067763723579551
base_B,J03WN1,16.875366662683216,6.0,17.418736728716123
base_B,J03WN1,15.54350346607868,5.400000000000091,12.058528455243247
base_B,J03WN1,22.196785803355432,8.0,11.812773689415438
base_B,J03WN1,10.998368060762148,3.3999999999998636,19.7553315010231
base_B,J03WN1,9.110718961750107,5.2000000000000455,7.4735567502736195
base_B,J03WN1,4.137269631048963,3.400000000000091,12.320352067805096
base_B,J03WN1,5.885855927560578,3.2000000000000455,16.31131629887655
base_B,J03WN1,8.828165154776169,5.2000000000000455,8.937204966633399
base_B,J03WN1,9.741031772866299,4.399999999999864,18.24452517141685
base_B,J03WN1,10.956007484480468,4.399999999999864,24.525045750110696
base_B,J03WN1,4.610878441251654,3.599999999999909,6.9610642849339595
base_B,J03WN1,13.803278596044306,4.7999999999999545,22.266218300188907
base_B,J03WN1,15.893448335714345,6.0,15.22205450783997
base_B,J03WN1,6.088021024931435,2.800000000000182,9.794601318005244
base_B,J03WN1,10.46883470114988,2.800000000000182,10.877404507304922
base_B,J03WN1,6.689469336202748,3.399999999999636,15.000747938319034
base_B,J03WN1,17.148556790587367,6.0,26.98975215029417
base_B,J03WN1,9.47831736121841,3.0,12.100566100950685
base_B,J03WN1,6.730497752766088,3.599999999999909,10.885838969944434
base_B,J03WN1,7.003320640953109,3.199999999999818,17.053597551082184
base_B,J03WN1,36.897110998017176,8.599999999999909,17.85296018822382
base_B,J03WN1,5.389174333791511,3.399999999999636,14.982296646584638
base_B,J03WN1,6.204135717406572,2.799999999999727,7.437863395236133
base_B,J03WN1,23.37830190582712,6.0,18.87774552667259
base_B,J03WN1,8.580495323699262,4.599999999999909,14.771236747888599
base_B,J03WN1,7.355032290887641,3.0,6.640797055740591
base_B,J03WN1,8.798647623356663,3.799999999999997,17.928603640620175
base_B,J03WN1,17.25318811118688,5.199999999999989,12.06327327806984
base_B,J03WN1,5.187918657804877,2.5999999999999943,14.033087145370459
base_B,J03WN1,18.569760364635844,6.0,21.85454491334895
base_B,J03WN1,13.635754471242178,6.0,22.099539989631296
base_B,J03WN1,18.43423445657526,3.599999999999966,8.81921317484449
base_B,J03WN1,9.405370806087136,5.199999999999932,12.265858914857944
base_B,J03WN1,9.112129279153146,3.2000000000000455,14.700279493518018
base_B,J03WN1,10.780361775005208,6.0,21.212086126575286
base_B,J03WN1,7.556189515886959,3.0,27.84027182343852
base_B,J03WN1,8.123995322499676,2.599999999999909,16.113079755744828
base_B,J03WN1,11.311626761876473,4.399999999999977,13.916552981866127
base_B,J03WN1,11.716262202596873,2.6000000000000227,13.44917365948144
base_B,J03WN1,14.879092714275163,5.800000000000182,20.00813838412962
base_B,J03WN1,9.495651636407251,4.7999999999999545,26.054594673039354
base_B,J03WN1,4.4177935669276165,3.0,7.101664227766611
base_B,J03WN1,8.671239819080842,4.400000000000091,9.251036534168067
base_B,J03WN1,5.128001560062166,2.7999999999999545,9.792789337626623
base_B,J03WN1,10.57448343891963,3.599999999999909,20.219868024418513
base_B,J03WN1,5.973022685374635,2.599999999999909,15.441526810534352
base_B,J03WN1,8.377314605528436,4.0,27.27372389396927
base_B,J03WN1,11.870265371927538,4.199999999999818,12.78139244362867
base_B,J03WN1,7.844061448000013,6.0,19.573079288380463
base_B,J03WN1,5.98953253601677,2.599999999999909,7.786692062209468
base_B,J03WN1,4.343316705007825,3.2000000000000455,12.73626885041549
base_B,J03WN1,22.02493359808378,6.0,29.02120628776809
base_B,J03WN1,16.70775269149026,4.199999999999818,9.822553481329257
base_B,J03WN1,6.260742767437438,3.199999999999818,15.342538434897213
base_B,J03WN1,7.977750309454418,3.599999999999909,8.576617601347492
base_B,J03WN1,16.40219497506356,4.400000000000091,13.331763560923003
base_B,J03WN1,11.442141407970805,6.0,16.235321811105464
base_B,J03WN1,5.281401329192194,6.0,13.093271229043044
base_B,J03WN1,6.265819978262764,2.799999999999727,13.652820154226106
base_B,J03WN1,7.902708396495458,3.599999999999909,18.10606857035226
base_B,J03WN1,5.350084111489321,4.0,9.060551476673009
base_B,J03WN1,12.453292737265462,3.200000000000273,11.610613874142608
base_B,J03WN1,15.162931774559667,4.0,24.090808708906337
base_B,J03WOH,11.600096640001395,2.8000000000000003,17.66515070445862
base_B,J03WOH,9.995510597941372,6.0,11.422770244179503
base_B,J03WOH,9.393751310827021,3.1999999999999886,10.061048746293716
base_B,J03WOH,6.461407128568535,3.3999999999999773,10.137817245186898
base_B,J03WOH,8.843386594813477,2.7999999999999545,10.038102023326335
base_B,J03WOH,23.23024089480709,4.599999999999909,15.505813278522536
base_B,J03WOH,13.694293472672754,3.199999999999932,14.812597199390703
base_B,J03WOH,6.901757342980267,2.6000000000000227,11.873800646894363
base_B,J03WOH,5.601372400759885,4.2000000000000455,10.839467929432075
base_B,J03WOH,10.445698537716254,6.0,20.754985364718447
base_B,J03WOH,10.183655632637183,2.6000000000000227,9.928039709524137
base_B,J03WOH,13.81345250759322,5.600000000000023,31.41541793679414
base_B,J03WOH,4.007471337171889,4.600000000000023,8.88706135129063
base_B,J03WOH,9.402881082231968,3.6000000000000227,23.45451971002271
base_B,J03WOH,16.644170322406993,4.7999999999999545,31.771597721101816
base_B,J03WOH,4.991736489070689,4.599999999999909,10.79781870398708
base_B,J03WOH,10.623036330578248,2.599999999999909,19.33288563567971
base_B,J03WOH,5.3876120026311325,6.0,15.394111054998104
base_B,J03WOH,6.444936340358225,2.7999999999999545,11.55231668808105
base_B,J03WOH,12.007878127236902,6.0,20.669290068388516
base_B,J03WOH,8.303071991937475,2.7999999999999545,10.42490223643523
base_B,J03WOH,11.886504652586673,3.7999999999999545,16.699637430580424
base_B,J03WOH,12.173017759355183,5.199999999999818,12.213721743619008
base_B,J03WOH,12.41794779471752,4.2000000000000455,20.841319277563628
base_B,J03WOH,31.641782477146357,7.2000000000000455,26.85645458934556
base_B,J03WOH,8.316276962145349,3.400000000000091,4.509667077754593
base_B,J03WOH,8.707518961953646,3.0,12.835171579555691
base_B,J03WOH,12.133524719979505,3.0,17.998332147805854
base_B,J03WOH,11.536374426226015,3.199999999999818,27.449151730883106
base_B,J03WOH,7.652326382687809,3.0,7.006994616752719
base_B,J03WOH,5.595969011432448,2.800000000000182,15.563252853355197
base_B,J03WOH,12.195056377861325,3.200000000000273,14.842046093092234
base_B,J03WOH,8.33298335519453,3.200000000000273,17.58865806960757
base_B,J03WOH,12.167112390192578,3.0,12.073336953544114
base_B,J03WOH,9.841084322271637,2.799999999999727,16.818721451471806
base_B,J03WOH,7.8030485029804595,3.399999999999636,15.634946100547609
base_B,J03WOH,10.934486881098625,3.0,16.696121238648246
base_B,J03WOH,5.111853581914426,4.400000000000091,12.48942037542212
base_B,J03WOH,17.408844206043167,6.0,25.62381190507942
base_B,J03WOH,7.576563718786247,3.199999999999818,20.64478476359993
base_B,J03WOH,22.99511612388073,7.0,16.73988808534765
base_B,J03WOH,11.7250927668954,3.4000000000000004,17.98343804128389
base_B,J03WOH,7.094335814595578,2.799999999999997,11.634745241083825
base_B,J03WOH,5.6491581831223385,4.0,11.80022779429055
base_B,J03WOH,17.192411827953563,3.4000000000000057,25.33001737812777
base_B,J03WOH,10.597025179057203,3.8000000000000114,30.394679507828407
base_B,J03WOH,5.918179323455933,2.8000000000000114,6.91513677240042
base_B,J03WOH,9.411825724397035,4.199999999999989,24.899229842526797
base_B,J03WOH,8.706235353479538,3.1999999999999886,8.497673371608144
base_B,J03WOH,7.963088858738093,2.8000000000000114,21.641189454865163
base_B,J03WOH,8.22868315004309,3.0,14.5831221830151
base_B,J03WOH,13.655487382399807,3.6000000000000227,12.123881010488898
base_B,J03WOH,8.151700042038026,2.8000000000000114,7.889426295795007
base_B,J03WOH,7.5516408315830486,3.1999999999999886,15.55185426362322
base_B,J03WOH,5.836270463046489,6.0,8.689357000377834
base_B,J03WOH,5.2396068135201315,2.8000000000000114,8.050842808932654
base_B,J03WOH,12.060474073081354,3.0,23.582808436252076
base_B,J03WOH,5.832003806654557,2.6000000000000227,8.809740234578292
base_B,J03WOH,9.363768842098745,3.2000000000000455,8.226200072436132
base_B,J03WOH,8.316390016822062,3.0,12.036607383267894
base_B,J03WOH,8.285939517628307,3.0,13.71910575513034
base_B,J03WOH,9.123623134469543,3.2000000000000455,8.171632852334382
base_B,J03WOH,12.649318367390597,3.3999999999999773,21.19565751323205
base_B,J03WOH,6.441113744232807,3.199999999999932,11.382027578135306
base_B,J03WOH,22.658317244737766,5.2000000000000455,17.584136722819586
base_B,J03WOH,7.935253803591637,3.0,13.339724504638124
base_B,J03WOH,8.91249066214148,3.0,7.475261388937334
base_B,J03WOH,12.355847307965227,4.599999999999909,12.2508247089251
base_B,J03WOH,7.392339502877885,2.599999999999909,9.10688352571471
base_B,J03WOH,10.535202798862034,5.599999999999909,22.56095072507989
base_B,J03WOH,12.50108550393557,4.0,15.087446199828612
base_B,J03WOH,10.702013265220929,3.7999999999999545,13.732761547724186
base_B,J03WOH,11.237910527436515,3.2000000000000455,13.565537523978495
base_B,J03WOH,7.284013849926196,2.7999999999999545,12.528997136546387
base_B,J03WOH,11.246744928199638,2.6000000000001364,11.563826578314924
base_B,J03WOH,3.1713073649667094,3.199999999999818,12.78626220050217
base_B,J03WOH,10.248878087399781,6.0,13.4255437202341
base_B,J03WOH,14.162355290370316,4.599999999999909,19.33370236637084
base_B,J03WOH,8.791825900914247,2.6000000000001364,21.73457382122571
base_B,J03WOH,12.160162675087278,2.599999999999909,7.263826989639105
base_B,J03WOH,7.064741171321318,3.599999999999909,13.097636217944242
base_B,J03WOH,6.644170045622684,2.599999999999909,9.171038622144602
base_B,J03WOH,7.9433471999781275,2.599999999999909,12.690909411626528
base_B,J03WOH,9.446697835372728,3.799999999999727,18.681855639384036
base_B,J03WOH,19.401805575359415,3.199999999999818,20.445116818285126
base_B,J03WOH,6.844548641236965,5.199999999999818,12.434462364787354
base_B,J03WOH,4.97074480412631,3.599999999999909,11.365104702796328
base_B,J03WOY,9.42084441486433,2.8000000000000003,16.644047457814196
base_B,J03WOY,5.369499293095607,3.799999999999997,10.800353762835076
base_B,J03WOY,8.040803256976403,3.0,8.252675220033
base_B,J03WOY,6.023735463610819,2.8000000000000114,8.174418439925235
base_B,J03WOY,18.663263215374535,6.0,35.60039125603503
base_B,J03WOY,8.8515631324506,3.0,10.068426202547583
base_B,J03WOY,10.569808635847396,6.0,31.760444952859615
base_B,J03WOY,6.9969889274785295,4.199999999999989,11.555624379544476
base_B,J03WOY,11.036926221972198,3.0,12.568471203120087
base_B,J03WOY,4.3987281056475,2.6000000000000227,7.344653839772487
base_B,J03WOY,7.464451362352534,3.0,9.570249379536563
base_B,J03WOY,7.731551369980384,2.7999999999999545,7.136049065163565
base_B,J03WOY,18.44412667673721,6.0,19.596781901272003
base_B,J03WOY,8.497476707204738,6.0,14.107813792041995
base_B,J03WOY,8.593756742383015,3.599999999999909,22.409266868130324
base_B,J03WOY,5.876671947031123,3.0,16.068568503834186
base_B,J03WOY,10.9099458252069,3.2000000000000455,10.06716597836235
base_B,J03WOY,22.437263494699614,6.0,15.149423480713532
base_B,J03WOY,18.63988071898887,3.7999999999999545,19.44894610506658
base_B,J03WOY,13.753485429072276,4.0,14.115768027635776
base_B,J03WOY,5.090942614531184,3.2000000000000455,13.592974242537105
base_B,J03WOY,11.447580107935059,4.0,19.83678100455242
base_B,J03WOY,12.47450024644499,4.0,20.331697462067524
base_B,J03WOY,4.000882888953417,2.6000000000001364,8.655670960635213
base_B,J03WOY,10.16655893571838,8.399999999999864,15.669140035544487
base_B,J03WOY,15.896812464572317,4.399999999999864,17.55260086242719
base_B,J03WOY,9.894754418468505,3.0,14.437567719115489
base_B,J03WOY,6.71362976594824,6.0,21.25299779337132
base_B,J03WOY,7.9812546551077626,6.0,7.532140845012198
base_B,J03WOY,10.140929924091001,3.3999999999998636,20.884236202725443
base_B,J03WOY,16.783839914395834,6.199999999999818,25.79679338389384
base_B,J03WOY,11.305467657505993,4.200000000000273,15.659906406322856
base_B,J03WOY,9.600712409585121,2.599999999999909,9.82663959024498
base_B,J03WOY,12.223778526094495,4.199999999999818,10.222127151681
base_B,J03WOY,6.86591305534057,2.599999999999909,9.042373990332234
base_B,J03WOY,9.11274465355033,6.0,15.873326885355873
base_B,J03WOY,13.869883960944861,4.400000000000091,28.75760921465442
base_B,J03WOY,8.745353096825024,6.0,27.587668672237456
base_B,J03WOY,4.904515644298672,4.599999999999909,18.833544350615583
base_B,J03WOY,10.525685001168345,3.799999999999727,20.08860756411307
base_B,J03WOY,8.398048938539983,3.0,13.021041884386277
base_B,J03WOY,6.58960641286625,6.0,25.240762132013423
base_B,J03WOY,7.8312182879555134,2.599999999999909,10.176860595483184
base_B,J03WOY,7.142224933526818,2.599999999999909,12.154595521135217
base_B,J03WOY,9.690046297099308,2.5999999999999996,16.760642114295
base_B,J03WOY,15.40409463482858,3.5999999999999943,17.123709735515536
base_B,J03WOY,7.186072196605089,6.0,12.548499998411618
base_B,J03WOY,4.501113960623753,3.0,9.896415769967364
base_B,J03WOY,4.91137240095913,3.599999999999966,14.876463057190188
base_B,J03WOY,12.022362840833857,5.399999999999977,12.596542637237514
base_B,J03WOY,8.152573901135373,2.8000000000000114,7.426405983788837
base_B,J03WOY,10.295330410385873,6.0,7.141703603660269
base_B,J03WOY,20.492727382206745,6.0,18.89994204610135
base_B,J03WOY,12.629570172466282,4.2000000000000455,10.960620346427241
base_B,J03WOY,10.177659928454972,4.0,12.677077572412092
base_B,J03WOY,14.685528749760255,6.0,25.23151687757664
base_B,J03WOY,25.696651443486516,6.600000000000023,21.566887263719273
base_B,J03WOY,7.331575324945727,3.2000000000000455,4.088316782562738
base_B,J03WOY,8.485304424563418,3.199999999999932,14.907197155493154
base_B,J03WOY,10.386509208267801,4.399999999999977,15.992457951103837
base_B,J03WOY,17.6645888116095,5.7999999999999545,13.770656281537148
base_B,J03WOY,8.561834427097853,3.199999999999818,17.507115521037576
base_B,J03WOY,17.55987034677547,6.0,14.02442561942605
base_B,J03WOY,14.863749921871648,6.0,9.790383306719425
base_B,J03WOY,7.721331052314065,5.0,7.07372777910368
base_B,J03WOY,4.238789589419942,3.400000000000091,4.6927158913397395
base_B,J03WOY,9.137084426544462,3.6000000000001364,8.466712376311794
base_B,J03WOY,10.452410979705807,3.2000000000000455,14.34969106387107
base_B,J03WOY,14.634022502812673,3.7999999999999545,17.66384367902659
base_B,J03WOY,4.655878738838687,2.7999999999999545,15.271886226456115
base_B,J03WOY,17.547842834197603,4.7999999999999545,23.41396508061561
base_B,J03WOY,9.618740662610463,3.3999999999998636,21.915407788776935
base_B,J03WOY,13.500139898046797,6.0,17.73561484590029
base_B,J03WOY,13.052261895524492,6.0,12.280855326777617
base_B,J03WOY,3.9974898468744122,4.2000000000000455,20.38159114924361
base_B,J03WOY,21.22545111586974,4.600000000000364,20.095970742767932
base_B,J03WOY,37.6191277835502,8.600000000000364,30.966720324308184
base_B,J03WOY,14.644829330306724,4.599999999999909,14.830720007146656
base_B,J03WOY,9.115664330540827,2.599999999999909,8.608451107867875
base_B,J03WOY,9.19766298038678,6.0,14.626985072865367
base_B,J03WOY,9.074593128720906,5.799999999999727,23.320412705845257
base_B,J03WOY,7.017331414456384,3.799999999999727,11.187105335421762
base_B,J03WOY,9.881212940830604,4.0,20.67784196441322
base_B,J03WOY,17.030273420809458,5.400000000000091,22.635256257869237
base_B,J03WOY,7.802864306788921,6.0,16.23186883245478
base_B,J03WOY,4.190163864844036,2.599999999999909,8.744097685228859
base_B,J03WOY,6.8068735565967735,2.599999999999909,10.83585978831091
base_B,J03WOY,15.492765042469562,6.0,34.336033950420784
base_B,J03WQQ,37.88458423308117,7.599999999999994,27.831993343536613
base_B,J03WQQ,7.958618746040097,3.4000000000000057,7.39978724585179
base_B,J03WQQ,6.6675085077322755,2.8000000000000114,8.632351675982964
base_B,J03WQQ,6.037782558208008,6.0,10.233361707593808
base_B,J03WQQ,13.087757881884055,3.7999999999999545,15.706518656657273
base_B,J03WQQ,6.78731290295981,4.0,10.787880529801397
base_B,J03WQQ,4.7455609773990615,2.599999999999909,5.050733860038175
base_B,J03WQQ,4.284772071334645,2.6000000000000227,11.406953009412078
base_B,J03WQQ,21.725846927194212,4.599999999999909,19.922821125332675
base_B,J03WQQ,5.9368426816135464,2.6000000000000227,8.519618856970771
base_B,J03WQQ,10.727434836941715,5.0,16.31535314132069
base_B,J03WQQ,11.91408928048758,2.7999999999999545,13.410595895755726
base_B,J03WQQ,14.794964656424277,3.599999999999909,13.62012580586186
base_B,J03WQQ,7.937145377527427,3.0,13.905116866231559
base_B,J03WQQ,7.086197585878909,2.6000000000001364,9.403427363466193
base_B,J03WQQ,5.095897237083138,3.2000000000000455,11.372146425843866
base_B,J03WQQ,4.7205281916992,2.7999999999999545,10.747394862527898
base_B,J03WQQ,10.337248705406365,2.599999999999909,9.52442461474497
base_B,J03WQQ,15.142586019370896,6.0,14.643572826798955
base_B,J03WQQ,18.10110732208097,6.0,19.128551348546406
base_B,J03WQQ,9.317458635020834,3.2000000000000455,9.121836643584032
base_B,J03WQQ,14.550476672884567,5.0,22.44502506396711
base_B,J03WQQ,9.009227140367292,3.599999999999909,14.294550600113258
base_B,J03WQQ,5.037432171635018,2.599999999999909,11.709332327257526
base_B,J03WQQ,3.0704569887530315,2.599999999999909,6.429401357625546
base_B,J03WQQ,3.3160659376002846,4.399999999999864,10.027367451005762
base_B,J03WQQ,7.51643847064319,3.599999999999909,9.334497079016586
base_B,J03WQQ,39.17464105457645,13.600000000000136,24.537862432413363
base_B,J03WQQ,5.705480125690874,2.6000000000001364,10.800458671855445
base_B,J03WQQ,7.5429101833189245,2.7999999999999545,14.895362708693288
base_B,J03WQQ,8.232444302824176,3.6000000000001364,12.912125048873143
base_B,J03WQQ,8.22477030132831,2.799999999999727,13.467747919778573
base_B,J03WQQ,8.461790087989048,6.0,23.380667032487708
base_B,J03WQQ,9.37802447769375,3.600000000000364,15.188628252237034
base_B,J03WQQ,4.333741205268204,3.800000000000182,10.859285230361944
base_B,J03WQQ,12.902971867197781,3.0,18.532435925121128
base_B,J03WQQ,15.328109569009928,4.800000000000182,15.838444506276849
base_B,J03WQQ,7.654666137311649,2.799999999999727,13.546776235591086
base_B,J03WQQ,14.159349866247847,6.0,13.99670620701622
base_B,J03WQQ,6.009070063508295,3.0,12.835803689250813
base_B,J03WQQ,6.9649151906795534,2.6000000000000005,11.128141783383237
base_B,J03WQQ,12.029358876885352,6.0,11.646775565430328
base_B,J03WQQ,28.24010319786084,5.400000000000006,18.745546894637137
base_B,J03WQQ,13.525307034220466,4.199999999999989,23.858104294000253
base_B,J03WQQ,10.834497222824295,4.2000000000000455,13.513259178604754
base_B,J03WQQ,4.4841795660394315,4.7999999999999545,17.243973037051195
base_B,J03WQQ,5.669914379607998,2.8000000000000114,16.190756217271318
base_B,J03WQQ,6.56957226152382,3.1999999999999886,10.389974791252788
base_B,J03WQQ,7.980051833899944,3.8000000000000114,20.422472114250375
base_B,J03WQQ,7.737767071155346,2.8000000000000114,15.767384419101543
base_B,J03WQQ,8.514499448453748,6.0,16.922762882708696
base_B,J03WQQ,10.116394831694457,4.2000000000000455,11.957220121581056
base_B,J03WQQ,9.285310220304344,3.800000000000068,18.478472666222594
base_B,J03WQQ,3.6874602056857597,3.0,8.470689395690565
base_B,J03WQQ,14.588533302926674,4.2000000000000455,25.62853650743694
base_B,J03WQQ,12.278619629258005,3.6000000000000227,10.518944359477631
base_B,J03WQQ,7.373960943753139,2.7999999999999545,10.789151237443773
base_B,J03WQQ,16.494353579331108,4.0,18.969374050299386
base_B,J03WQQ,8.329045563568187,3.3999999999998636,13.866710308524288
base_B,J03WQQ,15.290284497026208,4.400000000000091,13.301768942504301
base_B,J03WQQ,8.578169968005996,3.0,8.932133262483934
base_B,J03WQQ,10.000004999998755,3.599999999999909,9.779079351555707
base_B,J03WQQ,3.950658173013768,3.0,17.312602568962507
base_B,J03WQQ,9.130744766995074,3.800000000000182,15.857097905786238
base_B,J03WQQ,6.876401675295254,6.0,9.23141100825134
base_B,J03WQQ,9.57548954362174,3.0,16.769471077510055
base_B,J03WQQ,8.74547311470334,2.7999999999999545,7.429369873397283
base_B,J03WQQ,22.520035523949897,5.7999999999999545,17.114524359126026
base_B,J03WQQ,11.394568881708796,3.0,20.6194277249021
base_B,J03WQQ,6.397655820689323,2.599999999999909,12.059116143972966
base_B,J03WQQ,10.76987000850035,4.399999999999864,11.084809662506796
base_B,J03WQQ,21.899004543587125,4.800000000000182,19.392786272076837
base_B,J03WQQ,8.304149565128442,2.800000000000182,11.500562722679474
base_B,J03WQQ,6.6368215284132885,6.0,9.860817534267877
base_B,J03WQQ,8.839711533754931,6.0,14.581184356576353
base_B,J03WQQ,6.008901729934917,3.600000000000364,13.003501048544937
base_B,J03WQQ,3.82388545853559,3.0,7.89646576283299
base_B,J03WQQ,24.589042274964676,6.199999999999818,16.732332937494647
base_B,J03WQQ,8.775477195003088,4.0,22.40157382484416
base_B,J03WQQ,24.108606347112936,8.400000000000091,26.82157732981949
base_B,J03WQQ,9.024965373894794,5.0,26.062331903660354
base_B,J03WQQ,6.396256717798863,5.400000000000091,14.971033342987356
base_B,J03WQQ,7.368921223625614,2.599999999999909,8.057994604674889
base_B,J03WQQ,13.054386236049345,2.799999999999727,13.811926553578163
base_B,J03WQQ,8.319260784469652,3.400000000000091,21.900561665601707
base_B,J03WR9,14.335764534043916,4.2,26.543741106322127
base_B,J03WR9,22.026601667230608,5.000000000000002,17.890660405811673
base_B,J03WR9,10.149240355250448,5.600000000000001,14.670320065806028
base_B,J03WR9,7.661866729860335,6.0,12.973778654357435
base_B,J03WR9,8.433909221141054,2.6000000000000227,13.122951719533528
base_B,J03WR9,9.883465491935656,4.399999999999977,15.046162251987916
base_B,J03WR9,5.576156845905164,2.5999999999999943,8.844706555467592
base_B,J03WR9,17.782757061349642,6.0,22.601626211210927
base_B,J03WR9,4.737226034274213,3.1999999999999886,6.992726035170505
base_B,J03WR9,12.083411335907474,3.4000000000000057,11.060266882406864
base_B,J03WR9,7.1894522699751064,2.599999999999966,11.610926525543892
base_B,J03WR9,7.332899160019899,2.8000000000000114,8.651014434216222
base_B,J03WR9,7.717478174640434,2.8000000000000114,5.295736709450788
base_B,J03WR9,8.755670351914443,3.400000000000034,11.351904916083537
base_B,J03WR9,5.623133682955373,5.800000000000011,13.442972638334055
base_B,J03WR9,11.013348376502101,5.399999999999977,13.202493947625523
base_B,J03WR9,8.647226161326675,5.2000000000000455,26.18025698087905
base_B,J03WR9,7.8921150656146715,5.199999999999932,7.385077072032932
base_B,J03WR9,6.625598749111602,2.599999999999909,7.118643865006827
base_B,J03WR9,7.791766503853814,2.6000000000000227,15.308709938448466
base_B,J03WR9,14.369353561778611,3.0,14.279699972325092
base_B,J03WR9,8.380945656705851,3.3999999999999773,11.301871723932308
base_B,J03WR9,10.883091809557637,3.400000000000091,15.267893986048481
base_B,J03WR9,5.479720451600901,2.599999999999909,8.436945536267952
base_B,J03WR9,14.391744883033438,5.400000000000091,20.262655886071332
base_B,J03WR9,9.004354613734979,3.2000000000000455,13.258203697727923
base_B,J03WR9,9.703083372419643,4.400000000000091,10.324564099453355
base_B,J03WR9,8.662778797267698,6.0,19.327824856201886
base_B,J03WR9,4.426796227380486,3.400000000000091,10.056412995508921
base_B,J03WR9,7.576749295899922,3.2000000000000455,20.943167791186134
base_B,J03WR9,9.004643182976535,3.2000000000000455,18.7627814420794
base_B,J03WR9,8.897445070578925,4.600000000000136,11.48696228188377
base_B,J03WR9,13.64079756293881,5.0,15.476109842706492
base_B,J03WR9,11.369668840164419,6.0,14.149872084250081
base_B,J03WR9,26.11271425621584,6.400000000000091,21.17856408702511
base_B,J03WR9,21.876865504899527,3.799999999999727,18.854541090003703
base_B,J03WR9,13.487102115653343,4.399999999999636,18.66334696764847
base_B,J03WR9,6.641851269261048,3.400000000000091,16.994376510220825
base_B,J03WR9,6.566085347119087,3.0,19.549443184437624
base_B,J03WR9,4.017324630614279,4.0,9.52481841427587
base_B,J03WR9,10.286227637876781,3.200000000000273,15.624780657408744
base_B,J03WR9,21.760715594795347,4.599999999999909,18.639610413339824
base_B,J03WR9,7.501643936300796,6.0,13.813989898126042
base_B,J03WR9,7.1126771076320505,6.0,15.129110615412447
base_B,J03WR9,7.3059017239489314,6.0,10.121068261984218
base_B,J03WR9,12.234941765288463,6.0,14.814639565299297
base_B,J03WR9,8.66157606905348,3.799999999999997,20.0985979968623
base_B,J03WR9,7.207364289391786,2.5999999999999943,21.150879322581858
base_B,J03WR9,8.32598943069234,6.0,18.857443836487423
base_B,J03WR9,11.507189057280709,6.0,17.718406179856082
base_B,J03WR9,10.294857939767832,5.599999999999966,23.02331846110476
base_B,J03WR9,5.0505643249049506,2.800000000000068,9.862049861351274
base_B,J03WR9,12.921950317192827,6.0,31.13217051424271
base_B,J03WR9,16.600192769965055,6.0,24.055422204191014
base_B,J03WR9,10.57783531730382,4.400000000000091,7.359642719695186
base_B,J03WR9,4.892862148068345,4.0,8.423225160690517
base_B,J03WR9,4.136967488391103,2.6000000000001364,16.365439937480755
base_B,J03WR9,11.460794038809004,5.0,30.93038650382048
base_B,J03WR9,7.349136003639845,2.599999999999909,11.55499214100249
base_B,J03WR9,14.71674216666175,6.0,14.41063734582172
base_B,J03WR9,17.884619090157845,4.400000000000091,18.82913859941542
base_B,J03WR9,7.637047858957021,6.0,19.3071545837733
base_B,J03WR9,10.79082943985381,6.0,27.437814301764178
base_B,J03WR9,20.036179775595944,6.0,17.67338741491878
base_B,J03WR9,10.542736836324806,3.2000000000000455,26.425812821294002
base_B,J03WR9,11.5617386235808,3.799999999999727,25.047921712901914
base_B,J03WR9,17.130105078488167,6.0,14.420745076130217
base_B,J03WR9,9.033825324857355,2.800000000000182,17.4935049544478
base_B,J03WR9,12.365055600360959,6.0,10.681587248811129
base_B,J03WR9,12.251224428603052,5.800000000000182,12.902374413237693
base_B,J03WR9,12.495775286071453,4.0,10.740468064305096
base_B,J03WR9,7.300746537170015,6.0,12.496958957869397
base_B,J03WR9,7.282341656364154,2.599999999999909,16.89931981416144
base_B,J03WR9,6.483085685073262,5.199999999999818,12.606350914446677
base_B,J03WR9,10.59393222557139,6.0,18.928154866728335
coupled_B,Sample_Game_1,23.53826697356149,4.199999999999996,11.050295293667642
coupled_B,Sample_Game_1,7.049903696665439,2.6000000000000227,9.124488872092208
coupled_B,Sample_Game_1,11.45500911020467,6.0,12.31967728307745
coupled_B,Sample_Game_1,7.031447225914726,2.8000000000000114,9.660613711077364
coupled_B,Sample_Game_1,5.355965979053622,6.0,6.068299205614617
coupled_B,Sample_Game_1,11.683364653676264,3.8000000000000114,14.642651194150337
coupled_B,Sample_Game_1,6.640505908448861,6.0,7.973920993635016
coupled_B,Sample_Game_1,5.317803144827266,4.2000000000000455,12.621980321733183
coupled_B,Sample_Game_1,20.63245224397057,5.399999999999977,31.167581132069984
coupled_B,Sample_Game_1,34.055491974058114,6.399999999999977,20.768690457055026
coupled_B,Sample_Game_1,6.478681863224381,6.0,9.703911996026292
coupled_B,Sample_Game_1,5.406695786324335,3.2000000000000455,12.39128593749888
coupled_B,Sample_Game_1,11.00173113427082,6.0,13.271469967372132
coupled_B,Sample_Game_1,8.508565398304611,2.6000000000000227,7.796298512897966
coupled_B,Sample_Game_1,9.500059669344967,3.0,10.616239549897136
coupled_B,Sample_Game_1,6.484175323957307,2.7999999999999545,9.330251687489378
coupled_B,Sample_Game_1,3.9818558382932654,6.0,13.584165202386869
coupled_B,Sample_Game_1,7.391094420825013,3.6000000000000227,12.945137304183653
coupled_B,Sample_Game_1,10.258966717692907,3.3999999999998636,14.64596281771568
coupled_B,Sample_Game_1,5.880744391937213,2.7999999999999545,7.294769554829637
coupled_B,Sample_Game_1,10.240937146032746,4.399999999999864,15.641687153142096
coupled_B,Sample_Game_1,6.07380310319582,6.0,7.302141314013802
coupled_B,Sample_Game_1,5.525670679289977,2.7999999999999545,7.760686658687289
coupled_B,Sample_Game_1,4.1066567476591604,6.0,17.831531500038167
coupled_B,Sample_Game_1,6.708047637944165,3.0,14.733197484714534
coupled_B,Sample_Game_1,6.5294161145434675,2.6000000000001364,9.895621247673176
coupled_B,Sample_Game_1,6.490423130102079,6.0,13.049520896020677
coupled_B,Sample_Game_1,10.065749645513971,5.0,13.009242449674446
coupled_B,Sample_Game_1,10.154012171400385,2.7999999999999545,5.797944784315663
coupled_B,Sample_Game_1,14.572785752717625,5.2000000000000455,11.10754963885842
coupled_B,Sample_Game_1,7.301046518262167,2.7999999999999545,7.6542740479443
coupled_B,Sample_Game_1,3.545002240360583,2.599999999999909,10.224275446112035
coupled_B,Sample_Game_1,22.381386482314454,5.2000000000000455,19.237014691385376
coupled_B,Sample_Game_1,11.41937225038657,6.0,20.72516416089263
coupled_B,Sample_Game_1,7.182602391123903,3.0,11.628738426769118
coupled_B,Sample_Game_1,10.101398413477032,3.799999999999727,16.172951029264254
coupled_B,Sample_Game_1,12.448679240682349,3.0,11.796170733989458
coupled_B,Sample_Game_1,6.990738622575469,6.0,7.157755352756081
coupled_B,Sample_Game_1,7.048367703420063,3.599999999999909,11.062855100602228
coupled_B,Sample_Game_1,10.228871141698047,2.800000000000182,10.019307227494036
coupled_B,Sample_Game_1,9.213023130836326,6.0,7.203294350333646
coupled_B,Sample_Game_1,10.812851995606339,3.599999999999909,8.482467191385965
coupled_B,Sample_Game_1,22.686261961305124,7.199999999999818,20.688620158521935
coupled_B,Sample_Game_1,8.451828147514611,3.599999999999909,15.926304662918465
coupled_B,Sample_Game_1,22.626384234095756,6.600000000000364,15.92587166397782
coupled_B,Sample_Game_1,4.428111464052483,6.0,5.997561041889841
coupled_B,Sample_Game_1,13.74143730231414,3.799999999996544,13.910012970713614
coupled_B,Sample_Game_1,4.538052874267189,2.9999999999972715,10.011806813704833
coupled_B,Sample_Game_1,9.481589324926757,6.0,13.809455885581471
coupled_B,Sample_Game_1,10.923814595456108,6.0,44.187527003719964
coupled_B,Sample_Game_1,6.840434693054403,2.9999999999972715,13.07729156359002
coupled_B,Sample_Game_1,6.518010875763573,3.599999999996726,13.768050111825971
coupled_B,Sample_Game_1,11.912525545626604,6.0,18.829930344404406
coupled_B,Sample_Game_1,9.631822891664982,5.999999999994543,12.068015212577503
coupled_B,Sample_Game_1,27.711225045162816,5.799999999994725,18.10474824529509
coupled_B,Sample_Game_1,7.614193721606352,2.5999999999976353,10.720493812863584
coupled_B,Sample_Game_1,10.035060235825728,6.0,10.084989571914196
coupled_B,Sample_Game_1,7.060692248761512,3.1999999999970896,10.486055310655075
coupled_B,Sample_Game_1,5.918484715250138,2.7999999999974534,12.184699754009674
coupled_B,Sample_Game_1,6.219767615758608,2.7999999999974534,7.023837998544495
coupled_B,Sample_Game_1,13.954957103320183,6.0,25.259304527323017
coupled_B,Sample_Game_1,7.588935333845024,6.0,12.700582713358328
coupled_B,Sample_Game_1,14.30402420567233,6.0,25.388336364259853
coupled_B,Sample_Game_1,12.356759183181211,3.3999999999969077,16.097635884362994
coupled_B,Sample_Game_1,13.622325770207613,6.0,14.77880524701381
coupled_B,Sample_Game_1,8.161207188750684,6.0,12.70058139843427
coupled_B,Sample_Game_1,4.429026639840979,3.3999999999969077,13.495649697865732
coupled_B,Sample_Game_1,7.254482042695811,6.0,16.336781346756965
coupled_B,Sample_Game_1,13.779810491600845,2.7999999999974534,17.798115804201444
coupled_B,Sample_Game_1,8.954630798663665,2.7999999999974534,8.903582941627201
coupled_B,Sample_Game_1,25.950946554585542,6.799999999993815,17.185246725713956
coupled_B,Sample_Game_1,6.247398855362115,2.599999999996726,8.732068367710106
coupled_B,Sample_Game_1,15.052804293092738,6.0,14.858938017078847
coupled_B,Sample_Game_1,17.64356160237321,3.999999999996362,26.01321624739027
coupled_B,Sample_Game_1,21.97703995729482,5.599999999994907,22.137055110624146
coupled_B,Sample_Game_1,5.915488795316396,3.599999999996726,10.050406313302673
coupled_B,Sample_Game_1,2.6149793866171462,3.7999999999974534,7.38612817167026
coupled_B,Sample_Game_1,8.255472249098286,3.1999999999970896,15.080057340791765
coupled_B,Sample_Game_1,12.199374195533721,6.0,16.286687325191018
coupled_B,Sample_Game_1,3.7237088481848786,3.599999999996726,12.894161596598602
coupled_B,Sample_Game_1,11.049943950559062,4.399999999995998,10.887709757178195
coupled_B,Sample_Game_1,5.295661720084402,5.999999999994543,12.853861854115744
coupled_B,Sample_Game_1,7.581556090089216,4.999999999994543,20.38587911060452
coupled_B,Sample_Game_1,27.302447397947198,5.399999999994179,18.42910469085377
coupled_B,Sample_Game_1,6.24335456880582,3.999999999996362,13.50256260347142
coupled_B,Sample_Game_1,7.048708480773619,2.7999999999974534,12.770200378121292
coupled_B,Sample_Game_1,4.055397238833798,2.599999999998545,10.67619312179853
coupled_B,Sample_Game_1,4.356184024805382,2.599999999996726,9.440549451679491
coupled_B,Sample_Game_1,2.368837907089131,4.399999999995998,6.119478698983395
coupled_B,Sample_Game_1,5.519524542841276,6.0,31.761434598183577
coupled_B,Sample_Game_1,20.50789712230222,5.399999999995998,13.530138396084453
coupled_B,Sample_Game_1,10.938411282670577,3.599999999996726,15.724170342238358
coupled_B,Sample_Game_1,7.747187069037207,2.599999999996726,11.074912544388534
coupled_B,Sample_Game_1,8.90555554974684,6.0,22.67566102121154
coupled_B,Sample_Game_1,3.514471755579569,5.199999999995271,11.358317704376784
coupled_B,Sample_Game_1,23.83565884892096,4.799999999995634,24.58719932404849
coupled_B,Sample_Game_2,6.244908832221478,2.8000000000000043,7.769543616481387
coupled_B,Sample_Game_2,7.363517652805337,3.6000000000000085,6.098691081737611
coupled_B,Sample_Game_2,10.199429499563855,3.200000000000003,9.397471095155922
coupled_B,Sample_Game_2,5.263571279324251,3.200000000000017,12.07244951520928
coupled_B,Sample_Game_2,4.496065749443428,6.0,9.121000448886173
coupled_B,Sample_Game_2,6.784607259295374,3.0,8.967007951473276
coupled_B,Sample_Game_2,10.060803318119959,3.6000000000000227,13.776633475544257
coupled_B,Sample_Game_2,8.624789348637865,2.6000000000000227,9.651939130382766
coupled_B,Sample_Game_2,5.474208820241411,2.599999999999909,10.188635883745844
coupled_B,Sample_Game_2,7.7727831736587945,3.0,9.014820453746637
coupled_B,Sample_Game_2,9.164819793983328,3.199999999999932,15.718008305692734
coupled_B,Sample_Game_2,8.739585514173083,3.0,10.074827292822546
coupled_B,Sample_Game_2,9.572501022660036,3.7999999999999545,10.37447662879751
coupled_B,Sample_Game_2,6.321723833147275,4.0,12.541292129415352
coupled_B,Sample_Game_2,8.782721560247115,6.0,16.987901913334717
coupled_B,Sample_Game_2,16.270027142116827,8.0,19.285177244357193
coupled_B,Sample_Game_2,17.128500864135205,5.7999999999999545,17.2393852414367
coupled_B,Sample_Game_2,10.500508343595524,2.800000000000182,19.838385408353524
coupled_B,Sample_Game_2,11.861668972136854,5.0,30.031612549097012
coupled_B,Sample_Game_2,9.935140904657725,3.7999999999999545,11.905078047454062
coupled_B,Sample_Game_2,10.13826307773271,6.0,13.679800875777527
coupled_B,Sample_Game_2,22.778347720266964,6.0,28.184352287766664
coupled_B,Sample_Game_2,13.554158921745376,6.0,17.96210679497039
coupled_B,Sample_Game_2,4.920417008479731,3.599999999999909,20.481218479548073
coupled_B,Sample_Game_2,5.7581217965964715,2.7999999999999545,10.838121809421947
coupled_B,Sample_Game_2,7.342967937040426,2.599999999999909,9.370016492574575
coupled_B,Sample_Game_2,26.566300350044422,5.7999999999999545,15.651531601402557
coupled_B,Sample_Game_2,9.66663552171002,4.0,20.122437347543443
coupled_B,Sample_Game_2,5.304817442402883,3.0,15.891371042302257
coupled_B,Sample_Game_2,7.757569474705937,2.800000000000182,17.256172035852213
coupled_B,Sample_Game_2,7.567997251275333,6.0,14.708065310738814
coupled_B,Sample_Game_2,4.162519034280405,2.599999999999909,13.446092786726577
coupled_B,Sample_Game_2,12.285152492179986,5.199999999995271,14.21192924975503
coupled_B,Sample_Game_2,22.34283660061609,6.0,10.781443087918872
coupled_B,Sample_Game_2,5.230070326280732,3.1999999999970896,8.027497193735083
coupled_B,Sample_Game_2,7.331561166926316,6.0,6.511390192045521
coupled_B,Sample_Game_2,4.782549539227371,6.0,13.430410855522272
coupled_B,Sample_Game_2,17.822760799561273,6.0,8.802834808741201
coupled_B,Sample_Game_2,16.396916104579432,6.0,25.36395964825545
coupled_B,Sample_Game_2,13.980608111138164,5.999999999994543,20.676547890646262
coupled_B,Sample_Game_2,6.613072054234611,3.1999999999970896,12.996087680144218
coupled_B,Sample_Game_2,8.234544032853643,6.0,11.642400873482776
coupled_B,Sample_Game_2,16.777467522559753,6.0,15.018316026255668
coupled_B,Sample_Game_2,5.559724685229645,5.799999999994725,28.050138121976335
coupled_B,Sample_Game_2,7.575699394336301,2.9999999999972715,10.538785906494045
coupled_B,Sample_Game_2,9.871359512514596,6.0,13.643857785488045
coupled_B,Sample_Game_2,5.226824075920467,6.0,13.126468182987129
coupled_B,Sample_Game_2,10.674131899271966,5.799999999994725,14.35475051695568
coupled_B,Sample_Game_2,2.999757189694174,2.5999999999976353,5.841051464697829
coupled_B,Sample_Game_2,10.521548259064218,6.0,17.895274931471675
coupled_B,Sample_Game_2,5.35765582434334,2.5999999999976353,10.563126590147295
coupled_B,Sample_Game_2,8.124151404263474,3.1999999999970896,8.692406931399935
coupled_B,Sample_Game_2,7.15759232367826,5.399999999995089,13.676622329653473
coupled_B,Sample_Game_2,8.101930881200708,3.1999999999970896,21.202548866796782
coupled_B,Sample_Game_2,11.580822937646015,6.0,11.749289144067284
coupled_B,Sample_Game_2,6.541120624285961,6.0,13.565228486506529
coupled_B,Sample_Game_2,20.716255093453825,4.599999999995816,21.559847315725364
coupled_B,Sample_Game_2,6.628203858786636,3.799999999996544,7.763835492964223
coupled_B,Sample_Game_2,8.202560750361087,3.599999999996726,4.406269470321612
coupled_B,Sample_Game_2,4.473683695156967,6.0,7.608218147675696
coupled_B,Sample_Game_2,7.184966553321878,4.599999999995816,12.971239076839751
coupled_B,Sample_Game_2,5.05414959667117,6.0,9.53393185288849
coupled_B,Sample_Game_2,5.197042418788846,2.5999999999976353,8.791798431853547
coupled_B,Sample_Game_2,12.545243971839028,4.19999999999618,15.875308926074117
coupled_B,Sample_Game_2,28.101831995422437,5.399999999995089,15.44131997537645
coupled_B,Sample_Game_2,21.19130811251864,6.0,23.174587201492315
coupled_B,Sample_Game_2,8.449542524266112,5.999999999994543,10.944265754301966
coupled_B,Sample_Game_2,10.294604779727209,4.19999999999618,14.329201373877066
coupled_B,Sample_Game_2,5.353872730904429,6.0,7.237633982741627
coupled_B,Sample_Game_2,2.5405702314358938,3.599999999996726,13.46150802402778
coupled_B,Sample_Game_2,6.995970060955379,3.1999999999970896,18.008464358084375
coupled_B,Sample_Game_3,11.66133251077638,6.0,15.48491069962801
coupled_B,Sample_Game_3,16.03653070304081,4.399999999999977,22.542858498587705
coupled_B,Sample_Game_3,17.747560518758853,5.999999999999972,20.785951804307288
coupled_B,Sample_Game_3,7.367447798601927,4.399999999999977,11.829010271347622
coupled_B,Sample_Game_3,14.223892684801921,6.0,11.169791511860133
coupled_B,Sample_Game_3,6.96639066713481,2.599999999999966,11.618977355060498
coupled_B,Sample_Game_3,9.281612184702817,5.399999999999977,10.568816780081411
coupled_B,Sample_Game_3,13.007939019710356,6.0,11.198038784810446
coupled_B,Sample_Game_3,7.992677876876781,3.0,12.436374029102284
coupled_B,Sample_Game_3,15.18336132990698,6.0,20.245081349854594
coupled_B,Sample_Game_3,12.78600776664436,5.399999999999977,12.519094792053554
coupled_B,Sample_Game_3,8.050776009636875,3.599999999999909,11.561808572719096
coupled_B,Sample_Game_3,6.691080463152527,2.6000000000000227,10.864530310670776
coupled_B,Sample_Game_3,13.618930827546738,6.0,11.195512900752341
coupled_B,Sample_Game_3,7.7169833683720395,3.199999999999932,11.022305186059125
coupled_B,Sample_Game_3,11.890620007692863,3.7999999999999545,12.726792261166551
coupled_B,Sample_Game_3,9.758358311025518,4.600000000000023,11.434984020073582
coupled_B,Sample_Game_3,7.169798099650663,3.6000000000000227,13.307241675373302
coupled_B,Sample_Game_3,5.2030437642601886,3.800000000000068,9.42204077256417
coupled_B,Sample_Game_3,12.383053134038459,4.199999999999932,20.74145834109749
coupled_B,Sample_Game_3,6.183178416593705,4.199999999999932,11.859398603148415
coupled_B,Sample_Game_3,7.837389709300439,3.2000000000000455,13.060865651050579
coupled_B,Sample_Game_3,4.6661455798353115,3.6000000000000227,9.444901292142214
coupled_B,Sample_Game_3,9.205179226167878,3.0,16.286059315098584
coupled_B,Sample_Game_3,15.331740675047717,5.800000000000182,26.745176171963998
coupled_B,Sample_Game_3,11.383106975985761,3.2000000000000455,13.768884533914285
coupled_B,Sample_Game_3,14.053141355883703,5.599999999999909,22.476368408295656
coupled_B,Sample_Game_3,10.98274201901668,3.400000000000091,11.314160163891934
coupled_B,Sample_Game_3,4.167331342183537,3.2000000000000455,10.128737879046518
coupled_B,Sample_Game_3,9.909581735337417,6.0,13.63754325129832
coupled_B,Sample_Game_3,9.504880693017812,3.7999999999999545,13.882618264757255
coupled_B,Sample_Game_3,16.46356869987151,6.0,15.173349240703075
coupled_B,Sample_Game_3,10.907650654153755,6.0,20.06367898782163
coupled_B,Sample_Game_3,10.41753788522865,6.0,18.32327830994165
coupled_B,Sample_Game_3,9.666636613485693,3.2000000000000455,8.46583219418589
coupled_B,Sample_Game_3,8.523397432802552,3.400000000000091,11.64172837561433
coupled_B,Sample_Game_3,6.482393828576207,2.7999999999999545,7.559471361600881
coupled_B,Sample_Game_3,6.188330785632328,2.599999999999909,15.25193899522587
coupled_B,Sample_Game_3,8.392584099767053,6.0,10.490992380500415
coupled_B,Sample_Game_3,12.028598088646923,6.0,19.876406859042334
coupled_B,Sample_Game_3,14.5674333779838,5.0,12.55927923201103
coupled_B,Sample_Game_3,8.026257154649063,6.0,11.720908093930838
coupled_B,Sample_Game_3,11.242704874353578,5.399999999999864,13.195277588939962
coupled_B,Sample_Game_3,8.696561053437028,4.0,7.1126959458713745
coupled_B,Sample_Game_3,17.54063646256424,6.0,12.154892579035915
coupled_B,Sample_Game_3,8.845487329602808,5.199999999999818,17.17291562080323
coupled_B,Sample_Game_3,3.6111919915048425,2.800000000000182,15.340955671904826
coupled_B,Sample_Game_3,5.028952327797683,4.199999999999818,11.160902773893525
coupled_B,Sample_Game_3,16.439164307480446,5.199999999999818,14.222492731647385
coupled_B,Sample_Game_3,5.9195321017846805,2.800000000000182,12.334631403006165
coupled_B,Sample_Game_3,15.396930111048432,3.0,11.410451169044059
coupled_B,Sample_Game_3,9.780304705170671,6.0,22.286266701863497
coupled_B,Sample_Game_3,8.477874246894347,3.799999999999727,9.380855747318943
coupled_B,Sample_Game_3,9.440172275679327,4.200000000000273,12.309354293340775
coupled_B,Sample_Game_3,5.196211978408181,4.199999999999818,7.325343238119682
coupled_B,Sample_Game_3,12.62315992517214,4.400000000000091,11.470802664733213
coupled_B,Sample_Game_3,13.830141890014598,5.800000000000182,13.146934888691808
coupled_B,Sample_Game_3,11.903223257096828,6.0,12.08873332394041
coupled_B,Sample_Game_3,10.115621202980677,5.599999999999994,7.596957514550413
coupled_B,Sample_Game_3,5.713376637677012,2.799999999999983,12.6393503044387
coupled_B,Sample_Game_3,12.847759694208925,6.0,15.972940328725766
coupled_B,Sample_Game_3,6.259036510181824,3.4000000000000057,12.873669157072555
coupled_B,Sample_Game_3,8.53978565740134,3.0,12.455840894398488
coupled_B,Sample_Game_3,13.847142911282551,6.0,18.67324754564121
coupled_B,Sample_Game_3,5.403414721195887,4.199999999999989,11.109688699489217
coupled_B,Sample_Game_3,8.697290954864137,2.6000000000000227,14.653489284288987
coupled_B,Sample_Game_3,8.823290409335756,3.599999999999909,14.493811467378448
coupled_B,Sample_Game_3,11.170648364681226,3.199999999999932,14.501427157251525
coupled_B,Sample_Game_3,7.919371977637502,3.400000000000091,10.491198954545524
coupled_B,Sample_Game_3,17.72772044464711,4.399999999999977,9.144832641984529
coupled_B,Sample_Game_3,8.315505392387951,3.2000000000000455,12.080852623895666
coupled_B,Sample_Game_3,16.244650967618924,3.7999999999999545,16.962013721605157
coupled_B,Sample_Game_3,4.226788841839795,5.399999999999977,15.337353630634802
coupled_B,Sample_Game_3,10.488400934769643,4.199999999999932,22.285691522441482
coupled_B,Sample_Game_3,7.79996087013426,4.2000000000000455,13.528924870700681
coupled_B,Sample_Game_3,5.760108274311664,4.999999999999886,13.776934801981021
coupled_B,Sample_Game_3,11.70785213888027,6.0,19.509900543746344
coupled_B,Sample_Game_3,4.650025026474581,4.400000000000091,12.24178604456451
coupled_B,Sample_Game_3,11.579017903223788,2.6000000000001364,12.403090247186672
coupled_B,Sample_Game_3,7.483935386162388,6.0,10.893579356716781
coupled_B,Sample_Game_3,10.646018234911361,6.0,9.021175177978943
coupled_B,Sample_Game_3,9.353913079095172,4.199999999999818,10.018192551714922
coupled_B,Sample_Game_3,12.771180583439818,4.199999999999818,12.396306438562359
coupled_B,Sample_Game_3,12.930379306897569,3.599999999999909,12.48956920365412
coupled_B,Sample_Game_3,10.442016305905343,3.599999999999909,22.470950010061117
coupled_B,Sample_Game_3,4.3063618054491,6.0,10.450375168975432
coupled_B,Sample_Game_3,8.338323256254572,3.2000000000000455,10.061273959853375
coupled_B,Sample_Game_3,11.236207624609353,5.2000000000000455,19.078587025691697
coupled_B,Sample_Game_3,19.69980360193473,4.400000000000091,13.753785097070892
coupled_B,Sample_Game_3,7.545376885725576,3.0,13.683450035178172
coupled_B,Sample_Game_3,17.769851641968103,3.599999999999909,13.099146706029867
coupled_B,Sample_Game_3,8.464244563937019,6.0,8.922999476347872
coupled_B,Sample_Game_3,6.08186243066592,2.599999999999909,13.121956135522307
coupled_B,Sample_Game_3,4.27628835048634,5.2000000000000455,12.800464544682926
coupled_B,Sample_Game_3,13.53822942702163,4.199999999999818,17.672231285306452
coupled_B,Sample_Game_3,7.243386929483936,6.0,11.003462300829515
coupled_B,Sample_Game_3,10.868626546690434,3.2000000000000455,12.435394697120525
coupled_B,Sample_Game_3,6.154418547560064,3.0,13.92595505265735
coupled_B,Sample_Game_3,3.6550853805003873,3.0,12.088476904992142
coupled_B,Sample_Game_3,15.514728541852724,4.800000000000182,27.902475911209862
coupled_B,Sample_Game_3,9.141271434421519,3.400000000000091,20.823442351471456
coupled_B,Sample_Game_3,9.290944811669593,6.0,17.359786525675702
coupled_B,Sample_Game_3,9.515507561099792,6.0,16.284116755851578
coupled_B,Sample_Game_3,12.191567789559624,4.0,7.256829415804418
coupled_B,Sample_Game_3,14.756766245661906,6.0,13.754927282244367
coupled_B,Sample_Game_3,18.27763407948001,3.799999999999727,16.794339933627434
coupled_B,Sample_Game_3,6.5799276110209615,3.0,7.951377913001149
coupled_B,Sample_Game_3,7.356112830517872,2.600000000000364,9.465046381514497
coupled_B,Sample_Game_3,29.06978081522413,6.0,24.496998721732332
coupled_B,Sample_Game_3,2.7771908339871985,3.599999999999909,7.021794157010817
coupled_B,Sample_Game_3,11.106360981868947,5.200000000000273,11.742282912635643
coupled_B,Sample_Game_3,9.350669942988642,3.200000000000273,11.478432953669458
coupled_B,Sample_Game_3,13.394633733018619,6.0,15.259324793011189
coupled_B,Sample_Game_3,9.860563412318264,5.599999999999909,11.08589471601351
coupled_B,Sample_Game_3,7.799096407141072,3.400000000000091,12.037542185122694
coupled_B,Sample_Game_3,16.021277931910262,6.0,23.626645859136904
coupled_B,Sample_Game_3,7.547367842271035,4.800000000000182,7.653726863831636
coupled_B,Sample_Game_3,12.854097647583554,5.199999999999818,13.344282170583199
coupled_B,J03WPY,8.795602694378339,2.8,11.64711657015086
coupled_B,J03WPY,4.044501385112701,2.6000000000000014,7.457952627094981
coupled_B,J03WPY,16.21576763578408,6.0,12.663850522201514
coupled_B,J03WPY,8.154734766286873,3.0,11.277185553112453
coupled_B,J03WPY,7.942935132692201,3.200000000000017,11.399614282243046
coupled_B,J03WPY,5.705277706688334,2.799999999999983,11.767932697393634
coupled_B,J03WPY,6.600285275158911,2.8000000000000114,8.514331936881925
coupled_B,J03WPY,10.52513485813969,3.6000000000000227,13.080624673679125
coupled_B,J03WPY,8.190254472139955,2.800000000000068,11.473544615404156
coupled_B,J03WPY,14.081164997204585,4.600000000000023,9.563696496160262
coupled_B,J03WPY,13.84086016692869,6.0,17.483731973248197
coupled_B,J03WPY,3.2969074666252194,2.6000000000000227,6.591889623086095
coupled_B,J03WPY,4.919045208303737,3.2000000000000455,10.47960226250192
coupled_B,J03WPY,7.360404091794191,3.0,9.038227233375736
coupled_B,J03WPY,14.227352647399831,4.399999999999977,25.797256621125474
coupled_B,J03WPY,11.160254949496327,3.2000000000000455,11.7504836917149
coupled_B,J03WPY,5.587588038561298,6.0,15.195591394772022
coupled_B,J03WPY,9.303612341027453,2.6000000000001364,18.204274687366357
coupled_B,J03WPY,12.129459350111153,3.800000000000182,18.703019947368603
coupled_B,J03WPY,5.829657340538257,2.7999999999999545,12.229357274209445
coupled_B,J03WPY,17.517864512438923,4.0,17.542251547139664
coupled_B,J03WPY,7.574404416360739,6.0,10.240340505980281
coupled_B,J03WPY,7.3299207736379834,3.0,14.446534362166883
coupled_B,J03WPY,7.738158191526909,5.599999999999909,14.570777335435292
coupled_B,J03WPY,7.196863464905194,6.0,10.94584826499712
coupled_B,J03WPY,14.632859152019556,4.2000000000000455,11.498067175231082
coupled_B,J03WPY,9.401555068080807,2.7999999999999545,7.506453846932358
coupled_B,J03WPY,16.669126806276772,4.599999999999909,28.80779872188542
coupled_B,J03WPY,10.279181732542312,3.0,7.744219248324599
coupled_B,J03WPY,2.1058840004649118,2.800000000000182,10.598653066407039
coupled_B,J03WPY,3.6714408513251646,2.6000000000001364,9.841765408960725
coupled_B,J03WPY,6.143836037078666,4.0,6.4948410378820665
coupled_B,J03WPY,9.237087705340556,3.7999999999999545,6.19482021255747
coupled_B,J03WPY,9.706654521843179,3.599999999999909,12.39861132368041
coupled_B,J03WPY,3.5020987067934715,2.599999999999909,9.740809644163086
coupled_B,J03WPY,29.80727268413553,7.0,16.710017294688065
coupled_B,J03WPY,9.729728594883806,2.7999999999999545,14.189554474039806
coupled_B,J03WPY,6.215276251998431,4.399999999999864,15.892337212386437
coupled_B,J03WPY,6.729796061370518,3.0,17.701476850438716
coupled_B,J03WPY,11.678993858225091,3.599999999999909,10.736040097782757
coupled_B,J03WPY,8.051783340556339,2.599999999999909,12.131163068243671
coupled_B,J03WPY,12.452560122658916,3.400000000000091,21.034636347213862
coupled_B,J03WPY,12.294516687852461,5.199999999999818,13.475741926753006
coupled_B,J03WPY,6.586232596675311,3.199999999999818,8.464044251339178
coupled_B,J03WPY,7.650712841457632,3.400000000000091,14.151549402667012
coupled_B,J03WPY,9.84107297873516,6.0,15.423570793728732
coupled_B,J03WPY,26.184243296012504,5.400000000000091,15.055549313673104
coupled_B,J03WPY,7.246332330930013,3.399999999999636,11.236524242783187
coupled_B,J03WPY,8.22166533512991,3.800000000000182,10.115021139791564
coupled_B,J03WPY,31.866177797983283,5.599999999999909,21.378949422202354
coupled_B,J03WPY,4.851468242055482,2.6000000000000227,9.585975942396106
coupled_B,J03WPY,30.350863543055905,6.0,42.95914767651561
coupled_B,J03WPY,4.26789841491151,4.399999999999977,9.49000517256467
coupled_B,J03WPY,11.34751228371333,3.6000000000000227,24.300267725078427
coupled_B,J03WPY,6.214772466499916,3.6000000000000227,12.78006234034102
coupled_B,J03WPY,46.387966848495125,10.0,35.27800480619696
coupled_B,J03WPY,5.327951870411777,3.0,9.00839874726946
coupled_B,J03WPY,9.679250601757278,3.0,15.65393381253522
coupled_B,J03WPY,9.532051450954452,3.7999999999999545,17.238957257785824
coupled_B,J03WPY,9.218171136742185,2.7999999999999545,8.620049713945178
coupled_B,J03WPY,29.057588622483394,6.2000000000000455,20.867321226529512
coupled_B,J03WPY,7.431109839503376,2.7999999999999545,11.266373414854908
coupled_B,J03WPY,9.693050002482646,3.799999999999727,8.204646620382563
coupled_B,J03WPY,13.718561986012906,3.599999999999909,12.891807515460979
coupled_B,J03WPY,7.246577967927743,3.0,12.394242809338483
coupled_B,J03WPY,9.975586001481766,4.800000000000182,10.930298664809522
coupled_B,J03WPY,10.885792350650306,5.199999999999818,16.267635772742423
coupled_B,J03WPY,11.478297482683113,3.800000000000182,10.730537764823902
coupled_B,J03WPY,12.685730120933457,3.399999999999636,11.9054331496822
coupled_B,J03WPY,4.52362263374992,4.0,6.1821526762273535
coupled_B,J03WPY,10.650051569466003,3.400000000000091,13.079435178356679
coupled_B,J03WPY,7.016202936719169,6.0,15.588935216029768
coupled_B,J03WPY,7.115519390282911,2.800000000000182,10.540587799949396
coupled_B,J03WPY,8.220650267256351,2.599999999999909,10.848382516430867
coupled_B,J03WPY,5.856660991588378,3.800000000000182,21.167973466171418
coupled_B,J03WPY,5.385933638802515,2.599999999999909,11.059705414250924
coupled_B,J03WPY,7.607210005886129,3.400000000000091,24.226297775814416
coupled_B,J03WPY,13.295169396273437,3.599999999999909,29.3125222423685
coupled_B,J03WPY,12.83720164324712,3.0,25.12839385204738
coupled_B,J03WPY,11.658790230513873,2.799999999999727,10.987418494583608
coupled_B,J03WPY,14.90379790107963,3.400000000000091,19.423969371169157
coupled_B,J03WPY,6.323582994873574,6.0,10.72613877732204
coupled_B,J03WPY,10.017297136157243,2.599999999999909,8.171829212597139
coupled_B,J03WPY,5.046035266796693,3.400000000000091,8.10382853117967
coupled_B,J03WMX,17.24430952625377,4.0,20.98258690437429
coupled_B,J03WMX,8.809657311906083,3.1999999999999886,17.341568438978825
coupled_B,J03WMX,5.162729230343319,4.399999999999977,14.871493447514377
coupled_B,J03WMX,11.614304126740315,3.6000000000000227,11.476363662265463
coupled_B,J03WMX,12.011053688353728,4.600000000000023,23.489184408139305
coupled_B,J03WMX,6.65438940229682,6.0,10.388932672475882
coupled_B,J03WMX,7.748114379969323,2.6000000000000227,8.472786870759599
coupled_B,J03WMX,7.866493935822307,3.3999999999999773,12.677478714140282
coupled_B,J03WMX,11.296264830109209,6.0,12.544385197503019
coupled_B,J03WMX,4.094253350393436,3.6000000000000227,13.908159687156576
coupled_B,J03WMX,11.410765180722848,6.0,13.957862858690437
coupled_B,J03WMX,17.615661962238192,3.3999999999998636,12.071132825246494
coupled_B,J03WMX,13.848001721495363,4.400000000000091,13.432566894098509
coupled_B,J03WMX,10.937511346179573,3.400000000000091,18.839984251209994
coupled_B,J03WMX,5.00600837273443,2.7999999999999545,12.947091786797866
coupled_B,J03WMX,4.863623085015484,2.7999999999999545,17.210150408820976
coupled_B,J03WMX,10.54343048498335,3.7999999999999545,9.964593085862726
coupled_B,J03WMX,13.358296866198106,3.599999999999909,15.210289863087276
coupled_B,J03WMX,6.8339977541410555,6.0,8.315897069999073
coupled_B,J03WMX,9.328133718921094,2.6000000000001364,5.372566766661249
coupled_B,J03WMX,7.787337520130109,3.2000000000000455,8.37864353587953
coupled_B,J03WMX,7.900376486661608,4.0,13.0991803297516
coupled_B,J03WMX,8.787248939841692,3.2000000000000455,13.148704167402872
coupled_B,J03WMX,6.074392324614562,5.2000000000000455,14.680389202658745
coupled_B,J03WMX,20.304755288342925,4.599999999999909,16.79905680800409
coupled_B,J03WMX,8.958528929854754,3.2000000000000455,21.133873201775714
coupled_B,J03WMX,11.91955853473021,5.2000000000000455,19.778344003716164
coupled_B,J03WMX,4.112699666116432,2.599999999999909,5.930349151016092
coupled_B,J03WMX,11.004826891428152,4.400000000000091,14.718846602070633
coupled_B,J03WMX,31.600050867119208,7.0,23.754165894679033
coupled_B,J03WMX,13.613418832484252,4.399999999999864,10.446685565203566
coupled_B,J03WMX,6.775365364869767,3.6000000000001364,10.82127982444253
coupled_B,J03WMX,8.761639684112552,3.599999999999909,9.756078668992444
coupled_B,J03WMX,10.504432132827908,4.400000000000091,10.506132683980244
coupled_B,J03WMX,5.835516743686474,3.800000000000182,17.029767039314667
coupled_B,J03WMX,12.475133699195533,6.0,21.3420904563423
coupled_B,J03WMX,5.903467649423001,3.800000000000182,5.596914490917486
coupled_B,J03WMX,10.705532638588927,3.600000000000364,15.042316765173105
coupled_B,J03WMX,9.97394995119762,6.0,20.68366797125066
coupled_B,J03WMX,7.193446981986134,3.599999999999909,7.837125868314194
coupled_B,J03WMX,6.898976298024174,5.399999999999636,13.313993634875976
coupled_B,J03WMX,35.61508004434312,7.400000000000006,20.05188644935904
coupled_B,J03WMX,3.7358039522682844,2.799999999999983,9.931334514371553
coupled_B,J03WMX,3.9150899637992267,2.5999999999999943,7.286714149792282
coupled_B,J03WMX,6.253690422655625,3.1999999999999886,14.038154117634251
coupled_B,J03WMX,12.357381283754911,3.8000000000000114,11.15853076472748
coupled_B,J03WMX,10.365844134460964,3.599999999999966,13.036790881700082
coupled_B,J03WMX,7.501304183564983,6.0,20.533283618650362
coupled_B,J03WMX,9.842589174585855,3.0,11.302183315781065
coupled_B,J03WMX,9.540227931439603,4.2000000000000455,8.370904118110813
coupled_B,J03WMX,3.5113697753625575,2.6000000000000227,13.94990769204093
coupled_B,J03WMX,6.598788032530722,2.7999999999999545,13.489261297799978
coupled_B,J03WMX,8.069609624450766,3.3999999999999773,18.624876384497433
coupled_B,J03WMX,11.398344549056269,3.3999999999999773,13.455237341882004
coupled_B,J03WMX,19.84569587999058,5.0,21.062177790670386
coupled_B,J03WMX,6.744566130351579,5.399999999999977,12.756194704026651
coupled_B,J03WMX,10.915374704005195,6.0,14.359836648468987
coupled_B,J03WMX,3.957229779166282,3.6000000000000227,11.895647611101342
coupled_B,J03WMX,11.83077403580268,4.0,18.728036529106344
coupled_B,J03WMX,15.128363589514851,4.0,10.903586966455915
coupled_B,J03WMX,7.955632380969636,4.400000000000091,11.427790491778358
coupled_B,J03WMX,7.016738876378961,4.2000000000000455,13.305847666219089
coupled_B,J03WMX,9.652218397585974,6.0,8.620737161463738
coupled_B,J03WMX,6.077791404328741,2.599999999999909,7.894602710399225
coupled_B,J03WMX,10.53107176266995,4.399999999999864,15.416352338899745
coupled_B,J03WMX,26.848261083570343,6.0,21.440749066603768
coupled_B,J03WMX,6.875403450436444,3.0,13.276536324218057
coupled_B,J03WMX,7.333955946307366,3.400000000000091,15.637125609709486
coupled_B,J03WMX,7.280657454514259,4.399999999999636,10.49480584080369
coupled_B,J03WMX,5.3743811245798305,4.0,5.383048269775812
coupled_B,J03WMX,5.39309355051542,2.799999999999727,14.326208598787563
coupled_B,J03WMX,7.129645802376663,3.0,17.807722003523175
coupled_B,J03WMX,6.54083527101305,3.0,18.914246324765934
coupled_B,J03WMX,8.330752587343962,2.599999999999909,15.873732476212425
coupled_B,J03WMX,6.609789837842717,3.200000000000273,17.518549779556746
coupled_B,J03WN1,10.052329937934768,3.2000000000000006,19.843033058151626
coupled_B,J03WN1,14.135378257744163,4.199999999999989,15.602565667060972
coupled_B,J03WN1,7.507379803863777,3.4000000000000057,12.324558060007632
coupled_B,J03WN1,8.14539899918292,5.199999999999989,7.895438295833256
coupled_B,J03WN1,7.847106131903407,2.8000000000000114,12.740592965753915
coupled_B,J03WN1,11.637964922842814,4.199999999999989,25.42580143894928
coupled_B,J03WN1,7.0340612176507396,3.1999999999999886,15.095283999751146
coupled_B,J03WN1,12.29403071612761,5.399999999999977,12.287285643049415
coupled_B,J03WN1,12.36790200478643,6.0,12.56408360660351
coupled_B,J03WN1,7.7434423869493125,4.199999999999989,12.036431009376699
coupled_B,J03WN1,7.533319321521362,2.800000000000068,12.519310222257774
coupled_B,J03WN1,21.25736813436697,6.0,17.022852873106668
coupled_B,J03WN1,6.187115644628046,3.400000000000091,15.650396197425243
coupled_B,J03WN1,7.221807253035827,3.2000000000000455,12.124050589793566
coupled_B,J03WN1,9.321223095709557,2.599999999999909,8.117798903818505
coupled_B,J03WN1,10.920114468264517,4.600000000000023,17.160821645598134
coupled_B,J03WN1,21.651207818502872,5.0,16.065584217587368
coupled_B,J03WN1,11.835391839732003,3.599999999999909,11.03195838583636
coupled_B,J03WN1,12.503731443053306,3.0,13.97800476334734
coupled_B,J03WN1,6.910238780244543,2.599999999999909,16.620616548941815
coupled_B,J03WN1,12.935737319534304,3.0,12.581335764849857
coupled_B,J03WN1,5.601508725334714,2.6000000000000227,6.969917509687253
coupled_B,J03WN1,15.729504124415367,6.0,14.830268928468303
coupled_B,J03WN1,6.202233468678949,3.0,12.569586183074222
coupled_B,J03WN1,4.5114299285259865,3.3999999999998636,17.115887810416137
coupled_B,J03WN1,11.982925352349639,6.0,10.002870148684016
coupled_B,J03WN1,6.400765579210038,6.0,10.072332082223255
coupled_B,J03WN1,9.153469287652634,3.0,14.880215610299873
coupled_B,J03WN1,22.44219686216125,5.2000000000000455,15.96000385779416
coupled_B,J03WN1,21.56831240500836,5.600000000000136,12.346882140150491
coupled_B,J03WN1,5.531084884541504,4.199999999999818,8.821884317122622
coupled_B,J03WN1,8.891979532140182,6.0,12.127342906662589
coupled_B,J03WN1,16.875366662683216,6.0,13.93336680785307
coupled_B,J03WN1,15.54350346607868,5.400000000000091,11.35785696692774
coupled_B,J03WN1,22.196785803355432,8.0,11.6435594130515
coupled_B,J03WN1,10.998368060762148,3.3999999999998636,16.113753108879045
coupled_B,J03WN1,9.110718961750107,5.2000000000000455,5.962271399927443
coupled_B,J03WN1,4.137269631048963,3.400000000000091,12.068916540076989
coupled_B,J03WN1,5.885855927560578,3.2000000000000455,19.517345933549667
coupled_B,J03WN1,8.828165154776169,5.2000000000000455,11.222731159336682
coupled_B,J03WN1,9.741031772866299,4.399999999999864,16.019867637695537
coupled_B,J03WN1,10.956007484480468,4.399999999999864,24.59858050101439
coupled_B,J03WN1,4.610878441251654,3.599999999999909,7.5381653736192815
coupled_B,J03WN1,13.803278596044306,4.7999999999999545,24.945821070208442
coupled_B,J03WN1,15.893448335714345,6.0,13.966384792089498
coupled_B,J03WN1,6.088021024931435,2.800000000000182,6.673692125080475
coupled_B,J03WN1,10.46883470114988,2.800000000000182,11.301161072055232
coupled_B,J03WN1,6.689469336202748,3.399999999999636,14.23701798664854
coupled_B,J03WN1,17.148556790587367,6.0,26.13142309075688
coupled_B,J03WN1,9.47831736121841,3.0,11.787752261951269
coupled_B,J03WN1,6.730497752766088,3.599999999999909,10.282473618138914
coupled_B,J03WN1,7.003320640953109,3.199999999999818,14.682020283137396
coupled_B,J03WN1,36.897110998017176,8.599999999999909,18.347829120208022
coupled_B,J03WN1,5.389174333791511,3.399999999999636,11.299870530099067
coupled_B,J03WN1,6.204135717406572,2.799999999999727,7.262706897279631
coupled_B,J03WN1,23.37830190582712,6.0,16.695164295915788
coupled_B,J03WN1,8.580495323699262,4.599999999999909,14.587663647953272
coupled_B,J03WN1,7.355032290887641,3.0,8.302374494287058
coupled_B,J03WN1,8.798647623356663,3.799999999999997,17.304806153170883
coupled_B,J03WN1,17.25318811118688,5.199999999999989,12.135078477872376
coupled_B,J03WN1,5.187918657804877,2.5999999999999943,13.597297155662345
coupled_B,J03WN1,18.569760364635844,6.0,21.491310952147526
coupled_B,J03WN1,13.635754471242178,6.0,19.517791876855604
coupled_B,J03WN1,18.43423445657526,3.599999999999966,9.854971905937573
coupled_B,J03WN1,9.405370806087136,5.199999999999932,12.776828569768043
coupled_B,J03WN1,9.112129279153146,3.2000000000000455,11.641020877950947
coupled_B,J03WN1,10.780361775005208,6.0,22.761016698120486
coupled_B,J03WN1,7.556189515886959,3.0,31.3259508859723
coupled_B,J03WN1,8.123995322499676,2.599999999999909,20.515308642206026
coupled_B,J03WN1,11.311626761876473,4.399999999999977,13.263599458753035
coupled_B,J03WN1,11.716262202596873,2.6000000000000227,11.759734661844304
coupled_B,J03WN1,14.879092714275163,5.800000000000182,18.650766262345915
coupled_B,J03WN1,9.495651636407251,4.7999999999999545,23.60641089639514
coupled_B,J03WN1,4.4177935669276165,3.0,6.751651626454776
coupled_B,J03WN1,8.671239819080842,4.400000000000091,9.889829494777063
coupled_B,J03WN1,5.128001560062166,2.7999999999999545,11.64785218341499
coupled_B,J03WN1,10.57448343891963,3.599999999999909,20.246593106961345
coupled_B,J03WN1,5.973022685374635,2.599999999999909,16.932388704662188
coupled_B,J03WN1,8.377314605528436,4.0,29.433309363103298
coupled_B,J03WN1,11.870265371927538,4.199999999999818,13.462129442868566
coupled_B,J03WN1,7.844061448000013,6.0,20.591586639819813
coupled_B,J03WN1,5.98953253601677,2.599999999999909,8.366668866412239
coupled_B,J03WN1,4.343316705007825,3.2000000000000455,11.987433028434399
coupled_B,J03WN1,22.02493359808378,6.0,23.51250716287793
coupled_B,J03WN1,16.70775269149026,4.199999999999818,9.77878347180163
coupled_B,J03WN1,6.260742767437438,3.199999999999818,15.164416080715739
coupled_B,J03WN1,7.977750309454418,3.599999999999909,7.048334253660164
coupled_B,J03WN1,16.40219497506356,4.400000000000091,10.186318947858538
coupled_B,J03WN1,11.442141407970805,6.0,17.440870954891768
coupled_B,J03WN1,5.281401329192194,6.0,13.103400102584322
coupled_B,J03WN1,6.265819978262764,2.799999999999727,14.716376897332886
coupled_B,J03WN1,7.902708396495458,3.599999999999909,20.98758310481822
coupled_B,J03WN1,5.350084111489321,4.0,10.470152687395288
coupled_B,J03WN1,12.453292737265462,3.200000000000273,13.949587469392279
coupled_B,J03WN1,15.162931774559667,4.0,26.122262985120237
coupled_B,J03WOH,11.600096640001395,2.8000000000000003,17.280671059136992
coupled_B,J03WOH,9.995510597941372,6.0,11.143772702760137
coupled_B,J03WOH,9.393751310827021,3.1999999999999886,9.157789223278812
coupled_B,J03WOH,6.461407128568535,3.3999999999999773,8.291168656540492
coupled_B,J03WOH,8.843386594813477,2.7999999999999545,9.133695538023758
coupled_B,J03WOH,23.23024089480709,4.599999999999909,13.187170709018709
coupled_B,J03WOH,13.694293472672754,3.199999999999932,11.83713065737154
coupled_B,J03WOH,6.901757342980267,2.6000000000000227,12.581902494503955
coupled_B,J03WOH,5.601372400759885,4.2000000000000455,11.866683549166687
coupled_B,J03WOH,10.445698537716254,6.0,21.468319511728716
coupled_B,J03WOH,10.183655632637183,2.6000000000000227,10.605723168520917
coupled_B,J03WOH,13.81345250759322,5.600000000000023,21.98377315079167
coupled_B,J03WOH,4.007471337171889,4.600000000000023,8.842549010394517
coupled_B,J03WOH,9.402881082231968,3.6000000000000227,18.49255229639538
coupled_B,J03WOH,16.644170322406993,4.7999999999999545,31.878495050555685
coupled_B,J03WOH,4.991736489070689,4.599999999999909,10.868805371254656
coupled_B,J03WOH,10.623036330578248,2.599999999999909,20.60081436410095
coupled_B,J03WOH,5.3876120026311325,6.0,11.90570017412689
coupled_B,J03WOH,6.444936340358225,2.7999999999999545,11.921349134284972
coupled_B,J03WOH,12.007878127236902,6.0,19.153646450835467
coupled_B,J03WOH,8.303071991937475,2.7999999999999545,9.075106511883488
coupled_B,J03WOH,11.886504652586673,3.7999999999999545,16.29198664012292
coupled_B,J03WOH,12.173017759355183,5.199999999999818,13.830937697961996
coupled_B,J03WOH,12.41794779471752,4.2000000000000455,21.764282009316034
coupled_B,J03WOH,31.641782477146357,7.2000000000000455,28.720643185439137
coupled_B,J03WOH,8.316276962145349,3.400000000000091,3.5206527765745834
coupled_B,J03WOH,8.707518961953646,3.0,14.08574182202171
coupled_B,J03WOH,12.133524719979505,3.0,17.690767620455567
coupled_B,J03WOH,11.536374426226015,3.199999999999818,19.6400573637675
coupled_B,J03WOH,7.652326382687809,3.0,6.77600967985018
coupled_B,J03WOH,5.595969011432448,2.800000000000182,15.20980552460679
coupled_B,J03WOH,12.195056377861325,3.200000000000273,13.368778643828623
coupled_B,J03WOH,8.33298335519453,3.200000000000273,15.69351357148528
coupled_B,J03WOH,12.167112390192578,3.0,12.559964087446208
coupled_B,J03WOH,9.841084322271637,2.799999999999727,18.265799778652614
coupled_B,J03WOH,7.8030485029804595,3.399999999999636,15.867561593069787
coupled_B,J03WOH,10.934486881098625,3.0,19.076216482694775
coupled_B,J03WOH,5.111853581914426,4.400000000000091,11.277311675075048
coupled_B,J03WOH,17.408844206043167,6.0,27.72004478661279
coupled_B,J03WOH,7.576563718786247,3.199999999999818,19.11868051655171
coupled_B,J03WOH,22.99511612388073,7.0,18.592404280109495
coupled_B,J03WOH,11.7250927668954,3.4000000000000004,19.308083132866408
coupled_B,J03WOH,7.094335814595578,2.799999999999997,10.957073384331537
coupled_B,J03WOH,5.6491581831223385,4.0,12.413416931395282
coupled_B,J03WOH,17.192411827953563,3.4000000000000057,19.8714699994143
coupled_B,J03WOH,10.597025179057203,3.8000000000000114,22.125374343991204
coupled_B,J03WOH,5.918179323455933,2.8000000000000114,7.415782401129965
coupled_B,J03WOH,9.411825724397035,4.199999999999989,21.624409044699178
coupled_B,J03WOH,8.706235353479538,3.1999999999999886,8.319152225919396
coupled_B,J03WOH,7.963088858738093,2.8000000000000114,20.917006179803835
coupled_B,J03WOH,8.22868315004309,3.0,11.048623274623953
coupled_B,J03WOH,13.655487382399807,3.6000000000000227,12.34521719117351
coupled_B,J03WOH,8.151700042038026,2.8000000000000114,7.492517131088202
coupled_B,J03WOH,7.5516408315830486,3.1999999999999886,13.970701153911346
coupled_B,J03WOH,5.836270463046489,6.0,10.46958330890079
coupled_B,J03WOH,5.2396068135201315,2.8000000000000114,7.6667761827063705
coupled_B,J03WOH,12.060474073081354,3.0,22.872105323350937
coupled_B,J03WOH,5.832003806654557,2.6000000000000227,8.797297332099651
coupled_B,J03WOH,9.363768842098745,3.2000000000000455,8.175745774813752
coupled_B,J03WOH,8.316390016822062,3.0,11.675228148593048
coupled_B,J03WOH,8.285939517628307,3.0,13.807948814698591
coupled_B,J03WOH,9.123623134469543,3.2000000000000455,8.351085323882415
coupled_B,J03WOH,12.649318367390597,3.3999999999999773,17.7754998753893
coupled_B,J03WOH,6.441113744232807,3.199999999999932,10.073238918479905
coupled_B,J03WOH,22.658317244737766,5.2000000000000455,16.229837356815526
coupled_B,J03WOH,7.935253803591637,3.0,14.36920574238283
coupled_B,J03WOH,8.91249066214148,3.0,6.765604124310153
coupled_B,J03WOH,12.355847307965227,4.599999999999909,11.96690177680366
coupled_B,J03WOH,7.392339502877885,2.599999999999909,8.189997562550612
coupled_B,J03WOH,10.535202798862034,5.599999999999909,17.49410385407233
coupled_B,J03WOH,12.50108550393557,4.0,12.565243956025729
coupled_B,J03WOH,10.702013265220929,3.7999999999999545,11.537372649018359
coupled_B,J03WOH,11.237910527436515,3.2000000000000455,13.694340988400592
coupled_B,J03WOH,7.284013849926196,2.7999999999999545,11.921931370402405
coupled_B,J03WOH,11.246744928199638,2.6000000000001364,12.755741942493934
coupled_B,J03WOH,3.1713073649667094,3.199999999999818,15.908514437428654
coupled_B,J03WOH,10.248878087399781,6.0,14.10988666934338
coupled_B,J03WOH,14.162355290370316,4.599999999999909,13.473120196573667
coupled_B,J03WOH,8.791825900914247,2.6000000000001364,18.393137637055222
coupled_B,J03WOH,12.160162675087278,2.599999999999909,7.393265365221543
coupled_B,J03WOH,7.064741171321318,3.599999999999909,11.706064831971013
coupled_B,J03WOH,6.644170045622684,2.599999999999909,7.918439606664451
coupled_B,J03WOH,7.9433471999781275,2.599999999999909,12.917955404139155
coupled_B,J03WOH,9.446697835372728,3.799999999999727,20.489608494861876
coupled_B,J03WOH,19.401805575359415,3.199999999999818,20.344616905230303
coupled_B,J03WOH,6.844548641236965,5.199999999999818,11.702426736396315
coupled_B,J03WOH,4.97074480412631,3.599999999999909,14.658436552974674
coupled_B,J03WOY,9.42084441486433,2.8000000000000003,16.41543227246372
coupled_B,J03WOY,5.369499293095607,3.799999999999997,10.731028141508023
coupled_B,J03WOY,8.040803256976403,3.0,8.402919033462263
coupled_B,J03WOY,6.023735463610819,2.8000000000000114,7.853478460057685
coupled_B,J03WOY,18.663263215374535,6.0,26.801994694251405
coupled_B,J03WOY,8.8515631324506,3.0,10.060920115606729
coupled_B,J03WOY,10.569808635847396,6.0,20.772338587547587
coupled_B,J03WOY,6.9969889274785295,4.199999999999989,10.511180470176193
coupled_B,J03WOY,11.036926221972198,3.0,12.08787581888665
coupled_B,J03WOY,4.3987281056475,2.6000000000000227,8.037631893283617
coupled_B,J03WOY,7.464451362352534,3.0,10.12478705214168
coupled_B,J03WOY,7.731551369980384,2.7999999999999545,7.260757930188246
coupled_B,J03WOY,18.44412667673721,6.0,20.082924566195835
coupled_B,J03WOY,8.497476707204738,6.0,11.641593385692904
coupled_B,J03WOY,8.593756742383015,3.599999999999909,15.599569681625862
coupled_B,J03WOY,5.876671947031123,3.0,15.274441070327047
coupled_B,J03WOY,10.9099458252069,3.2000000000000455,11.716594460516008
coupled_B,J03WOY,22.437263494699614,6.0,12.741278342098138
coupled_B,J03WOY,18.63988071898887,3.7999999999999545,24.015445591060413
coupled_B,J03WOY,13.753485429072276,4.0,14.149511895016088
coupled_B,J03WOY,5.090942614531184,3.2000000000000455,10.09306428856431
coupled_B,J03WOY,11.447580107935059,4.0,14.680940878871137
coupled_B,J03WOY,12.47450024644499,4.0,13.93368495597774
coupled_B,J03WOY,4.000882888953417,2.6000000000001364,8.813137570850945
coupled_B,J03WOY,10.16655893571838,8.399999999999864,10.133573163679017
coupled_B,J03WOY,15.896812464572317,4.399999999999864,13.06219596920838
coupled_B,J03WOY,9.894754418468505,3.0,11.38723477799113
coupled_B,J03WOY,6.71362976594824,6.0,13.964990968926276
coupled_B,J03WOY,7.9812546551077626,6.0,6.860429050859086
coupled_B,J03WOY,10.140929924091001,3.3999999999998636,22.571514115290498
coupled_B,J03WOY,16.783839914395834,6.199999999999818,24.886798177602017
coupled_B,J03WOY,11.305467657505993,4.200000000000273,15.181387380726871
coupled_B,J03WOY,9.600712409585121,2.599999999999909,12.816840732410235
coupled_B,J03WOY,12.223778526094495,4.199999999999818,10.53807303653863
coupled_B,J03WOY,6.86591305534057,2.599999999999909,9.296687902130516
coupled_B,J03WOY,9.11274465355033,6.0,12.108395220431635
coupled_B,J03WOY,13.869883960944861,4.400000000000091,25.90224935011321
coupled_B,J03WOY,8.745353096825024,6.0,24.739093366926536
coupled_B,J03WOY,4.904515644298672,4.599999999999909,13.105687082014281
coupled_B,J03WOY,10.525685001168345,3.799999999999727,19.453854886901325
coupled_B,J03WOY,8.398048938539983,3.0,13.664368482214822
coupled_B,J03WOY,6.58960641286625,6.0,24.381072935869827
coupled_B,J03WOY,7.8312182879555134,2.599999999999909,8.800286291207142
coupled_B,J03WOY,7.142224933526818,2.599999999999909,11.676122312926196
coupled_B,J03WOY,9.690046297099308,2.5999999999999996,23.307473655086653
coupled_B,J03WOY,15.40409463482858,3.5999999999999943,20.29382267589106
coupled_B,J03WOY,7.186072196605089,6.0,13.037764814411066
coupled_B,J03WOY,4.501113960623753,3.0,8.047112589186934
coupled_B,J03WOY,4.91137240095913,3.599999999999966,14.335251514209233
coupled_B,J03WOY,12.022362840833857,5.399999999999977,9.89923175988731
coupled_B,J03WOY,8.152573901135373,2.8000000000000114,6.335592293722124
coupled_B,J03WOY,10.295330410385873,6.0,6.200475436280792
coupled_B,J03WOY,20.492727382206745,6.0,15.024639737427652
coupled_B,J03WOY,12.629570172466282,4.2000000000000455,10.682830899218171
coupled_B,J03WOY,10.177659928454972,4.0,13.245746558568914
coupled_B,J03WOY,14.685528749760255,6.0,18.19676640220093
coupled_B,J03WOY,25.696651443486516,6.600000000000023,21.879870126123848
coupled_B,J03WOY,7.331575324945727,3.2000000000000455,4.0403278237173375
coupled_B,J03WOY,8.485304424563418,3.199999999999932,16.43840291433252
coupled_B,J03WOY,10.386509208267801,4.399999999999977,14.846821961795087
coupled_B,J03WOY,17.6645888116095,5.7999999999999545,11.312351685215027
coupled_B,J03WOY,8.561834427097853,3.199999999999818,17.666210174949025
coupled_B,J03WOY,17.55987034677547,6.0,15.311470306521489
coupled_B,J03WOY,14.863749921871648,6.0,11.37671459223193
coupled_B,J03WOY,7.721331052314065,5.0,7.692972534495903
coupled_B,J03WOY,4.238789589419942,3.400000000000091,6.376259494954854
coupled_B,J03WOY,9.137084426544462,3.6000000000001364,7.189785645733608
coupled_B,J03WOY,10.452410979705807,3.2000000000000455,18.111991879461627
coupled_B,J03WOY,14.634022502812673,3.7999999999999545,16.35517332279646
coupled_B,J03WOY,4.655878738838687,2.7999999999999545,14.620665767651767
coupled_B,J03WOY,17.547842834197603,4.7999999999999545,22.697220715967653
coupled_B,J03WOY,9.618740662610463,3.3999999999998636,21.225846613026206
coupled_B,J03WOY,13.500139898046797,6.0,20.840810514638754
coupled_B,J03WOY,13.052261895524492,6.0,11.170824203536798
coupled_B,J03WOY,3.9974898468744122,4.2000000000000455,20.042185360364087
coupled_B,J03WOY,21.22545111586974,4.600000000000364,18.499224384500547
coupled_B,J03WOY,37.6191277835502,8.600000000000364,29.803198894648855
coupled_B,J03WOY,14.644829330306724,4.599999999999909,12.139962155227465
coupled_B,J03WOY,9.115664330540827,2.599999999999909,9.434877733489007
coupled_B,J03WOY,9.19766298038678,6.0,11.866421118201735
coupled_B,J03WOY,9.074593128720906,5.799999999999727,21.34184164790184
coupled_B,J03WOY,7.017331414456384,3.799999999999727,11.70399179103865
coupled_B,J03WOY,9.881212940830604,4.0,18.50365786042812
coupled_B,J03WOY,17.030273420809458,5.400000000000091,23.4885442941753
coupled_B,J03WOY,7.802864306788921,6.0,17.478686957108156
coupled_B,J03WOY,4.190163864844036,2.599999999999909,9.149497671754151
coupled_B,J03WOY,6.8068735565967735,2.599999999999909,11.133107198997958
coupled_B,J03WOY,15.492765042469562,6.0,34.036108374504586
coupled_B,J03WQQ,37.88458423308117,7.599999999999994,25.623917406690893
coupled_B,J03WQQ,7.958618746040097,3.4000000000000057,7.453411470233062
coupled_B,J03WQQ,6.6675085077322755,2.8000000000000114,9.741463179015724
coupled_B,J03WQQ,6.037782558208008,6.0,11.414067931516392
coupled_B,J03WQQ,13.087757881884055,3.7999999999999545,14.560014638375534
coupled_B,J03WQQ,6.78731290295981,4.0,11.393296087246377
coupled_B,J03WQQ,4.7455609773990615,2.599999999999909,4.025457123087358
coupled_B,J03WQQ,4.284772071334645,2.6000000000000227,11.41281420841393
coupled_B,J03WQQ,21.725846927194212,4.599999999999909,19.523178949058742
coupled_B,J03WQQ,5.9368426816135464,2.6000000000000227,8.696620559409247
coupled_B,J03WQQ,10.727434836941715,5.0,16.875313403053916
coupled_B,J03WQQ,11.91408928048758,2.7999999999999545,13.538741967563116
coupled_B,J03WQQ,14.794964656424277,3.599999999999909,12.736256921247993
coupled_B,J03WQQ,7.937145377527427,3.0,13.497038356031771
coupled_B,J03WQQ,7.086197585878909,2.6000000000001364,9.54883981677623
coupled_B,J03WQQ,5.095897237083138,3.2000000000000455,10.915488097776993
coupled_B,J03WQQ,4.7205281916992,2.7999999999999545,8.86503028660572
coupled_B,J03WQQ,10.337248705406365,2.599999999999909,9.791006578927027
coupled_B,J03WQQ,15.142586019370896,6.0,16.745178678835558
coupled_B,J03WQQ,18.10110732208097,6.0,16.94577226714049
coupled_B,J03WQQ,9.317458635020834,3.2000000000000455,9.496011663278493
coupled_B,J03WQQ,14.550476672884567,5.0,21.460438309273158
coupled_B,J03WQQ,9.009227140367292,3.599999999999909,12.99113631147215
coupled_B,J03WQQ,5.037432171635018,2.599999999999909,11.064881301201577
coupled_B,J03WQQ,3.0704569887530315,2.599999999999909,5.983165712623094
coupled_B,J03WQQ,3.3160659376002846,4.399999999999864,9.598663376929938
coupled_B,J03WQQ,7.51643847064319,3.599999999999909,6.923988487264453
coupled_B,J03WQQ,39.17464105457645,13.600000000000136,21.718188321678966
coupled_B,J03WQQ,5.705480125690874,2.6000000000001364,10.423448984685756
coupled_B,J03WQQ,7.5429101833189245,2.7999999999999545,13.18240682889818
coupled_B,J03WQQ,8.232444302824176,3.6000000000001364,13.163121680383536
coupled_B,J03WQQ,8.22477030132831,2.799999999999727,14.516314794134267
coupled_B,J03WQQ,8.461790087989048,6.0,17.919928362799105
coupled_B,J03WQQ,9.37802447769375,3.600000000000364,15.408787821702337
coupled_B,J03WQQ,4.333741205268204,3.800000000000182,14.29562148068099
coupled_B,J03WQQ,12.902971867197781,3.0,18.779509090725973
coupled_B,J03WQQ,15.328109569009928,4.800000000000182,14.966966390868818
coupled_B,J03WQQ,7.654666137311649,2.799999999999727,14.368820176919204
coupled_B,J03WQQ,14.159349866247847,6.0,14.111339387978617
coupled_B,J03WQQ,6.009070063508295,3.0,11.89053696141261
coupled_B,J03WQQ,6.9649151906795534,2.6000000000000005,13.900941821821505
coupled_B,J03WQQ,12.029358876885352,6.0,12.747744303625026
coupled_B,J03WQQ,28.24010319786084,5.400000000000006,19.712466128330917
coupled_B,J03WQQ,13.525307034220466,4.199999999999989,25.245770369187518
coupled_B,J03WQQ,10.834497222824295,4.2000000000000455,15.089777674136396
coupled_B,J03WQQ,4.4841795660394315,4.7999999999999545,12.763721490431633
coupled_B,J03WQQ,5.669914379607998,2.8000000000000114,13.318815974225522
coupled_B,J03WQQ,6.56957226152382,3.1999999999999886,10.356746717406267
coupled_B,J03WQQ,7.980051833899944,3.8000000000000114,18.716325566614472
coupled_B,J03WQQ,7.737767071155346,2.8000000000000114,17.06618683193679
coupled_B,J03WQQ,8.514499448453748,6.0,13.102169382432162
coupled_B,J03WQQ,10.116394831694457,4.2000000000000455,11.133130695106283
coupled_B,J03WQQ,9.285310220304344,3.800000000000068,17.881436320162436
coupled_B,J03WQQ,3.6874602056857597,3.0,8.059344351377497
coupled_B,J03WQQ,14.588533302926674,4.2000000000000455,26.960849031302146
coupled_B,J03WQQ,12.278619629258005,3.6000000000000227,8.677610981168842
coupled_B,J03WQQ,7.373960943753139,2.7999999999999545,10.460319424949867
coupled_B,J03WQQ,16.494353579331108,4.0,18.144838123290096
coupled_B,J03WQQ,8.329045563568187,3.3999999999998636,15.680608033534044
coupled_B,J03WQQ,15.290284497026208,4.400000000000091,13.226063417176627
coupled_B,J03WQQ,8.578169968005996,3.0,9.027048693154262
coupled_B,J03WQQ,10.000004999998755,3.599999999999909,13.178485972076622
coupled_B,J03WQQ,3.950658173013768,3.0,20.654337217266413
coupled_B,J03WQQ,9.130744766995074,3.800000000000182,17.03994086947183
coupled_B,J03WQQ,6.876401675295254,6.0,9.25216315841729
coupled_B,J03WQQ,9.57548954362174,3.0,18.903828810221913
coupled_B,J03WQQ,8.74547311470334,2.7999999999999545,7.902674492854206
coupled_B,J03WQQ,22.520035523949897,5.7999999999999545,16.819803445162865
coupled_B,J03WQQ,11.394568881708796,3.0,23.670638504800216
coupled_B,J03WQQ,6.397655820689323,2.599999999999909,15.524522138492332
coupled_B,J03WQQ,10.76987000850035,4.399999999999864,11.69461810130257
coupled_B,J03WQQ,21.899004543587125,4.800000000000182,21.578601654602323
coupled_B,J03WQQ,8.304149565128442,2.800000000000182,11.86191353300793
coupled_B,J03WQQ,6.6368215284132885,6.0,11.251066740344038
coupled_B,J03WQQ,8.839711533754931,6.0,12.596404482153684
coupled_B,J03WQQ,6.008901729934917,3.600000000000364,10.672335390786442
coupled_B,J03WQQ,3.82388545853559,3.0,8.005971275502565
coupled_B,J03WQQ,24.589042274964676,6.199999999999818,14.561865645717845
coupled_B,J03WQQ,8.775477195003088,4.0,22.813917756664026
coupled_B,J03WQQ,24.108606347112936,8.400000000000091,23.063015943901185
coupled_B,J03WQQ,9.024965373894794,5.0,19.78525985925812
coupled_B,J03WQQ,6.396256717798863,5.400000000000091,14.145861005079894
coupled_B,J03WQQ,7.368921223625614,2.599999999999909,10.740821344338828
coupled_B,J03WQQ,13.054386236049345,2.799999999999727,16.70352661498035
coupled_B,J03WQQ,8.319260784469652,3.400000000000091,24.395258522098406
coupled_B,J03WR9,14.335764534043916,4.2,24.728255502897408
coupled_B,J03WR9,22.026601667230608,5.000000000000002,16.559585853711532
coupled_B,J03WR9,10.149240355250448,5.600000000000001,11.605697497356829
coupled_B,J03WR9,7.661866729860335,6.0,13.081883155928356
coupled_B,J03WR9,8.433909221141054,2.6000000000000227,12.961233292468126
coupled_B,J03WR9,9.883465491935656,4.399999999999977,14.322601505928601
coupled_B,J03WR9,5.576156845905164,2.5999999999999943,9.13388162662669
coupled_B,J03WR9,17.782757061349642,6.0,22.38072059591535
coupled_B,J03WR9,4.737226034274213,3.1999999999999886,6.908760435467962
coupled_B,J03WR9,12.083411335907474,3.4000000000000057,10.622851997062652
coupled_B,J03WR9,7.1894522699751064,2.599999999999966,11.09897079737149
coupled_B,J03WR9,7.332899160019899,2.8000000000000114,9.548241336248195
coupled_B,J03WR9,7.717478174640434,2.8000000000000114,4.606484430341132
coupled_B,J03WR9,8.755670351914443,3.400000000000034,11.354121374745505
coupled_B,J03WR9,5.623133682955373,5.800000000000011,9.091234709542464
coupled_B,J03WR9,11.013348376502101,5.399999999999977,12.605154520987472
coupled_B,J03WR9,8.647226161326675,5.2000000000000455,27.88556433178114
coupled_B,J03WR9,7.8921150656146715,5.199999999999932,7.30987991136854
coupled_B,J03WR9,6.625598749111602,2.599999999999909,5.68118947493444
coupled_B,J03WR9,7.791766503853814,2.6000000000000227,13.584480549050575
coupled_B,J03WR9,14.369353561778611,3.0,14.175746092154867
coupled_B,J03WR9,8.380945656705851,3.3999999999999773,12.562521088939999
coupled_B,J03WR9,10.883091809557637,3.400000000000091,16.226064571259407
coupled_B,J03WR9,5.479720451600901,2.599999999999909,8.602844220303528
coupled_B,J03WR9,14.391744883033438,5.400000000000091,21.43716279158682
coupled_B,J03WR9,9.004354613734979,3.2000000000000455,13.625898568799807
coupled_B,J03WR9,9.703083372419643,4.400000000000091,9.233423114858741
coupled_B,J03WR9,8.662778797267698,6.0,15.321832697712754
coupled_B,J03WR9,4.426796227380486,3.400000000000091,10.978799138967366
coupled_B,J03WR9,7.576749295899922,3.2000000000000455,14.98899513822246
coupled_B,J03WR9,9.004643182976535,3.2000000000000455,17.550621875453352
coupled_B,J03WR9,8.897445070578925,4.600000000000136,11.511730037957205
coupled_B,J03WR9,13.64079756293881,5.0,14.653179553135466
coupled_B,J03WR9,11.369668840164419,6.0,14.614414153038762
coupled_B,J03WR9,26.11271425621584,6.400000000000091,19.297866167186424
coupled_B,J03WR9,21.876865504899527,3.799999999999727,18.805393280217494
coupled_B,J03WR9,13.487102115653343,4.399999999999636,18.38493766478875
coupled_B,J03WR9,6.641851269261048,3.400000000000091,13.452816362777522
coupled_B,J03WR9,6.566085347119087,3.0,18.59733444062589
coupled_B,J03WR9,4.017324630614279,4.0,7.697636783882304
coupled_B,J03WR9,10.286227637876781,3.200000000000273,12.58281272634132
coupled_B,J03WR9,21.760715594795347,4.599999999999909,15.208098472156067
coupled_B,J03WR9,7.501643936300796,6.0,11.18881888615406
coupled_B,J03WR9,7.1126771076320505,6.0,15.282576649359974
coupled_B,J03WR9,7.3059017239489314,6.0,11.907152420726236
coupled_B,J03WR9,12.234941765288463,6.0,15.644357706625
coupled_B,J03WR9,8.66157606905348,3.799999999999997,19.251449992745062
coupled_B,J03WR9,7.207364289391786,2.5999999999999943,17.006275631145066
coupled_B,J03WR9,8.32598943069234,6.0,15.474062644767614
coupled_B,J03WR9,11.507189057280709,6.0,16.565335567639615
coupled_B,J03WR9,10.294857939767832,5.599999999999966,20.94233747316893
coupled_B,J03WR9,5.0505643249049506,2.800000000000068,10.523044958161567
coupled_B,J03WR9,12.921950317192827,6.0,24.642821953351888
coupled_B,J03WR9,16.600192769965055,6.0,17.91129420343542
coupled_B,J03WR9,10.57783531730382,4.400000000000091,7.49043852317195
coupled_B,J03WR9,4.892862148068345,4.0,8.069905275525093
coupled_B,J03WR9,4.136967488391103,2.6000000000001364,15.402008862608538
coupled_B,J03WR9,11.460794038809004,5.0,27.309308996685843
coupled_B,J03WR9,7.349136003639845,2.599999999999909,8.804999641293556
coupled_B,J03WR9,14.71674216666175,6.0,13.244188565365578
coupled_B,J03WR9,17.884619090157845,4.400000000000091,15.689042958363343
coupled_B,J03WR9,7.637047858957021,6.0,16.15349882124739
coupled_B,J03WR9,10.79082943985381,6.0,22.64286786495672
coupled_B,J03WR9,20.036179775595944,6.0,16.42493750807381
coupled_B,J03WR9,10.542736836324806,3.2000000000000455,23.190417324365022
coupled_B,J03WR9,11.5617386235808,3.799999999999727,22.217158317616256
coupled_B,J03WR9,17.130105078488167,6.0,14.026359629897254
coupled_B,J03WR9,9.033825324857355,2.800000000000182,15.10073005710884
coupled_B,J03WR9,12.365055600360959,6.0,9.909010244528616
coupled_B,J03WR9,12.251224428603052,5.800000000000182,11.29439155508559
coupled_B,J03WR9,12.495775286071453,4.0,9.266768607542017
coupled_B,J03WR9,7.300746537170015,6.0,12.098432223267391
coupled_B,J03WR9,7.282341656364154,2.599999999999909,11.991917803064391
coupled_B,J03WR9,6.483085685073262,5.199999999999818,9.825629615082704
coupled_B,J03WR9,10.59393222557139,6.0,19.438867798916526
stage2_B,Sample_Game_1,23.53826697356149,4.199999999999996,12.042859599052512
stage2_B,Sample_Game_1,7.049903696665439,2.6000000000000227,5.610630124799416
stage2_B,Sample_Game_1,11.45500911020467,6.0,12.289123721439658
stage2_B,Sample_Game_1,7.031447225914726,2.8000000000000114,9.079046405086267
stage2_B,Sample_Game_1,5.355965979053622,6.0,6.459738855281332
stage2_B,Sample_Game_1,11.683364653676264,3.8000000000000114,12.886076180642526
stage2_B,Sample_Game_1,6.640505908448861,6.0,8.904599574967133
stage2_B,Sample_Game_1,5.317803144827266,4.2000000000000455,10.019017661351164
stage2_B,Sample_Game_1,20.63245224397057,5.399999999999977,25.729302076765713
stage2_B,Sample_Game_1,34.055491974058114,6.399999999999977,20.131214147500295
stage2_B,Sample_Game_1,6.478681863224381,6.0,12.321060845859563
stage2_B,Sample_Game_1,5.406695786324335,3.2000000000000455,10.211447503156185
stage2_B,Sample_Game_1,11.00173113427082,6.0,11.993883028536398
stage2_B,Sample_Game_1,8.508565398304611,2.6000000000000227,8.360473641709028
stage2_B,Sample_Game_1,9.500059669344967,3.0,8.785632357899086
stage2_B,Sample_Game_1,6.484175323957307,2.7999999999999545,6.889338406691792
stage2_B,Sample_Game_1,3.9818558382932654,6.0,10.13577725410073
stage2_B,Sample_Game_1,7.391094420825013,3.6000000000000227,10.73310173866889
stage2_B,Sample_Game_1,10.258966717692907,3.3999999999998636,8.940937672799112
stage2_B,Sample_Game_1,5.880744391937213,2.7999999999999545,7.0188315884649
stage2_B,Sample_Game_1,10.240937146032746,4.399999999999864,14.856835204501394
stage2_B,Sample_Game_1,6.07380310319582,6.0,5.845604812080897
stage2_B,Sample_Game_1,5.525670679289977,2.7999999999999545,8.050306073071685
stage2_B,Sample_Game_1,4.1066567476591604,6.0,15.507087175722887
stage2_B,Sample_Game_1,6.708047637944165,3.0,12.695300052480402
stage2_B,Sample_Game_1,6.5294161145434675,2.6000000000001364,8.110385948662163
stage2_B,Sample_Game_1,6.490423130102079,6.0,13.155583967936835
stage2_B,Sample_Game_1,10.065749645513971,5.0,10.218908341138846
stage2_B,Sample_Game_1,10.154012171400385,2.7999999999999545,5.830476595793183
stage2_B,Sample_Game_1,14.572785752717625,5.2000000000000455,9.458462470663527
stage2_B,Sample_Game_1,7.301046518262167,2.7999999999999545,5.397437616119422
stage2_B,Sample_Game_1,3.545002240360583,2.599999999999909,8.830349644940092
stage2_B,Sample_Game_1,22.381386482314454,5.2000000000000455,17.97769855235363
stage2_B,Sample_Game_1,11.41937225038657,6.0,18.823597608012392
stage2_B,Sample_Game_1,7.182602391123903,3.0,10.305930460650835
stage2_B,Sample_Game_1,10.101398413477032,3.799999999999727,11.451642860563913
stage2_B,Sample_Game_1,12.448679240682349,3.0,15.621228501461268
stage2_B,Sample_Game_1,6.990738622575469,6.0,6.2559484078329275
stage2_B,Sample_Game_1,7.048367703420063,3.599999999999909,9.636957549252141
stage2_B,Sample_Game_1,10.228871141698047,2.800000000000182,10.125397231809359
stage2_B,Sample_Game_1,9.213023130836326,6.0,5.344099813845926
stage2_B,Sample_Game_1,10.812851995606339,3.599999999999909,7.808756764368276
stage2_B,Sample_Game_1,22.686261961305124,7.199999999999818,19.110499665488785
stage2_B,Sample_Game_1,8.451828147514611,3.599999999999909,16.764748879594105
stage2_B,Sample_Game_1,22.626384234095756,6.600000000000364,16.99146929524702
stage2_B,Sample_Game_1,4.428111464052483,6.0,6.222954681988995
stage2_B,Sample_Game_1,13.74143730231414,3.799999999996544,18.029363061580966
stage2_B,Sample_Game_1,4.538052874267189,2.9999999999972715,10.391794853673284
stage2_B,Sample_Game_1,9.481589324926757,6.0,13.398297767382054
stage2_B,Sample_Game_1,10.923814595456108,6.0,50.224760018184114
stage2_B,Sample_Game_1,6.840434693054403,2.9999999999972715,12.931477116844112
stage2_B,Sample_Game_1,6.518010875763573,3.599999999996726,14.04248626974377
stage2_B,Sample_Game_1,11.912525545626604,6.0,22.048024518686628
stage2_B,Sample_Game_1,9.631822891664982,5.999999999994543,13.650647078018253
stage2_B,Sample_Game_1,27.711225045162816,5.799999999994725,18.80466483199854
stage2_B,Sample_Game_1,7.614193721606352,2.5999999999976353,9.617655240752585
stage2_B,Sample_Game_1,10.035060235825728,6.0,11.488726806786945
stage2_B,Sample_Game_1,7.060692248761512,3.1999999999970896,10.872084982740919
stage2_B,Sample_Game_1,5.918484715250138,2.7999999999974534,12.855160836293646
stage2_B,Sample_Game_1,6.219767615758608,2.7999999999974534,6.971016242213368
stage2_B,Sample_Game_1,13.954957103320183,6.0,32.092313960304324
stage2_B,Sample_Game_1,7.588935333845024,6.0,14.940684843424794
stage2_B,Sample_Game_1,14.30402420567233,6.0,29.20749468928031
stage2_B,Sample_Game_1,12.356759183181211,3.3999999999969077,21.771835279780333
stage2_B,Sample_Game_1,13.622325770207613,6.0,16.33624006361914
stage2_B,Sample_Game_1,8.161207188750684,6.0,14.341009946289917
stage2_B,Sample_Game_1,4.429026639840979,3.3999999999969077,19.51497801680248
stage2_B,Sample_Game_1,7.254482042695811,6.0,18.849732120200656
stage2_B,Sample_Game_1,13.779810491600845,2.7999999999974534,20.017801461163014
stage2_B,Sample_Game_1,8.954630798663665,2.7999999999974534,9.938876611685455
stage2_B,Sample_Game_1,25.950946554585542,6.799999999993815,24.459649290958318
stage2_B,Sample_Game_1,6.247398855362115,2.599999999996726,8.539926063478237
stage2_B,Sample_Game_1,15.052804293092738,6.0,14.910515310142731
stage2_B,Sample_Game_1,17.64356160237321,3.999999999996362,27.688621966012043
stage2_B,Sample_Game_1,21.97703995729482,5.599999999994907,25.695018254347307
stage2_B,Sample_Game_1,5.915488795316396,3.599999999996726,10.149551689511462
stage2_B,Sample_Game_1,2.6149793866171462,3.7999999999974534,7.265599984023874
stage2_B,Sample_Game_1,8.255472249098286,3.1999999999970896,18.03972725915699
stage2_B,Sample_Game_1,12.199374195533721,6.0,14.99174049995692
stage2_B,Sample_Game_1,3.7237088481848786,3.599999999996726,13.559237803545937
stage2_B,Sample_Game_1,11.049943950559062,4.399999999995998,13.07375464778416
stage2_B,Sample_Game_1,5.295661720084402,5.999999999994543,13.193154936153963
stage2_B,Sample_Game_1,7.581556090089216,4.999999999994543,20.658838318387062
stage2_B,Sample_Game_1,27.302447397947198,5.399999999994179,23.741765804429413
stage2_B,Sample_Game_1,6.24335456880582,3.999999999996362,14.574154692695306
stage2_B,Sample_Game_1,7.048708480773619,2.7999999999974534,13.068977776034155
stage2_B,Sample_Game_1,4.055397238833798,2.599999999998545,11.264514048581912
stage2_B,Sample_Game_1,4.356184024805382,2.599999999996726,9.854693428541903
stage2_B,Sample_Game_1,2.368837907089131,4.399999999995998,5.938218532215385
stage2_B,Sample_Game_1,5.519524542841276,6.0,35.5926290311735
stage2_B,Sample_Game_1,20.50789712230222,5.399999999995998,16.371055104928573
stage2_B,Sample_Game_1,10.938411282670577,3.599999999996726,20.285154961314312
stage2_B,Sample_Game_1,7.747187069037207,2.599999999996726,11.935479765913815
stage2_B,Sample_Game_1,8.90555554974684,6.0,27.38481990433191
stage2_B,Sample_Game_1,3.514471755579569,5.199999999995271,14.463825499710243
stage2_B,Sample_Game_1,23.83565884892096,4.799999999995634,24.1651914654069
stage2_B,Sample_Game_2,6.244908832221478,2.8000000000000043,9.46507380521053
stage2_B,Sample_Game_2,7.363517652805337,3.6000000000000085,7.484865574331817
stage2_B,Sample_Game_2,10.199429499563855,3.200000000000003,9.788671453886872
stage2_B,Sample_Game_2,5.263571279324251,3.200000000000017,10.80490018331843
stage2_B,Sample_Game_2,4.496065749443428,6.0,9.245780832327434
stage2_B,Sample_Game_2,6.784607259295374,3.0,9.605245493676456
stage2_B,Sample_Game_2,10.060803318119959,3.6000000000000227,14.039891745418906
stage2_B,Sample_Game_2,8.624789348637865,2.6000000000000227,9.330030828970976
stage2_B,Sample_Game_2,5.474208820241411,2.599999999999909,9.409272067137515
stage2_B,Sample_Game_2,7.7727831736587945,3.0,8.698403642092721
stage2_B,Sample_Game_2,9.164819793983328,3.199999999999932,15.847555892328746
stage2_B,Sample_Game_2,8.739585514173083,3.0,11.95488236537298
stage2_B,Sample_Game_2,9.572501022660036,3.7999999999999545,9.742599447959769
stage2_B,Sample_Game_2,6.321723833147275,4.0,11.456353169196012
stage2_B,Sample_Game_2,8.782721560247115,6.0,15.371579123740425
stage2_B,Sample_Game_2,16.270027142116827,8.0,19.449417265916555
stage2_B,Sample_Game_2,17.128500864135205,5.7999999999999545,18.150944023330958
stage2_B,Sample_Game_2,10.500508343595524,2.800000000000182,19.212970882527827
stage2_B,Sample_Game_2,11.861668972136854,5.0,27.458036727016996
stage2_B,Sample_Game_2,9.935140904657725,3.7999999999999545,11.41488231848556
stage2_B,Sample_Game_2,10.13826307773271,6.0,13.446136903110084
stage2_B,Sample_Game_2,22.778347720266964,6.0,30.930976633005926
stage2_B,Sample_Game_2,13.554158921745376,6.0,17.3093921345991
stage2_B,Sample_Game_2,4.920417008479731,3.599999999999909,17.010502962979928
stage2_B,Sample_Game_2,5.7581217965964715,2.7999999999999545,8.96485720362728
stage2_B,Sample_Game_2,7.342967937040426,2.599999999999909,9.68633399755765
stage2_B,Sample_Game_2,26.566300350044422,5.7999999999999545,19.74342473330057
stage2_B,Sample_Game_2,9.66663552171002,4.0,18.001182280425578
stage2_B,Sample_Game_2,5.304817442402883,3.0,15.542985651040377
stage2_B,Sample_Game_2,7.757569474705937,2.800000000000182,16.57665222639003
stage2_B,Sample_Game_2,7.567997251275333,6.0,14.279565633401976
stage2_B,Sample_Game_2,4.162519034280405,2.599999999999909,11.656210637651007
stage2_B,Sample_Game_2,12.285152492179986,5.199999999995271,15.809896608596237
stage2_B,Sample_Game_2,22.34283660061609,6.0,12.780512132189369
stage2_B,Sample_Game_2,5.230070326280732,3.1999999999970896,8.087231854319151
stage2_B,Sample_Game_2,7.331561166926316,6.0,8.42509638348924
stage2_B,Sample_Game_2,4.782549539227371,6.0,21.785390181168534
stage2_B,Sample_Game_2,17.822760799561273,6.0,9.837580014307438
stage2_B,Sample_Game_2,16.396916104579432,6.0,26.856931865318973
stage2_B,Sample_Game_2,13.980608111138164,5.999999999994543,25.897033223102767
stage2_B,Sample_Game_2,6.613072054234611,3.1999999999970896,18.479215979519296
stage2_B,Sample_Game_2,8.234544032853643,6.0,14.987294776429415
stage2_B,Sample_Game_2,16.777467522559753,6.0,17.628684251398894
stage2_B,Sample_Game_2,5.559724685229645,5.799999999994725,32.818289527762346
stage2_B,Sample_Game_2,7.575699394336301,2.9999999999972715,11.517341167611493
stage2_B,Sample_Game_2,9.871359512514596,6.0,13.21455704191797
stage2_B,Sample_Game_2,5.226824075920467,6.0,14.634943946779373
stage2_B,Sample_Game_2,10.674131899271966,5.799999999994725,15.654817946985709
stage2_B,Sample_Game_2,2.999757189694174,2.5999999999976353,5.9097359155575315
stage2_B,Sample_Game_2,10.521548259064218,6.0,21.707846293067632
stage2_B,Sample_Game_2,5.35765582434334,2.5999999999976353,10.040018267131142
stage2_B,Sample_Game_2,8.124151404263474,3.1999999999970896,9.677170407844171
stage2_B,Sample_Game_2,7.15759232367826,5.399999999995089,13.443684969112152
stage2_B,Sample_Game_2,8.101930881200708,3.1999999999970896,27.77544180383029
stage2_B,Sample_Game_2,11.580822937646015,6.0,12.59977759955628
stage2_B,Sample_Game_2,6.541120624285961,6.0,12.30283604537113
stage2_B,Sample_Game_2,20.716255093453825,4.599999999995816,26.963538907723404
stage2_B,Sample_Game_2,6.628203858786636,3.799999999996544,8.216827567711814
stage2_B,Sample_Game_2,8.202560750361087,3.599999999996726,4.341050908727937
stage2_B,Sample_Game_2,4.473683695156967,6.0,8.588766269464124
stage2_B,Sample_Game_2,7.184966553321878,4.599999999995816,18.43809125939071
stage2_B,Sample_Game_2,5.05414959667117,6.0,13.255881742683798
stage2_B,Sample_Game_2,5.197042418788846,2.5999999999976353,8.389574551626811
stage2_B,Sample_Game_2,12.545243971839028,4.19999999999618,16.875366215992763
stage2_B,Sample_Game_2,28.101831995422437,5.399999999995089,16.53443005207042
stage2_B,Sample_Game_2,21.19130811251864,6.0,26.797503990597818
stage2_B,Sample_Game_2,8.449542524266112,5.999999999994543,11.348487533794025
stage2_B,Sample_Game_2,10.294604779727209,4.19999999999618,18.556597007369497
stage2_B,Sample_Game_2,5.353872730904429,6.0,8.684129882499027
stage2_B,Sample_Game_2,2.5405702314358938,3.599999999996726,14.928998752079885
stage2_B,Sample_Game_2,6.995970060955379,3.1999999999970896,22.6578315114769
stage2_B,Sample_Game_3,11.66133251077638,6.0,15.7555304860001
stage2_B,Sample_Game_3,16.03653070304081,4.399999999999977,21.475213191606088
stage2_B,Sample_Game_3,17.747560518758853,5.999999999999972,18.971108534565623
stage2_B,Sample_Game_3,7.367447798601927,4.399999999999977,11.172993529015848
stage2_B,Sample_Game_3,14.223892684801921,6.0,12.281795568856587
stage2_B,Sample_Game_3,6.96639066713481,2.599999999999966,12.87498582716146
stage2_B,Sample_Game_3,9.281612184702817,5.399999999999977,9.598355190578829
stage2_B,Sample_Game_3,13.007939019710356,6.0,10.597871072758872
stage2_B,Sample_Game_3,7.992677876876781,3.0,12.911918945941784
stage2_B,Sample_Game_3,15.18336132990698,6.0,16.953513617139706
stage2_B,Sample_Game_3,12.78600776664436,5.399999999999977,11.636327043555902
stage2_B,Sample_Game_3,8.050776009636875,3.599999999999909,11.698011584784066
stage2_B,Sample_Game_3,6.691080463152527,2.6000000000000227,9.922499057800183
stage2_B,Sample_Game_3,13.618930827546738,6.0,10.573195899278822
stage2_B,Sample_Game_3,7.7169833683720395,3.199999999999932,10.366135213148405
stage2_B,Sample_Game_3,11.890620007692863,3.7999999999999545,12.316215706418243
stage2_B,Sample_Game_3,9.758358311025518,4.600000000000023,9.889810807106926
stage2_B,Sample_Game_3,7.169798099650663,3.6000000000000227,10.796239146655964
stage2_B,Sample_Game_3,5.2030437642601886,3.800000000000068,8.903417257299242
stage2_B,Sample_Game_3,12.383053134038459,4.199999999999932,20.878763076115355
stage2_B,Sample_Game_3,6.183178416593705,4.199999999999932,9.477535058080854
stage2_B,Sample_Game_3,7.837389709300439,3.2000000000000455,13.161949451609612
stage2_B,Sample_Game_3,4.6661455798353115,3.6000000000000227,8.983198962533269
stage2_B,Sample_Game_3,9.205179226167878,3.0,15.74233622802127
stage2_B,Sample_Game_3,15.331740675047717,5.800000000000182,23.779127182389466
stage2_B,Sample_Game_3,11.383106975985761,3.2000000000000455,13.11015871221223
stage2_B,Sample_Game_3,14.053141355883703,5.599999999999909,19.468858340995432
stage2_B,Sample_Game_3,10.98274201901668,3.400000000000091,11.855132077118956
stage2_B,Sample_Game_3,4.167331342183537,3.2000000000000455,10.162926868607858
stage2_B,Sample_Game_3,9.909581735337417,6.0,13.153198754705363
stage2_B,Sample_Game_3,9.504880693017812,3.7999999999999545,14.509207871600967
stage2_B,Sample_Game_3,16.46356869987151,6.0,15.057249988315336
stage2_B,Sample_Game_3,10.907650654153755,6.0,20.49823426656023
stage2_B,Sample_Game_3,10.41753788522865,6.0,19.06164199972556
stage2_B,Sample_Game_3,9.666636613485693,3.2000000000000455,9.271880389461876
stage2_B,Sample_Game_3,8.523397432802552,3.400000000000091,11.518255860282839
stage2_B,Sample_Game_3,6.482393828576207,2.7999999999999545,6.388417011483195
stage2_B,Sample_Game_3,6.188330785632328,2.599999999999909,14.206153781692064
stage2_B,Sample_Game_3,8.392584099767053,6.0,10.404001477833699
stage2_B,Sample_Game_3,12.028598088646923,6.0,16.06687653515067
stage2_B,Sample_Game_3,14.5674333779838,5.0,11.31863805504146
stage2_B,Sample_Game_3,8.026257154649063,6.0,11.550743676969365
stage2_B,Sample_Game_3,11.242704874353578,5.399999999999864,13.120846748279792
stage2_B,Sample_Game_3,8.696561053437028,4.0,5.67244967564194
stage2_B,Sample_Game_3,17.54063646256424,6.0,12.468608397993847
stage2_B,Sample_Game_3,8.845487329602808,5.199999999999818,14.418685921264231
stage2_B,Sample_Game_3,3.6111919915048425,2.800000000000182,14.048876586875124
stage2_B,Sample_Game_3,5.028952327797683,4.199999999999818,11.673325742045437
stage2_B,Sample_Game_3,16.439164307480446,5.199999999999818,12.62846991679267
stage2_B,Sample_Game_3,5.9195321017846805,2.800000000000182,12.894320947335464
stage2_B,Sample_Game_3,15.396930111048432,3.0,11.420443767514174
stage2_B,Sample_Game_3,9.780304705170671,6.0,20.428161581179204
stage2_B,Sample_Game_3,8.477874246894347,3.799999999999727,9.21707898232605
stage2_B,Sample_Game_3,9.440172275679327,4.200000000000273,12.523191632354518
stage2_B,Sample_Game_3,5.196211978408181,4.199999999999818,7.228132661682741
stage2_B,Sample_Game_3,12.62315992517214,4.400000000000091,12.294533654063208
stage2_B,Sample_Game_3,13.830141890014598,5.800000000000182,11.062160167483817
stage2_B,Sample_Game_3,11.903223257096828,6.0,11.562968489676638
stage2_B,Sample_Game_3,10.115621202980677,5.599999999999994,8.722326392410542
stage2_B,Sample_Game_3,5.713376637677012,2.799999999999983,11.848687545207692
stage2_B,Sample_Game_3,12.847759694208925,6.0,15.79604075023645
stage2_B,Sample_Game_3,6.259036510181824,3.4000000000000057,10.559170928891186
stage2_B,Sample_Game_3,8.53978565740134,3.0,12.20506963532618
stage2_B,Sample_Game_3,13.847142911282551,6.0,19.039068477961187
stage2_B,Sample_Game_3,5.403414721195887,4.199999999999989,11.27939405166437
stage2_B,Sample_Game_3,8.697290954864137,2.6000000000000227,12.333829714053412
stage2_B,Sample_Game_3,8.823290409335756,3.599999999999909,12.716111819510242
stage2_B,Sample_Game_3,11.170648364681226,3.199999999999932,14.178952801945261
stage2_B,Sample_Game_3,7.919371977637502,3.400000000000091,8.981415471486773
stage2_B,Sample_Game_3,17.72772044464711,4.399999999999977,9.386613810135263
stage2_B,Sample_Game_3,8.315505392387951,3.2000000000000455,10.40800398132782
stage2_B,Sample_Game_3,16.244650967618924,3.7999999999999545,15.625492950671505
stage2_B,Sample_Game_3,4.226788841839795,5.399999999999977,14.313341174165629
stage2_B,Sample_Game_3,10.488400934769643,4.199999999999932,20.283520474915758
stage2_B,Sample_Game_3,7.79996087013426,4.2000000000000455,15.801215023334631
stage2_B,Sample_Game_3,5.760108274311664,4.999999999999886,11.4582522356739
stage2_B,Sample_Game_3,11.70785213888027,6.0,18.791733599271428
stage2_B,Sample_Game_3,4.650025026474581,4.400000000000091,12.079214710914957
stage2_B,Sample_Game_3,11.579017903223788,2.6000000000001364,12.661809883839355
stage2_B,Sample_Game_3,7.483935386162388,6.0,10.95876422078479
stage2_B,Sample_Game_3,10.646018234911361,6.0,11.083305272579269
stage2_B,Sample_Game_3,9.353913079095172,4.199999999999818,9.570228562884509
stage2_B,Sample_Game_3,12.771180583439818,4.199999999999818,11.872778617876074
stage2_B,Sample_Game_3,12.930379306897569,3.599999999999909,12.873114879385367
stage2_B,Sample_Game_3,10.442016305905343,3.599999999999909,22.06021022303147
stage2_B,Sample_Game_3,4.3063618054491,6.0,9.33702571215321
stage2_B,Sample_Game_3,8.338323256254572,3.2000000000000455,9.890754925665552
stage2_B,Sample_Game_3,11.236207624609353,5.2000000000000455,18.665138828749875
stage2_B,Sample_Game_3,19.69980360193473,4.400000000000091,14.175476375212451
stage2_B,Sample_Game_3,7.545376885725576,3.0,13.011515583426355
stage2_B,Sample_Game_3,17.769851641968103,3.599999999999909,11.882880936647625
stage2_B,Sample_Game_3,8.464244563937019,6.0,8.348437616738712
stage2_B,Sample_Game_3,6.08186243066592,2.599999999999909,12.84946564409789
stage2_B,Sample_Game_3,4.27628835048634,5.2000000000000455,12.000425019980717
stage2_B,Sample_Game_3,13.53822942702163,4.199999999999818,19.942077488197604
stage2_B,Sample_Game_3,7.243386929483936,6.0,12.303640798506631
stage2_B,Sample_Game_3,10.868626546690434,3.2000000000000455,10.722613399635723
stage2_B,Sample_Game_3,6.154418547560064,3.0,14.006099226219302
stage2_B,Sample_Game_3,3.6550853805003873,3.0,10.90157447215765
stage2_B,Sample_Game_3,15.514728541852724,4.800000000000182,26.935429750176027
stage2_B,Sample_Game_3,9.141271434421519,3.400000000000091,20.524576345201762
stage2_B,Sample_Game_3,9.290944811669593,6.0,17.75197235771811
stage2_B,Sample_Game_3,9.515507561099792,6.0,15.099769489031496
stage2_B,Sample_Game_3,12.191567789559624,4.0,6.380047242576454
stage2_B,Sample_Game_3,14.756766245661906,6.0,13.934260375379754
stage2_B,Sample_Game_3,18.27763407948001,3.799999999999727,16.44953257218023
stage2_B,Sample_Game_3,6.5799276110209615,3.0,7.611871514578237
stage2_B,Sample_Game_3,7.356112830517872,2.600000000000364,7.368413337706055
stage2_B,Sample_Game_3,29.06978081522413,6.0,24.326674275366155
stage2_B,Sample_Game_3,2.7771908339871985,3.599999999999909,7.46940672906841
stage2_B,Sample_Game_3,11.106360981868947,5.200000000000273,11.353162124229247
stage2_B,Sample_Game_3,9.350669942988642,3.200000000000273,10.636639801501913
stage2_B,Sample_Game_3,13.394633733018619,6.0,12.740900754549443
stage2_B,Sample_Game_3,9.860563412318264,5.599999999999909,9.973278401422988
stage2_B,Sample_Game_3,7.799096407141072,3.400000000000091,10.316144605129496
stage2_B,Sample_Game_3,16.021277931910262,6.0,21.065475479191427
stage2_B,Sample_Game_3,7.547367842271035,4.800000000000182,7.346013024236822
stage2_B,Sample_Game_3,12.854097647583554,5.199999999999818,11.867598794760402
stage2_B,J03WPY,8.795602694378339,2.8,10.908241611052789
stage2_B,J03WPY,4.044501385112701,2.6000000000000014,6.519345300692491
stage2_B,J03WPY,16.21576763578408,6.0,12.512908816494619
stage2_B,J03WPY,8.154734766286873,3.0,9.722641715372667
stage2_B,J03WPY,7.942935132692201,3.200000000000017,10.71473739303675
stage2_B,J03WPY,5.705277706688334,2.799999999999983,12.15090221593826
stage2_B,J03WPY,6.600285275158911,2.8000000000000114,8.721866578276734
stage2_B,J03WPY,10.52513485813969,3.6000000000000227,12.22240572354163
stage2_B,J03WPY,8.190254472139955,2.800000000000068,10.709208192189088
stage2_B,J03WPY,14.081164997204585,4.600000000000023,7.735509286240413
stage2_B,J03WPY,13.84086016692869,6.0,16.42084128338754
stage2_B,J03WPY,3.2969074666252194,2.6000000000000227,5.399817615924743
stage2_B,J03WPY,4.919045208303737,3.2000000000000455,7.842323038408673
stage2_B,J03WPY,7.360404091794191,3.0,9.192218175295107
stage2_B,J03WPY,14.227352647399831,4.399999999999977,25.113397840063183
stage2_B,J03WPY,11.160254949496327,3.2000000000000455,12.970619848090077
stage2_B,J03WPY,5.587588038561298,6.0,12.631266340106546
stage2_B,J03WPY,9.303612341027453,2.6000000000001364,17.297446389782692
stage2_B,J03WPY,12.129459350111153,3.800000000000182,17.993689960990224
stage2_B,J03WPY,5.829657340538257,2.7999999999999545,11.676700330034361
stage2_B,J03WPY,17.517864512438923,4.0,18.663175858835608
stage2_B,J03WPY,7.574404416360739,6.0,8.90798836377024
stage2_B,J03WPY,7.3299207736379834,3.0,13.071232380343567
stage2_B,J03WPY,7.738158191526909,5.599999999999909,12.076463808356415
stage2_B,J03WPY,7.196863464905194,6.0,11.516842852631717
stage2_B,J03WPY,14.632859152019556,4.2000000000000455,11.60019775157435
stage2_B,J03WPY,9.401555068080807,2.7999999999999545,8.2580166722844
stage2_B,J03WPY,16.669126806276772,4.599999999999909,28.59430697633243
stage2_B,J03WPY,10.279181732542312,3.0,7.779667445131995
stage2_B,J03WPY,2.1058840004649118,2.800000000000182,10.377108592195619
stage2_B,J03WPY,3.6714408513251646,2.6000000000001364,8.993798732604699
stage2_B,J03WPY,6.143836037078666,4.0,6.8417319326331665
stage2_B,J03WPY,9.237087705340556,3.7999999999999545,5.6586238071270145
stage2_B,J03WPY,9.706654521843179,3.599999999999909,12.48242226940745
stage2_B,J03WPY,3.5020987067934715,2.599999999999909,9.20505028149406
stage2_B,J03WPY,29.80727268413553,7.0,17.277919384809046
stage2_B,J03WPY,9.729728594883806,2.7999999999999545,13.885774869302217
stage2_B,J03WPY,6.215276251998431,4.399999999999864,14.375900769817529
stage2_B,J03WPY,6.729796061370518,3.0,16.949053655349715
stage2_B,J03WPY,11.678993858225091,3.599999999999909,10.911634970594747
stage2_B,J03WPY,8.051783340556339,2.599999999999909,13.472512639709723
stage2_B,J03WPY,12.452560122658916,3.400000000000091,21.10460702896657
stage2_B,J03WPY,12.294516687852461,5.199999999999818,14.123889297699405
stage2_B,J03WPY,6.586232596675311,3.199999999999818,9.744547100283299
stage2_B,J03WPY,7.650712841457632,3.400000000000091,12.666431072778774
stage2_B,J03WPY,9.84107297873516,6.0,16.5994121844423
stage2_B,J03WPY,26.184243296012504,5.400000000000091,15.197439912948724
stage2_B,J03WPY,7.246332330930013,3.399999999999636,13.137658266165193
stage2_B,J03WPY,8.22166533512991,3.800000000000182,11.304539547660857
stage2_B,J03WPY,31.866177797983283,5.599999999999909,19.635461191600697
stage2_B,J03WPY,4.851468242055482,2.6000000000000227,9.37321447313153
stage2_B,J03WPY,30.350863543055905,6.0,41.46087471757438
stage2_B,J03WPY,4.26789841491151,4.399999999999977,9.134316588488375
stage2_B,J03WPY,11.34751228371333,3.6000000000000227,20.31515388365284
stage2_B,J03WPY,6.214772466499916,3.6000000000000227,11.495205251948281
stage2_B,J03WPY,46.387966848495125,10.0,33.62348563694728
stage2_B,J03WPY,5.327951870411777,3.0,10.208069768482996
stage2_B,J03WPY,9.679250601757278,3.0,14.549133257006956
stage2_B,J03WPY,9.532051450954452,3.7999999999999545,16.45290328928489
stage2_B,J03WPY,9.218171136742185,2.7999999999999545,8.4252780702145
stage2_B,J03WPY,29.057588622483394,6.2000000000000455,21.931445638019973
stage2_B,J03WPY,7.431109839503376,2.7999999999999545,12.094588084074346
stage2_B,J03WPY,9.693050002482646,3.799999999999727,8.529173381098964
stage2_B,J03WPY,13.718561986012906,3.599999999999909,11.649209079203043
stage2_B,J03WPY,7.246577967927743,3.0,11.263004538999727
stage2_B,J03WPY,9.975586001481766,4.800000000000182,9.619006415818376
stage2_B,J03WPY,10.885792350650306,5.199999999999818,14.950344405776825
stage2_B,J03WPY,11.478297482683113,3.800000000000182,10.682980934315221
stage2_B,J03WPY,12.685730120933457,3.399999999999636,10.979314401897282
stage2_B,J03WPY,4.52362263374992,4.0,5.1425447022366875
stage2_B,J03WPY,10.650051569466003,3.400000000000091,11.379473953492244
stage2_B,J03WPY,7.016202936719169,6.0,13.798920233936819
stage2_B,J03WPY,7.115519390282911,2.800000000000182,8.925762648984374
stage2_B,J03WPY,8.220650267256351,2.599999999999909,8.823763869512366
stage2_B,J03WPY,5.856660991588378,3.800000000000182,18.411188859538285
stage2_B,J03WPY,5.385933638802515,2.599999999999909,8.943814597464703
stage2_B,J03WPY,7.607210005886129,3.400000000000091,19.46551575230318
stage2_B,J03WPY,13.295169396273437,3.599999999999909,25.953167894084153
stage2_B,J03WPY,12.83720164324712,3.0,25.725385644602728
stage2_B,J03WPY,11.658790230513873,2.799999999999727,9.662555868948244
stage2_B,J03WPY,14.90379790107963,3.400000000000091,18.870776578742714
stage2_B,J03WPY,6.323582994873574,6.0,10.536305987263479
stage2_B,J03WPY,10.017297136157243,2.599999999999909,10.197204557203179
stage2_B,J03WPY,5.046035266796693,3.400000000000091,7.63857946759407
stage2_B,J03WMX,17.24430952625377,4.0,20.40018527890348
stage2_B,J03WMX,8.809657311906083,3.1999999999999886,19.457346334548504
stage2_B,J03WMX,5.162729230343319,4.399999999999977,14.18665225920887
stage2_B,J03WMX,11.614304126740315,3.6000000000000227,12.599680015179402
stage2_B,J03WMX,12.011053688353728,4.600000000000023,23.223612626920684
stage2_B,J03WMX,6.65438940229682,6.0,10.08360281809535
stage2_B,J03WMX,7.748114379969323,2.6000000000000227,8.958220651174312
stage2_B,J03WMX,7.866493935822307,3.3999999999999773,13.7921106915032
stage2_B,J03WMX,11.296264830109209,6.0,12.357897893751673
stage2_B,J03WMX,4.094253350393436,3.6000000000000227,11.314188884120352
stage2_B,J03WMX,11.410765180722848,6.0,13.792659256088434
stage2_B,J03WMX,17.615661962238192,3.3999999999998636,12.463987760567804
stage2_B,J03WMX,13.848001721495363,4.400000000000091,13.026594315675869
stage2_B,J03WMX,10.937511346179573,3.400000000000091,18.03175192335916
stage2_B,J03WMX,5.00600837273443,2.7999999999999545,13.848339712657545
stage2_B,J03WMX,4.863623085015484,2.7999999999999545,15.615112372971396
stage2_B,J03WMX,10.54343048498335,3.7999999999999545,10.116516243538541
stage2_B,J03WMX,13.358296866198106,3.599999999999909,14.988805231407122
stage2_B,J03WMX,6.8339977541410555,6.0,8.7471335303538
stage2_B,J03WMX,9.328133718921094,2.6000000000001364,5.413782632416661
stage2_B,J03WMX,7.787337520130109,3.2000000000000455,8.480365426194574
stage2_B,J03WMX,7.900376486661608,4.0,11.725156582570383
stage2_B,J03WMX,8.787248939841692,3.2000000000000455,12.391719977909712
stage2_B,J03WMX,6.074392324614562,5.2000000000000455,12.29960995529533
stage2_B,J03WMX,20.304755288342925,4.599999999999909,15.057206722382059
stage2_B,J03WMX,8.958528929854754,3.2000000000000455,20.460547213650266
stage2_B,J03WMX,11.91955853473021,5.2000000000000455,17.258772099147215
stage2_B,J03WMX,4.112699666116432,2.599999999999909,5.826054775198112
stage2_B,J03WMX,11.004826891428152,4.400000000000091,14.594109537532479
stage2_B,J03WMX,31.600050867119208,7.0,24.18441624463022
stage2_B,J03WMX,13.613418832484252,4.399999999999864,9.988114433291788
stage2_B,J03WMX,6.775365364869767,3.6000000000001364,9.445506827842504
stage2_B,J03WMX,8.761639684112552,3.599999999999909,9.843870815177628
stage2_B,J03WMX,10.504432132827908,4.400000000000091,9.892661714755281
stage2_B,J03WMX,5.835516743686474,3.800000000000182,15.659515693588304
stage2_B,J03WMX,12.475133699195533,6.0,20.21902650869348
stage2_B,J03WMX,5.903467649423001,3.800000000000182,5.950932934707079
stage2_B,J03WMX,10.705532638588927,3.600000000000364,15.947118252153157
stage2_B,J03WMX,9.97394995119762,6.0,16.923547592794336
stage2_B,J03WMX,7.193446981986134,3.599999999999909,8.085156334453758
stage2_B,J03WMX,6.898976298024174,5.399999999999636,10.322751591529352
stage2_B,J03WMX,35.61508004434312,7.400000000000006,23.029769185443623
stage2_B,J03WMX,3.7358039522682844,2.799999999999983,8.765221042446674
stage2_B,J03WMX,3.9150899637992267,2.5999999999999943,6.899103374308802
stage2_B,J03WMX,6.253690422655625,3.1999999999999886,16.043318451359138
stage2_B,J03WMX,12.357381283754911,3.8000000000000114,11.033073576048968
stage2_B,J03WMX,10.365844134460964,3.599999999999966,11.393314131751147
stage2_B,J03WMX,7.501304183564983,6.0,24.53220765425181
stage2_B,J03WMX,9.842589174585855,3.0,11.633417896116251
stage2_B,J03WMX,9.540227931439603,4.2000000000000455,7.702448910837727
stage2_B,J03WMX,3.5113697753625575,2.6000000000000227,14.37612412839427
stage2_B,J03WMX,6.598788032530722,2.7999999999999545,13.050367438982075
stage2_B,J03WMX,8.069609624450766,3.3999999999999773,19.886803438765334
stage2_B,J03WMX,11.398344549056269,3.3999999999999773,12.569119551436826
stage2_B,J03WMX,19.84569587999058,5.0,19.983189453926272
stage2_B,J03WMX,6.744566130351579,5.399999999999977,13.97239005595699
stage2_B,J03WMX,10.915374704005195,6.0,15.611780084304009
stage2_B,J03WMX,3.957229779166282,3.6000000000000227,9.787817189057666
stage2_B,J03WMX,11.83077403580268,4.0,15.975126131845588
stage2_B,J03WMX,15.128363589514851,4.0,10.966412874137632
stage2_B,J03WMX,7.955632380969636,4.400000000000091,11.361038131993595
stage2_B,J03WMX,7.016738876378961,4.2000000000000455,12.565627899172604
stage2_B,J03WMX,9.652218397585974,6.0,8.06375703247964
stage2_B,J03WMX,6.077791404328741,2.599999999999909,8.026278267930445
stage2_B,J03WMX,10.53107176266995,4.399999999999864,14.332052249939903
stage2_B,J03WMX,26.848261083570343,6.0,24.331962379010612
stage2_B,J03WMX,6.875403450436444,3.0,14.209791096404516
stage2_B,J03WMX,7.333955946307366,3.400000000000091,12.287078228319382
stage2_B,J03WMX,7.280657454514259,4.399999999999636,9.220148142498555
stage2_B,J03WMX,5.3743811245798305,4.0,5.086545834244948
stage2_B,J03WMX,5.39309355051542,2.799999999999727,13.348380808790633
stage2_B,J03WMX,7.129645802376663,3.0,15.037582906811231
stage2_B,J03WMX,6.54083527101305,3.0,13.713125065535007
stage2_B,J03WMX,8.330752587343962,2.599999999999909,13.145038707347727
stage2_B,J03WMX,6.609789837842717,3.200000000000273,18.46628093033975
stage2_B,J03WN1,10.052329937934768,3.2000000000000006,17.06032986832497
stage2_B,J03WN1,14.135378257744163,4.199999999999989,15.968421279647984
stage2_B,J03WN1,7.507379803863777,3.4000000000000057,10.069802782498705
stage2_B,J03WN1,8.14539899918292,5.199999999999989,7.779102477058869
stage2_B,J03WN1,7.847106131903407,2.8000000000000114,12.881290141251093
stage2_B,J03WN1,11.637964922842814,4.199999999999989,23.799072760524275
stage2_B,J03WN1,7.0340612176507396,3.1999999999999886,13.476958035845453
stage2_B,J03WN1,12.29403071612761,5.399999999999977,13.036885747239909
stage2_B,J03WN1,12.36790200478643,6.0,10.746356751216316
stage2_B,J03WN1,7.7434423869493125,4.199999999999989,10.84219055603357
stage2_B,J03WN1,7.533319321521362,2.800000000000068,11.029239934772548
stage2_B,J03WN1,21.25736813436697,6.0,16.26225599676556
stage2_B,J03WN1,6.187115644628046,3.400000000000091,14.734229073444759
stage2_B,J03WN1,7.221807253035827,3.2000000000000455,13.721766756107458
stage2_B,J03WN1,9.321223095709557,2.599999999999909,8.462557540129222
stage2_B,J03WN1,10.920114468264517,4.600000000000023,13.431430993951365
stage2_B,J03WN1,21.651207818502872,5.0,14.898521563076306
stage2_B,J03WN1,11.835391839732003,3.599999999999909,7.849984213152053
stage2_B,J03WN1,12.503731443053306,3.0,12.784707633801313
stage2_B,J03WN1,6.910238780244543,2.599999999999909,14.277803746597789
stage2_B,J03WN1,12.935737319534304,3.0,12.903695318716354
stage2_B,J03WN1,5.601508725334714,2.6000000000000227,8.373848465723558
stage2_B,J03WN1,15.729504124415367,6.0,14.131754434059454
stage2_B,J03WN1,6.202233468678949,3.0,13.215984291049846
stage2_B,J03WN1,4.5114299285259865,3.3999999999998636,12.801068896023413
stage2_B,J03WN1,11.982925352349639,6.0,8.585233630052906
stage2_B,J03WN1,6.400765579210038,6.0,7.955174997178561
stage2_B,J03WN1,9.153469287652634,3.0,14.695825283454653
stage2_B,J03WN1,22.44219686216125,5.2000000000000455,17.108995843430957
stage2_B,J03WN1,21.56831240500836,5.600000000000136,14.753059176156828
stage2_B,J03WN1,5.531084884541504,4.199999999999818,8.107485745731642
stage2_B,J03WN1,8.891979532140182,6.0,11.889602082162469
stage2_B,J03WN1,16.875366662683216,6.0,14.265559655010188
stage2_B,J03WN1,15.54350346607868,5.400000000000091,10.34535573547476
stage2_B,J03WN1,22.196785803355432,8.0,12.850141901559969
stage2_B,J03WN1,10.998368060762148,3.3999999999998636,17.288563447309233
stage2_B,J03WN1,9.110718961750107,5.2000000000000455,5.123465724903405
stage2_B,J03WN1,4.137269631048963,3.400000000000091,12.570556633156656
stage2_B,J03WN1,5.885855927560578,3.2000000000000455,16.885239923703033
stage2_B,J03WN1,8.828165154776169,5.2000000000000455,10.805563762519286
stage2_B,J03WN1,9.741031772866299,4.399999999999864,11.356375985275522
stage2_B,J03WN1,10.956007484480468,4.399999999999864,22.86824869536992
stage2_B,J03WN1,4.610878441251654,3.599999999999909,8.452032881815857
stage2_B,J03WN1,13.803278596044306,4.7999999999999545,20.69476440207419
stage2_B,J03WN1,15.893448335714345,6.0,12.834251744036234
stage2_B,J03WN1,6.088021024931435,2.800000000000182,6.228610826821445
stage2_B,J03WN1,10.46883470114988,2.800000000000182,8.447664486454723
stage2_B,J03WN1,6.689469336202748,3.399999999999636,12.439769814048741
stage2_B,J03WN1,17.148556790587367,6.0,23.367988656456657
stage2_B,J03WN1,9.47831736121841,3.0,8.12504145806573
stage2_B,J03WN1,6.730497752766088,3.599999999999909,9.238893530215242
stage2_B,J03WN1,7.003320640953109,3.199999999999818,11.31024194569709
stage2_B,J03WN1,36.897110998017176,8.599999999999909,21.10995569635651
stage2_B,J03WN1,5.389174333791511,3.399999999999636,8.175192807766333
stage2_B,J03WN1,6.204135717406572,2.799999999999727,6.278011534471827
stage2_B,J03WN1,23.37830190582712,6.0,15.520688302422533
stage2_B,J03WN1,8.580495323699262,4.599999999999909,15.101913458779318
stage2_B,J03WN1,7.355032290887641,3.0,6.613690128855892
stage2_B,J03WN1,8.798647623356663,3.799999999999997,16.403128084843736
stage2_B,J03WN1,17.25318811118688,5.199999999999989,15.214738567237779
stage2_B,J03WN1,5.187918657804877,2.5999999999999943,11.605544161028083
stage2_B,J03WN1,18.569760364635844,6.0,20.598976901431204
stage2_B,J03WN1,13.635754471242178,6.0,17.76774573759953
stage2_B,J03WN1,18.43423445657526,3.599999999999966,9.880531844857538
stage2_B,J03WN1,9.405370806087136,5.199999999999932,12.362878439377566
stage2_B,J03WN1,9.112129279153146,3.2000000000000455,10.803210661015704
stage2_B,J03WN1,10.780361775005208,6.0,24.181712661432485
stage2_B,J03WN1,7.556189515886959,3.0,27.851568449369918
stage2_B,J03WN1,8.123995322499676,2.599999999999909,15.94695777642173
stage2_B,J03WN1,11.311626761876473,4.399999999999977,11.919515902023608
stage2_B,J03WN1,11.716262202596873,2.6000000000000227,12.236112207922986
stage2_B,J03WN1,14.879092714275163,5.800000000000182,17.275958253903188
stage2_B,J03WN1,9.495651636407251,4.7999999999999545,21.186036176279476
stage2_B,J03WN1,4.4177935669276165,3.0,6.931163285691367
stage2_B,J03WN1,8.671239819080842,4.400000000000091,8.888530393814651
stage2_B,J03WN1,5.128001560062166,2.7999999999999545,11.297996061303001
stage2_B,J03WN1,10.57448343891963,3.599999999999909,18.292376775211288
stage2_B,J03WN1,5.973022685374635,2.599999999999909,12.87414000626117
stage2_B,J03WN1,8.377314605528436,4.0,22.32519004892074
stage2_B,J03WN1,11.870265371927538,4.199999999999818,9.217701529362278
stage2_B,J03WN1,7.844061448000013,6.0,16.553746867502397
stage2_B,J03WN1,5.98953253601677,2.599999999999909,6.0261387145651035
stage2_B,J03WN1,4.343316705007825,3.2000000000000455,11.549909726623753
stage2_B,J03WN1,22.02493359808378,6.0,25.167660984308412
stage2_B,J03WN1,16.70775269149026,4.199999999999818,11.607936239493489
stage2_B,J03WN1,6.260742767437438,3.199999999999818,13.306373105853558
stage2_B,J03WN1,7.977750309454418,3.599999999999909,7.313036006848331
stage2_B,J03WN1,16.40219497506356,4.400000000000091,11.75818482211664
stage2_B,J03WN1,11.442141407970805,6.0,15.658845196721819
stage2_B,J03WN1,5.281401329192194,6.0,14.374387068798475
stage2_B,J03WN1,6.265819978262764,2.799999999999727,13.919551555762297
stage2_B,J03WN1,7.902708396495458,3.599999999999909,17.89852296757792
stage2_B,J03WN1,5.350084111489321,4.0,10.103111974744445
stage2_B,J03WN1,12.453292737265462,3.200000000000273,13.234159386938162
stage2_B,J03WN1,15.162931774559667,4.0,23.50496382212312
stage2_B,J03WOH,11.600096640001395,2.8000000000000003,16.94340163426463
stage2_B,J03WOH,9.995510597941372,6.0,12.150192719538168
stage2_B,J03WOH,9.393751310827021,3.1999999999999886,7.441732276369837
stage2_B,J03WOH,6.461407128568535,3.3999999999999773,7.15004160027683
stage2_B,J03WOH,8.843386594813477,2.7999999999999545,8.610372700991451
stage2_B,J03WOH,23.23024089480709,4.599999999999909,14.10673903521729
stage2_B,J03WOH,13.694293472672754,3.199999999999932,10.775298836646119
stage2_B,J03WOH,6.901757342980267,2.6000000000000227,12.412206427188085
stage2_B,J03WOH,5.601372400759885,4.2000000000000455,11.12484268529331
stage2_B,J03WOH,10.445698537716254,6.0,19.00334916887718
stage2_B,J03WOH,10.183655632637183,2.6000000000000227,10.366282173710468
stage2_B,J03WOH,13.81345250759322,5.600000000000023,24.34272881146959
stage2_B,J03WOH,4.007471337171889,4.600000000000023,10.045428364403708
stage2_B,J03WOH,9.402881082231968,3.6000000000000227,18.813366775777663
stage2_B,J03WOH,16.644170322406993,4.7999999999999545,31.031181360634452
stage2_B,J03WOH,4.991736489070689,4.599999999999909,10.693542110370979
stage2_B,J03WOH,10.623036330578248,2.599999999999909,20.14811148372108
stage2_B,J03WOH,5.3876120026311325,6.0,10.655041373169382
stage2_B,J03WOH,6.444936340358225,2.7999999999999545,11.965720533057041
stage2_B,J03WOH,12.007878127236902,6.0,19.948812955145932
stage2_B,J03WOH,8.303071991937475,2.7999999999999545,9.118913513680948
stage2_B,J03WOH,11.886504652586673,3.7999999999999545,16.730063293102212
stage2_B,J03WOH,12.173017759355183,5.199999999999818,12.500557882911512
stage2_B,J03WOH,12.41794779471752,4.2000000000000455,21.05468678869525
stage2_B,J03WOH,31.641782477146357,7.2000000000000455,29.431365784051774
stage2_B,J03WOH,8.316276962145349,3.400000000000091,2.8136691459625034
stage2_B,J03WOH,8.707518961953646,3.0,13.221988190220593
stage2_B,J03WOH,12.133524719979505,3.0,18.265508051223584
stage2_B,J03WOH,11.536374426226015,3.199999999999818,19.949806735044266
stage2_B,J03WOH,7.652326382687809,3.0,7.022368643338286
stage2_B,J03WOH,5.595969011432448,2.800000000000182,14.32719166907755
stage2_B,J03WOH,12.195056377861325,3.200000000000273,10.031566876667508
stage2_B,J03WOH,8.33298335519453,3.200000000000273,13.63739348844381
stage2_B,J03WOH,12.167112390192578,3.0,11.011622711013676
stage2_B,J03WOH,9.841084322271637,2.799999999999727,18.45096555191047
stage2_B,J03WOH,7.8030485029804595,3.399999999999636,15.756111463082664
stage2_B,J03WOH,10.934486881098625,3.0,18.993769039713072
stage2_B,J03WOH,5.111853581914426,4.400000000000091,10.635114856883995
stage2_B,J03WOH,17.408844206043167,6.0,24.277033344627
stage2_B,J03WOH,7.576563718786247,3.199999999999818,17.852339710573894
stage2_B,J03WOH,22.99511612388073,7.0,21.448335767407357
stage2_B,J03WOH,11.7250927668954,3.4000000000000004,18.282361622370587
stage2_B,J03WOH,7.094335814595578,2.799999999999997,10.14738904929519
stage2_B,J03WOH,5.6491581831223385,4.0,11.590482526564067
stage2_B,J03WOH,17.192411827953563,3.4000000000000057,22.101421196224464
stage2_B,J03WOH,10.597025179057203,3.8000000000000114,21.795769597035473
stage2_B,J03WOH,5.918179323455933,2.8000000000000114,6.344735880017179
stage2_B,J03WOH,9.411825724397035,4.199999999999989,21.03440729718249
stage2_B,J03WOH,8.706235353479538,3.1999999999999886,8.14682827488872
stage2_B,J03WOH,7.963088858738093,2.8000000000000114,19.230144340775965
stage2_B,J03WOH,8.22868315004309,3.0,11.604613679781028
stage2_B,J03WOH,13.655487382399807,3.6000000000000227,12.07350855916919
stage2_B,J03WOH,8.151700042038026,2.8000000000000114,7.777812422142475
stage2_B,J03WOH,7.5516408315830486,3.1999999999999886,12.208408547594694
stage2_B,J03WOH,5.836270463046489,6.0,8.378386451553027
stage2_B,J03WOH,5.2396068135201315,2.8000000000000114,7.8551881747626355
stage2_B,J03WOH,12.060474073081354,3.0,23.201608747571278
stage2_B,J03WOH,5.832003806654557,2.6000000000000227,8.620730792219975
stage2_B,J03WOH,9.363768842098745,3.2000000000000455,8.136628255707768
stage2_B,J03WOH,8.316390016822062,3.0,10.980430090568975
stage2_B,J03WOH,8.285939517628307,3.0,10.026136355644356
stage2_B,J03WOH,9.123623134469543,3.2000000000000455,8.491954981994745
stage2_B,J03WOH,12.649318367390597,3.3999999999999773,18.273411121283424
stage2_B,J03WOH,6.441113744232807,3.199999999999932,9.70482265017521
stage2_B,J03WOH,22.658317244737766,5.2000000000000455,16.048921170254
stage2_B,J03WOH,7.935253803591637,3.0,13.448999827017637
stage2_B,J03WOH,8.91249066214148,3.0,6.920523278983542
stage2_B,J03WOH,12.355847307965227,4.599999999999909,12.219151325871604
stage2_B,J03WOH,7.392339502877885,2.599999999999909,6.873432174512691
stage2_B,J03WOH,10.535202798862034,5.599999999999909,17.56711207908169
stage2_B,J03WOH,12.50108550393557,4.0,13.929710633694967
stage2_B,J03WOH,10.702013265220929,3.7999999999999545,12.33239713347752
stage2_B,J03WOH,11.237910527436515,3.2000000000000455,13.308180035228517
stage2_B,J03WOH,7.284013849926196,2.7999999999999545,11.805244911828513
stage2_B,J03WOH,11.246744928199638,2.6000000000001364,12.214443943505106
stage2_B,J03WOH,3.1713073649667094,3.199999999999818,10.722662421274281
stage2_B,J03WOH,10.248878087399781,6.0,14.276049475351751
stage2_B,J03WOH,14.162355290370316,4.599999999999909,13.855952080056017
stage2_B,J03WOH,8.791825900914247,2.6000000000001364,16.585448894760546
stage2_B,J03WOH,12.160162675087278,2.599999999999909,7.010679309816568
stage2_B,J03WOH,7.064741171321318,3.599999999999909,11.760008740323201
stage2_B,J03WOH,6.644170045622684,2.599999999999909,7.218780758242355
stage2_B,J03WOH,7.9433471999781275,2.599999999999909,13.638996802921975
stage2_B,J03WOH,9.446697835372728,3.799999999999727,15.77658049718391
stage2_B,J03WOH,19.401805575359415,3.199999999999818,19.909954020666923
stage2_B,J03WOH,6.844548641236965,5.199999999999818,10.833008741605854
stage2_B,J03WOH,4.97074480412631,3.599999999999909,12.536214349332628
stage2_B,J03WOY,9.42084441486433,2.8000000000000003,13.525395969675332
stage2_B,J03WOY,5.369499293095607,3.799999999999997,9.820926481750266
stage2_B,J03WOY,8.040803256976403,3.0,8.32473008950154
stage2_B,J03WOY,6.023735463610819,2.8000000000000114,7.391032412046902
stage2_B,J03WOY,18.663263215374535,6.0,25.97103996685552
stage2_B,J03WOY,8.8515631324506,3.0,9.872597160028786
stage2_B,J03WOY,10.569808635847396,6.0,20.84499450699063
stage2_B,J03WOY,6.9969889274785295,4.199999999999989,10.880421575006713
stage2_B,J03WOY,11.036926221972198,3.0,12.786991800347478
stage2_B,J03WOY,4.3987281056475,2.6000000000000227,7.8131802399124926
stage2_B,J03WOY,7.464451362352534,3.0,11.295119928756186
stage2_B,J03WOY,7.731551369980384,2.7999999999999545,7.988217269173583
stage2_B,J03WOY,18.44412667673721,6.0,19.616138680187394
stage2_B,J03WOY,8.497476707204738,6.0,12.435264618705794
stage2_B,J03WOY,8.593756742383015,3.599999999999909,14.240629789966965
stage2_B,J03WOY,5.876671947031123,3.0,14.258267011522538
stage2_B,J03WOY,10.9099458252069,3.2000000000000455,11.179661053996822
stage2_B,J03WOY,22.437263494699614,6.0,12.232118582994339
stage2_B,J03WOY,18.63988071898887,3.7999999999999545,24.439590404819374
stage2_B,J03WOY,13.753485429072276,4.0,13.664193710190588
stage2_B,J03WOY,5.090942614531184,3.2000000000000455,7.862967972927361
stage2_B,J03WOY,11.447580107935059,4.0,11.564672847842246
stage2_B,J03WOY,12.47450024644499,4.0,10.985670117939701
stage2_B,J03WOY,4.000882888953417,2.6000000000001364,8.175620394743456
stage2_B,J03WOY,10.16655893571838,8.399999999999864,10.952622957519438
stage2_B,J03WOY,15.896812464572317,4.399999999999864,15.010866772007802
stage2_B,J03WOY,9.894754418468505,3.0,10.30839308380056
stage2_B,J03WOY,6.71362976594824,6.0,14.352675391957415
stage2_B,J03WOY,7.9812546551077626,6.0,7.585643386139289
stage2_B,J03WOY,10.140929924091001,3.3999999999998636,19.582124546110094
stage2_B,J03WOY,16.783839914395834,6.199999999999818,25.47346991143485
stage2_B,J03WOY,11.305467657505993,4.200000000000273,15.730338851639448
stage2_B,J03WOY,9.600712409585121,2.599999999999909,9.804112616397308
stage2_B,J03WOY,12.223778526094495,4.199999999999818,9.256601243119462
stage2_B,J03WOY,6.86591305534057,2.599999999999909,8.753987431297283
stage2_B,J03WOY,9.11274465355033,6.0,9.775060693888683
stage2_B,J03WOY,13.869883960944861,4.400000000000091,27.188010270059095
stage2_B,J03WOY,8.745353096825024,6.0,25.677808495847515
stage2_B,J03WOY,4.904515644298672,4.599999999999909,10.97842251970296
stage2_B,J03WOY,10.525685001168345,3.799999999999727,16.80848581432199
stage2_B,J03WOY,8.398048938539983,3.0,13.371850723918612
stage2_B,J03WOY,6.58960641286625,6.0,21.790089884155925
stage2_B,J03WOY,7.8312182879555134,2.599999999999909,8.221338510827078
stage2_B,J03WOY,7.142224933526818,2.599999999999909,10.041669471434862
stage2_B,J03WOY,9.690046297099308,2.5999999999999996,20.390020961380728
stage2_B,J03WOY,15.40409463482858,3.5999999999999943,17.399667536258534
stage2_B,J03WOY,7.186072196605089,6.0,10.566745470943228
stage2_B,J03WOY,4.501113960623753,3.0,8.413543594215357
stage2_B,J03WOY,4.91137240095913,3.599999999999966,14.600039333672502
stage2_B,J03WOY,12.022362840833857,5.399999999999977,11.503066514267601
stage2_B,J03WOY,8.152573901135373,2.8000000000000114,5.985431099945176
stage2_B,J03WOY,10.295330410385873,6.0,5.729313023203138
stage2_B,J03WOY,20.492727382206745,6.0,14.975480192074485
stage2_B,J03WOY,12.629570172466282,4.2000000000000455,11.080437741546813
stage2_B,J03WOY,10.177659928454972,4.0,12.580793981610455
stage2_B,J03WOY,14.685528749760255,6.0,20.395952566775193
stage2_B,J03WOY,25.696651443486516,6.600000000000023,20.186462129962017
stage2_B,J03WOY,7.331575324945727,3.2000000000000455,3.0609132941371677
stage2_B,J03WOY,8.485304424563418,3.199999999999932,13.728087711120669
stage2_B,J03WOY,10.386509208267801,4.399999999999977,12.125377911344192
stage2_B,J03WOY,17.6645888116095,5.7999999999999545,11.636220336688739
stage2_B,J03WOY,8.561834427097853,3.199999999999818,15.967624300630373
stage2_B,J03WOY,17.55987034677547,6.0,13.920655513640007
stage2_B,J03WOY,14.863749921871648,6.0,8.915313929815522
stage2_B,J03WOY,7.721331052314065,5.0,8.673119507869675
stage2_B,J03WOY,4.238789589419942,3.400000000000091,4.6847407567566455
stage2_B,J03WOY,9.137084426544462,3.6000000000001364,8.871983228412192
stage2_B,J03WOY,10.452410979705807,3.2000000000000455,16.184892840739188
stage2_B,J03WOY,14.634022502812673,3.7999999999999545,16.30224661063554
stage2_B,J03WOY,4.655878738838687,2.7999999999999545,14.606019152585475
stage2_B,J03WOY,17.547842834197603,4.7999999999999545,24.40039102104038
stage2_B,J03WOY,9.618740662610463,3.3999999999998636,20.50314003316376
stage2_B,J03WOY,13.500139898046797,6.0,17.479913337270112
stage2_B,J03WOY,13.052261895524492,6.0,9.510309805236453
stage2_B,J03WOY,3.9974898468744122,4.2000000000000455,16.894337659931754
stage2_B,J03WOY,21.22545111586974,4.600000000000364,20.199482355514967
stage2_B,J03WOY,37.6191277835502,8.600000000000364,31.988752908080084
stage2_B,J03WOY,14.644829330306724,4.599999999999909,11.496055490938232
stage2_B,J03WOY,9.115664330540827,2.599999999999909,7.83446445928635
stage2_B,J03WOY,9.19766298038678,6.0,10.489277103562813
stage2_B,J03WOY,9.074593128720906,5.799999999999727,20.580013419611006
stage2_B,J03WOY,7.017331414456384,3.799999999999727,12.40707080388339
stage2_B,J03WOY,9.881212940830604,4.0,19.1988586172168
stage2_B,J03WOY,17.030273420809458,5.400000000000091,23.143662468458416
stage2_B,J03WOY,7.802864306788921,6.0,15.66192033161208
stage2_B,J03WOY,4.190163864844036,2.599999999999909,9.238610852727092
stage2_B,J03WOY,6.8068735565967735,2.599999999999909,10.21181975868162
stage2_B,J03WOY,15.492765042469562,6.0,34.14061975607075
stage2_B,J03WQQ,37.88458423308117,7.599999999999994,27.69152795477092
stage2_B,J03WQQ,7.958618746040097,3.4000000000000057,7.511950502314555
stage2_B,J03WQQ,6.6675085077322755,2.8000000000000114,8.258267249643366
stage2_B,J03WQQ,6.037782558208008,6.0,10.243586013498199
stage2_B,J03WQQ,13.087757881884055,3.7999999999999545,13.016379211096925
stage2_B,J03WQQ,6.78731290295981,4.0,10.629679987792635
stage2_B,J03WQQ,4.7455609773990615,2.599999999999909,4.250587997662949
stage2_B,J03WQQ,4.284772071334645,2.6000000000000227,10.351314450851813
stage2_B,J03WQQ,21.725846927194212,4.599999999999909,20.019998064655645
stage2_B,J03WQQ,5.9368426816135464,2.6000000000000227,8.408907062232021
stage2_B,J03WQQ,10.727434836941715,5.0,13.998743112903767
stage2_B,J03WQQ,11.91408928048758,2.7999999999999545,12.96960584340076
stage2_B,J03WQQ,14.794964656424277,3.599999999999909,13.226905682084675
stage2_B,J03WQQ,7.937145377527427,3.0,13.192093998893029
stage2_B,J03WQQ,7.086197585878909,2.6000000000001364,9.479587815402146
stage2_B,J03WQQ,5.095897237083138,3.2000000000000455,9.445373862943434
stage2_B,J03WQQ,4.7205281916992,2.7999999999999545,8.752693157614686
stage2_B,J03WQQ,10.337248705406365,2.599999999999909,11.068170840366086
stage2_B,J03WQQ,15.142586019370896,6.0,14.480216873433818
stage2_B,J03WQQ,18.10110732208097,6.0,16.41744092925543
stage2_B,J03WQQ,9.317458635020834,3.2000000000000455,9.3587696067184
stage2_B,J03WQQ,14.550476672884567,5.0,19.003749080025294
stage2_B,J03WQQ,9.009227140367292,3.599999999999909,11.936036834122989
stage2_B,J03WQQ,5.037432171635018,2.599999999999909,9.962921987347185
stage2_B,J03WQQ,3.0704569887530315,2.599999999999909,6.39613804046594
stage2_B,J03WQQ,3.3160659376002846,4.399999999999864,8.488602314218781
stage2_B,J03WQQ,7.51643847064319,3.599999999999909,8.832738298487218
stage2_B,J03WQQ,39.17464105457645,13.600000000000136,24.186163639157755
stage2_B,J03WQQ,5.705480125690874,2.6000000000001364,9.796958954536027
stage2_B,J03WQQ,7.5429101833189245,2.7999999999999545,12.198987948345557
stage2_B,J03WQQ,8.232444302824176,3.6000000000001364,13.600994096927419
stage2_B,J03WQQ,8.22477030132831,2.799999999999727,14.157688507393516
stage2_B,J03WQQ,8.461790087989048,6.0,16.56033222796666
stage2_B,J03WQQ,9.37802447769375,3.600000000000364,13.457121489757203
stage2_B,J03WQQ,4.333741205268204,3.800000000000182,12.375122088486284
stage2_B,J03WQQ,12.902971867197781,3.0,17.90410223772394
stage2_B,J03WQQ,15.328109569009928,4.800000000000182,15.244286725485296
stage2_B,J03WQQ,7.654666137311649,2.799999999999727,14.743232820209183
stage2_B,J03WQQ,14.159349866247847,6.0,12.966692859454485
stage2_B,J03WQQ,6.009070063508295,3.0,12.084565851449547
stage2_B,J03WQQ,6.9649151906795534,2.6000000000000005,13.299091762127066
stage2_B,J03WQQ,12.029358876885352,6.0,12.75492682212083
stage2_B,J03WQQ,28.24010319786084,5.400000000000006,17.966225185547117
stage2_B,J03WQQ,13.525307034220466,4.199999999999989,25.838633191309526
stage2_B,J03WQQ,10.834497222824295,4.2000000000000455,14.754935027618313
stage2_B,J03WQQ,4.4841795660394315,4.7999999999999545,13.781619296472165
stage2_B,J03WQQ,5.669914379607998,2.8000000000000114,13.635129869903752
stage2_B,J03WQQ,6.56957226152382,3.1999999999999886,9.503053479661034
stage2_B,J03WQQ,7.980051833899944,3.8000000000000114,18.473596468511126
stage2_B,J03WQQ,7.737767071155346,2.8000000000000114,15.957293172293454
stage2_B,J03WQQ,8.514499448453748,6.0,12.169649440703065
stage2_B,J03WQQ,10.116394831694457,4.2000000000000455,11.11442200415075
stage2_B,J03WQQ,9.285310220304344,3.800000000000068,15.497550733089216
stage2_B,J03WQQ,3.6874602056857597,3.0,7.692918729915682
stage2_B,J03WQQ,14.588533302926674,4.2000000000000455,22.278318336382256
stage2_B,J03WQQ,12.278619629258005,3.6000000000000227,7.1954140050672715
stage2_B,J03WQQ,7.373960943753139,2.7999999999999545,10.132362842732588
stage2_B,J03WQQ,16.494353579331108,4.0,19.154653376442198
stage2_B,J03WQQ,8.329045563568187,3.3999999999998636,14.34487659152349
stage2_B,J03WQQ,15.290284497026208,4.400000000000091,12.875372684719219
stage2_B,J03WQQ,8.578169968005996,3.0,8.965456902157941
stage2_B,J03WQQ,10.000004999998755,3.599999999999909,11.692243458884022
stage2_B,J03WQQ,3.950658173013768,3.0,16.768600382431835
stage2_B,J03WQQ,9.130744766995074,3.800000000000182,15.443807843202356
stage2_B,J03WQQ,6.876401675295254,6.0,10.277859574583715
stage2_B,J03WQQ,9.57548954362174,3.0,15.442704118483414
stage2_B,J03WQQ,8.74547311470334,2.7999999999999545,8.185985380116332
stage2_B,J03WQQ,22.520035523949897,5.7999999999999545,17.171197328896344
stage2_B,J03WQQ,11.394568881708796,3.0,21.671059138571778
stage2_B,J03WQQ,6.397655820689323,2.599999999999909,13.647658650792744
stage2_B,J03WQQ,10.76987000850035,4.399999999999864,10.98211395619261
stage2_B,J03WQQ,21.899004543587125,4.800000000000182,20.81110437969021
stage2_B,J03WQQ,8.304149565128442,2.800000000000182,11.295237012105938
stage2_B,J03WQQ,6.6368215284132885,6.0,10.43883137086742
stage2_B,J03WQQ,8.839711533754931,6.0,12.801942114992237
stage2_B,J03WQQ,6.008901729934917,3.600000000000364,9.670417775705108
stage2_B,J03WQQ,3.82388545853559,3.0,7.893261585544974
stage2_B,J03WQQ,24.589042274964676,6.199999999999818,16.748076032286445
stage2_B,J03WQQ,8.775477195003088,4.0,23.621160635545507
stage2_B,J03WQQ,24.108606347112936,8.400000000000091,20.287643026221758
stage2_B,J03WQQ,9.024965373894794,5.0,15.168367641470985
stage2_B,J03WQQ,6.396256717798863,5.400000000000091,14.106595766750896
stage2_B,J03WQQ,7.368921223625614,2.599999999999909,8.020905674963426
stage2_B,J03WQQ,13.054386236049345,2.799999999999727,18.3570170681065
stage2_B,J03WQQ,8.319260784469652,3.400000000000091,24.72248735330442
stage2_B,J03WR9,14.335764534043916,4.2,25.18095561664971
stage2_B,J03WR9,22.026601667230608,5.000000000000002,18.00211326200808
stage2_B,J03WR9,10.149240355250448,5.600000000000001,12.219896034218266
stage2_B,J03WR9,7.661866729860335,6.0,9.986101067821377
stage2_B,J03WR9,8.433909221141054,2.6000000000000227,11.233347287909893
stage2_B,J03WR9,9.883465491935656,4.399999999999977,13.323406705275751
stage2_B,J03WR9,5.576156845905164,2.5999999999999943,9.596424967933899
stage2_B,J03WR9,17.782757061349642,6.0,21.834516244898996
stage2_B,J03WR9,4.737226034274213,3.1999999999999886,5.616492539931141
stage2_B,J03WR9,12.083411335907474,3.4000000000000057,10.431931468977446
stage2_B,J03WR9,7.1894522699751064,2.599999999999966,8.775524649472903
stage2_B,J03WR9,7.332899160019899,2.8000000000000114,9.182527609610606
stage2_B,J03WR9,7.717478174640434,2.8000000000000114,4.428672037503137
stage2_B,J03WR9,8.755670351914443,3.400000000000034,10.053768514854674
stage2_B,J03WR9,5.623133682955373,5.800000000000011,8.100736588159046
stage2_B,J03WR9,11.013348376502101,5.399999999999977,13.502870630465665
stage2_B,J03WR9,8.647226161326675,5.2000000000000455,23.808919090692093
stage2_B,J03WR9,7.8921150656146715,5.199999999999932,5.600603560584597
stage2_B,J03WR9,6.625598749111602,2.599999999999909,5.914905532907916
stage2_B,J03WR9,7.791766503853814,2.6000000000000227,13.11235263309906
stage2_B,J03WR9,14.369353561778611,3.0,12.596275303111817
stage2_B,J03WR9,8.380945656705851,3.3999999999999773,11.31067541095689
stage2_B,J03WR9,10.883091809557637,3.400000000000091,15.356429462498841
stage2_B,J03WR9,5.479720451600901,2.599999999999909,7.992196968617727
stage2_B,J03WR9,14.391744883033438,5.400000000000091,20.76615393912497
stage2_B,J03WR9,9.004354613734979,3.2000000000000455,13.422538814807496
stage2_B,J03WR9,9.703083372419643,4.400000000000091,8.295999112087896
stage2_B,J03WR9,8.662778797267698,6.0,14.543653476392581
stage2_B,J03WR9,4.426796227380486,3.400000000000091,10.676131786215592
stage2_B,J03WR9,7.576749295899922,3.2000000000000455,14.261898616545633
stage2_B,J03WR9,9.004643182976535,3.2000000000000455,14.98248683217541
stage2_B,J03WR9,8.897445070578925,4.600000000000136,10.619520028550355
stage2_B,J03WR9,13.64079756293881,5.0,13.510692118132585
stage2_B,J03WR9,11.369668840164419,6.0,14.388462834938064
stage2_B,J03WR9,26.11271425621584,6.400000000000091,19.87836323237432
stage2_B,J03WR9,21.876865504899527,3.799999999999727,18.699238858086797
stage2_B,J03WR9,13.487102115653343,4.399999999999636,16.378045938937362
stage2_B,J03WR9,6.641851269261048,3.400000000000091,12.798351186379927
stage2_B,J03WR9,6.566085347119087,3.0,18.45177160484817
stage2_B,J03WR9,4.017324630614279,4.0,7.561295384323938
stage2_B,J03WR9,10.286227637876781,3.200000000000273,14.234643119996274
stage2_B,J03WR9,21.760715594795347,4.599999999999909,17.648141647298385
stage2_B,J03WR9,7.501643936300796,6.0,8.293289157755144
stage2_B,J03WR9,7.1126771076320505,6.0,14.940123258018026
stage2_B,J03WR9,7.3059017239489314,6.0,13.293492150311572
stage2_B,J03WR9,12.234941765288463,6.0,15.034732868744117
stage2_B,J03WR9,8.66157606905348,3.799999999999997,22.06517049659496
stage2_B,J03WR9,7.207364289391786,2.5999999999999943,16.408003509361993
stage2_B,J03WR9,8.32598943069234,6.0,13.366537666172697
stage2_B,J03WR9,11.507189057280709,6.0,14.97283470097806
stage2_B,J03WR9,10.294857939767832,5.599999999999966,22.254898763962025
stage2_B,J03WR9,5.0505643249049506,2.800000000000068,9.102816396571209
stage2_B,J03WR9,12.921950317192827,6.0,22.439238021788203
stage2_B,J03WR9,16.600192769965055,6.0,20.658274868431704
stage2_B,J03WR9,10.57783531730382,4.400000000000091,7.471964127344485
stage2_B,J03WR9,4.892862148068345,4.0,8.649906259176277
stage2_B,J03WR9,4.136967488391103,2.6000000000001364,14.442013607864114
stage2_B,J03WR9,11.460794038809004,5.0,29.18949295607389
stage2_B,J03WR9,7.349136003639845,2.599999999999909,8.732001761092175
stage2_B,J03WR9,14.71674216666175,6.0,13.09179935583651
stage2_B,J03WR9,17.884619090157845,4.400000000000091,16.194021034966855
stage2_B,J03WR9,7.637047858957021,6.0,16.44254606477526
stage2_B,J03WR9,10.79082943985381,6.0,21.954095610865956
stage2_B,J03WR9,20.036179775595944,6.0,17.809065676622406
stage2_B,J03WR9,10.542736836324806,3.2000000000000455,23.996714469506
stage2_B,J03WR9,11.5617386235808,3.799999999999727,21.395566086284667
stage2_B,J03WR9,17.130105078488167,6.0,14.636255639036186
stage2_B,J03WR9,9.033825324857355,2.800000000000182,13.499917059633365
stage2_B,J03WR9,12.365055600360959,6.0,9.798500555103896
stage2_B,J03WR9,12.251224428603052,5.800000000000182,10.202624334467698
stage2_B,J03WR9,12.495775286071453,4.0,10.600559232578956
stage2_B,J03WR9,7.300746537170015,6.0,12.35985728166925
stage2_B,J03WR9,7.282341656364154,2.599999999999909,11.179215030284391
stage2_B,J03WR9,6.483085685073262,5.199999999999818,6.84654360492235
stage2_B,J03WR9,10.59393222557139,6.0,18.625625135145132
base_C,Sample_Game_1,23.53826697356149,4.199999999999996,20.52810909791705
base_C,Sample_Game_1,7.049903696665439,2.6000000000000227,15.486784578712538
base_C,Sample_Game_1,11.45500911020467,6.0,21.973108258178456
base_C,Sample_Game_1,7.031447225914726,2.8000000000000114,14.79477080976559
base_C,Sample_Game_1,5.355965979053622,6.0,7.984972551443666
base_C,Sample_Game_1,11.683364653676264,3.8000000000000114,13.919863939341273
base_C,Sample_Game_1,6.640505908448861,6.0,10.806255230327807
base_C,Sample_Game_1,5.317803144827266,4.2000000000000455,17.71798154570648
base_C,Sample_Game_1,20.63245224397057,5.399999999999977,34.125195580606785
base_C,Sample_Game_1,34.055491974058114,6.399999999999977,23.190877586940903
base_C,Sample_Game_1,6.478681863224381,6.0,11.195541394976674
base_C,Sample_Game_1,5.406695786324335,3.2000000000000455,20.78742733227108
base_C,Sample_Game_1,11.00173113427082,6.0,17.849624671622927
base_C,Sample_Game_1,8.508565398304611,2.6000000000000227,15.280711190019357
base_C,Sample_Game_1,9.500059669344967,3.0,11.823288439756066
base_C,Sample_Game_1,6.484175323957307,2.7999999999999545,8.23778791821602
base_C,Sample_Game_1,3.9818558382932654,6.0,15.158529138749255
base_C,Sample_Game_1,7.391094420825013,3.6000000000000227,18.34731456848059
base_C,Sample_Game_1,10.258966717692907,3.3999999999998636,16.045145486844227
base_C,Sample_Game_1,5.880744391937213,2.7999999999999545,11.12547638635629
base_C,Sample_Game_1,10.240937146032746,4.399999999999864,26.670201815484745
base_C,Sample_Game_1,6.07380310319582,6.0,7.271523146273304
base_C,Sample_Game_1,5.525670679289977,2.7999999999999545,10.05544440350718
base_C,Sample_Game_1,4.1066567476591604,6.0,25.82822986300019
base_C,Sample_Game_1,6.708047637944165,3.0,18.652543581283346
base_C,Sample_Game_1,6.5294161145434675,2.6000000000001364,11.426682700013961
base_C,Sample_Game_1,6.490423130102079,6.0,12.633622205574959
base_C,Sample_Game_1,10.065749645513971,5.0,24.611124385193296
base_C,Sample_Game_1,10.154012171400385,2.7999999999999545,11.73557791917759
base_C,Sample_Game_1,14.572785752717625,5.2000000000000455,18.39555218762287
base_C,Sample_Game_1,7.301046518262167,2.7999999999999545,16.77806029304623
base_C,Sample_Game_1,3.545002240360583,2.599999999999909,19.43419865089652
base_C,Sample_Game_1,22.381386482314454,5.2000000000000455,23.186649058751932
base_C,Sample_Game_1,11.41937225038657,6.0,36.44634488746704
base_C,Sample_Game_1,7.182602391123903,3.0,16.729368710273803
base_C,Sample_Game_1,10.101398413477032,3.799999999999727,13.068281072667782
base_C,Sample_Game_1,12.448679240682349,3.0,18.57827052320853
base_C,Sample_Game_1,6.990738622575469,6.0,9.193967497933881
base_C,Sample_Game_1,7.048367703420063,3.599999999999909,12.719638466363698
base_C,Sample_Game_1,10.228871141698047,2.800000000000182,15.731520768313082
base_C,Sample_Game_1,9.213023130836326,6.0,11.819617986871606
base_C,Sample_Game_1,10.812851995606339,3.599999999999909,18.030852691909296
base_C,Sample_Game_1,22.686261961305124,7.199999999999818,29.577657061536176
base_C,Sample_Game_1,8.451828147514611,3.599999999999909,20.090794847520243
base_C,Sample_Game_1,22.626384234095756,6.600000000000364,26.26274560852154
base_C,Sample_Game_1,4.428111464052483,6.0,10.463768954177045
base_C,Sample_Game_1,13.74143730231414,3.799999999996544,16.982389047312573
base_C,Sample_Game_1,4.538052874267189,2.9999999999972715,10.592639197043802
base_C,Sample_Game_1,9.481589324926757,6.0,16.511717644388973
base_C,Sample_Game_1,10.923814595456108,6.0,42.11077354421007
base_C,Sample_Game_1,6.840434693054403,2.9999999999972715,16.455767045272367
base_C,Sample_Game_1,6.518010875763573,3.599999999996726,17.438389885235125
base_C,Sample_Game_1,11.912525545626604,6.0,27.835630934898234
base_C,Sample_Game_1,9.631822891664982,5.999999999994543,18.713971125456165
base_C,Sample_Game_1,27.711225045162816,5.799999999994725,22.721062743198175
base_C,Sample_Game_1,7.614193721606352,2.5999999999976353,11.523763187348223
base_C,Sample_Game_1,10.035060235825728,6.0,10.110130466756019
base_C,Sample_Game_1,7.060692248761512,3.1999999999970896,11.14184327528077
base_C,Sample_Game_1,5.918484715250138,2.7999999999974534,13.165231761468656
base_C,Sample_Game_1,6.219767615758608,2.7999999999974534,7.167801236514971
base_C,Sample_Game_1,13.954957103320183,6.0,25.453782266890485
base_C,Sample_Game_1,7.588935333845024,6.0,15.88927025021898
base_C,Sample_Game_1,14.30402420567233,6.0,26.722704395786884
base_C,Sample_Game_1,12.356759183181211,3.3999999999969077,16.605498278852032
base_C,Sample_Game_1,13.622325770207613,6.0,17.42309589934515
base_C,Sample_Game_1,8.161207188750684,6.0,15.255316294679506
base_C,Sample_Game_1,4.429026639840979,3.3999999999969077,15.224507762770662
base_C,Sample_Game_1,7.254482042695811,6.0,20.52360907936243
base_C,Sample_Game_1,13.779810491600845,2.7999999999974534,16.895767548338547
base_C,Sample_Game_1,8.954630798663665,2.7999999999974534,10.932388414986637
base_C,Sample_Game_1,25.950946554585542,6.799999999993815,21.251401005772806
base_C,Sample_Game_1,6.247398855362115,2.599999999996726,10.83138075599604
base_C,Sample_Game_1,15.052804293092738,6.0,22.082107834008458
base_C,Sample_Game_1,17.64356160237321,3.999999999996362,26.002148506604378
base_C,Sample_Game_1,21.97703995729482,5.599999999994907,22.99645751022929
base_C,Sample_Game_1,5.915488795316396,3.599999999996726,12.041658021363407
base_C,Sample_Game_1,2.6149793866171462,3.7999999999974534,5.309801369245272
base_C,Sample_Game_1,8.255472249098286,3.1999999999970896,11.441003439695663
base_C,Sample_Game_1,12.199374195533721,6.0,29.355088548847576
base_C,Sample_Game_1,3.7237088481848786,3.599999999996726,19.15559269372828
base_C,Sample_Game_1,11.049943950559062,4.399999999995998,17.857589007360986
base_C,Sample_Game_1,5.295661720084402,5.999999999994543,14.672823829656567
base_C,Sample_Game_1,7.581556090089216,4.999999999994543,24.6243290393832
base_C,Sample_Game_1,27.302447397947198,5.399999999994179,21.755742094544754
base_C,Sample_Game_1,6.24335456880582,3.999999999996362,12.170867233156518
base_C,Sample_Game_1,7.048708480773619,2.7999999999974534,15.496722064077058
base_C,Sample_Game_1,4.055397238833798,2.599999999998545,12.171635473640958
base_C,Sample_Game_1,4.356184024805382,2.599999999996726,12.57118485030654
base_C,Sample_Game_1,2.368837907089131,4.399999999995998,8.539534595508098
base_C,Sample_Game_1,5.519524542841276,6.0,36.16098248568955
base_C,Sample_Game_1,20.50789712230222,5.399999999995998,18.343844137332336
base_C,Sample_Game_1,10.938411282670577,3.599999999996726,19.43821785383882
base_C,Sample_Game_1,7.747187069037207,2.599999999996726,18.5373134125826
base_C,Sample_Game_1,8.90555554974684,6.0,30.165167347230387
base_C,Sample_Game_1,3.514471755579569,5.199999999995271,13.544401326306922
base_C,Sample_Game_1,23.83565884892096,4.799999999995634,30.79662934535876
base_C,Sample_Game_2,6.244908832221478,2.8000000000000043,11.61654389009891
base_C,Sample_Game_2,7.363517652805337,3.6000000000000085,8.339711673568466
base_C,Sample_Game_2,10.199429499563855,3.200000000000003,13.329521234470516
base_C,Sample_Game_2,5.263571279324251,3.200000000000017,16.0943717464246
base_C,Sample_Game_2,4.496065749443428,6.0,12.460320238619476
base_C,Sample_Game_2,6.784607259295374,3.0,10.056830878003941
base_C,Sample_Game_2,10.060803318119959,3.6000000000000227,18.576026010417053
base_C,Sample_Game_2,8.624789348637865,2.6000000000000227,9.90030145775691
base_C,Sample_Game_2,5.474208820241411,2.599999999999909,11.625827527423843
base_C,Sample_Game_2,7.7727831736587945,3.0,8.244200859059362
base_C,Sample_Game_2,9.164819793983328,3.199999999999932,19.72657836590288
base_C,Sample_Game_2,8.739585514173083,3.0,16.46114748679244
base_C,Sample_Game_2,9.572501022660036,3.7999999999999545,11.855853048728102
base_C,Sample_Game_2,6.321723833147275,4.0,13.776842208903108
base_C,Sample_Game_2,8.782721560247115,6.0,20.80451891442442
base_C,Sample_Game_2,16.270027142116827,8.0,24.52296938327672
base_C,Sample_Game_2,17.128500864135205,5.7999999999999545,22.784949325336374
base_C,Sample_Game_2,10.500508343595524,2.800000000000182,19.889380913942837
base_C,Sample_Game_2,11.861668972136854,5.0,37.46880752087495
base_C,Sample_Game_2,9.935140904657725,3.7999999999999545,17.451768908949767
base_C,Sample_Game_2,10.13826307773271,6.0,15.03822294969091
base_C,Sample_Game_2,22.778347720266964,6.0,37.706566890870675
base_C,Sample_Game_2,13.554158921745376,6.0,21.391730333547585
base_C,Sample_Game_2,4.920417008479731,3.599999999999909,21.51085999609566
base_C,Sample_Game_2,5.7581217965964715,2.7999999999999545,15.741672774401223
base_C,Sample_Game_2,7.342967937040426,2.599999999999909,9.5079466801111
base_C,Sample_Game_2,26.566300350044422,5.7999999999999545,22.862709289893946
base_C,Sample_Game_2,9.66663552171002,4.0,24.805376814458903
base_C,Sample_Game_2,5.304817442402883,3.0,19.345702897415535
base_C,Sample_Game_2,7.757569474705937,2.800000000000182,20.20825096057704
base_C,Sample_Game_2,7.567997251275333,6.0,17.781520816295266
base_C,Sample_Game_2,4.162519034280405,2.599999999999909,12.513856930044327
base_C,Sample_Game_2,12.285152492179986,5.199999999995271,21.220502386489265
base_C,Sample_Game_2,22.34283660061609,6.0,18.7065975833071
base_C,Sample_Game_2,5.230070326280732,3.1999999999970896,10.849307279835093
base_C,Sample_Game_2,7.331561166926316,6.0,6.771359109355144
base_C,Sample_Game_2,4.782549539227371,6.0,19.68608436483113
base_C,Sample_Game_2,17.822760799561273,6.0,12.894499589176633
base_C,Sample_Game_2,16.396916104579432,6.0,34.62834181873302
base_C,Sample_Game_2,13.980608111138164,5.999999999994543,26.981606327466373
base_C,Sample_Game_2,6.613072054234611,3.1999999999970896,15.071299892666108
base_C,Sample_Game_2,8.234544032853643,6.0,15.3957456508514
base_C,Sample_Game_2,16.777467522559753,6.0,18.1916432562083
base_C,Sample_Game_2,5.559724685229645,5.799999999994725,30.21471706405106
base_C,Sample_Game_2,7.575699394336301,2.9999999999972715,13.557078304101946
base_C,Sample_Game_2,9.871359512514596,6.0,15.746331451739517
base_C,Sample_Game_2,5.226824075920467,6.0,14.167196583968288
base_C,Sample_Game_2,10.674131899271966,5.799999999994725,18.47611546472121
base_C,Sample_Game_2,2.999757189694174,2.5999999999976353,9.818850891649678
base_C,Sample_Game_2,10.521548259064218,6.0,18.13321313401656
base_C,Sample_Game_2,5.35765582434334,2.5999999999976353,12.742708222191261
base_C,Sample_Game_2,8.124151404263474,3.1999999999970896,9.565216777640043
base_C,Sample_Game_2,7.15759232367826,5.399999999995089,15.041428246545461
base_C,Sample_Game_2,8.101930881200708,3.1999999999970896,29.577125977077593
base_C,Sample_Game_2,11.580822937646015,6.0,15.283760924074473
base_C,Sample_Game_2,6.541120624285961,6.0,16.557141279345092
base_C,Sample_Game_2,20.716255093453825,4.599999999995816,27.719649935929567
base_C,Sample_Game_2,6.628203858786636,3.799999999996544,11.361839511221794
base_C,Sample_Game_2,8.202560750361087,3.599999999996726,8.007381871181252
base_C,Sample_Game_2,4.473683695156967,6.0,8.657018773514412
base_C,Sample_Game_2,7.184966553321878,4.599999999995816,21.158129320586475
base_C,Sample_Game_2,5.05414959667117,6.0,15.417437527224925
base_C,Sample_Game_2,5.197042418788846,2.5999999999976353,9.943095302046082
base_C,Sample_Game_2,12.545243971839028,4.19999999999618,17.63430128598679
base_C,Sample_Game_2,28.101831995422437,5.399999999995089,20.575285858334944
base_C,Sample_Game_2,21.19130811251864,6.0,27.176546240792327
base_C,Sample_Game_2,8.449542524266112,5.999999999994543,14.685743438871864
base_C,Sample_Game_2,10.294604779727209,4.19999999999618,19.09841346394021
base_C,Sample_Game_2,5.353872730904429,6.0,7.766266246318796
base_C,Sample_Game_2,2.5405702314358938,3.599999999996726,18.107367193638744
base_C,Sample_Game_2,6.995970060955379,3.1999999999970896,26.259644228352535
base_C,Sample_Game_3,11.66133251077638,6.0,21.25099985347969
base_C,Sample_Game_3,16.03653070304081,4.399999999999977,25.77499106099414
base_C,Sample_Game_3,17.747560518758853,5.999999999999972,22.778023733390345
base_C,Sample_Game_3,7.367447798601927,4.399999999999977,12.713152827250163
base_C,Sample_Game_3,14.223892684801921,6.0,17.926793129348752
base_C,Sample_Game_3,6.96639066713481,2.599999999999966,16.692894134485197
base_C,Sample_Game_3,9.281612184702817,5.399999999999977,15.76021489578852
base_C,Sample_Game_3,13.007939019710356,6.0,11.916816164590704
base_C,Sample_Game_3,7.992677876876781,3.0,12.34724858793006
base_C,Sample_Game_3,15.18336132990698,6.0,24.326144953309562
base_C,Sample_Game_3,12.78600776664436,5.399999999999977,16.876203705591934
base_C,Sample_Game_3,8.050776009636875,3.599999999999909,12.442588118447416
base_C,Sample_Game_3,6.691080463152527,2.6000000000000227,11.467602219573383
base_C,Sample_Game_3,13.618930827546738,6.0,13.535880949029082
base_C,Sample_Game_3,7.7169833683720395,3.199999999999932,12.86545140966044
base_C,Sample_Game_3,11.890620007692863,3.7999999999999545,15.367378792951659
base_C,Sample_Game_3,9.758358311025518,4.600000000000023,16.47715319609635
base_C,Sample_Game_3,7.169798099650663,3.6000000000000227,19.92335806105881
base_C,Sample_Game_3,5.2030437642601886,3.800000000000068,10.37958820601393
base_C,Sample_Game_3,12.383053134038459,4.199999999999932,22.339065721816546
base_C,Sample_Game_3,6.183178416593705,4.199999999999932,11.21092129868384
base_C,Sample_Game_3,7.837389709300439,3.2000000000000455,15.720211712623726
base_C,Sample_Game_3,4.6661455798353115,3.6000000000000227,10.654173460132323
base_C,Sample_Game_3,9.205179226167878,3.0,18.38529282408333
base_C,Sample_Game_3,15.331740675047717,5.800000000000182,32.8534645771881
base_C,Sample_Game_3,11.383106975985761,3.2000000000000455,19.83677822744994
base_C,Sample_Game_3,14.053141355883703,5.599999999999909,27.091679827079254
base_C,Sample_Game_3,10.98274201901668,3.400000000000091,13.07612192057327
base_C,Sample_Game_3,4.167331342183537,3.2000000000000455,9.947877685781243
base_C,Sample_Game_3,9.909581735337417,6.0,13.6437782246817
base_C,Sample_Game_3,9.504880693017812,3.7999999999999545,18.554329231825008
base_C,Sample_Game_3,16.46356869987151,6.0,17.799565486697297
base_C,Sample_Game_3,10.907650654153755,6.0,28.75857413678419
base_C,Sample_Game_3,10.41753788522865,6.0,30.388977500768732
base_C,Sample_Game_3,9.666636613485693,3.2000000000000455,11.42321553902554
base_C,Sample_Game_3,8.523397432802552,3.400000000000091,12.005001025127484
base_C,Sample_Game_3,6.482393828576207,2.7999999999999545,13.16203946989388
base_C,Sample_Game_3,6.188330785632328,2.599999999999909,16.88302876631637
base_C,Sample_Game_3,8.392584099767053,6.0,19.43987008303737
base_C,Sample_Game_3,12.028598088646923,6.0,27.014072197197926
base_C,Sample_Game_3,14.5674333779838,5.0,14.765127950238963
base_C,Sample_Game_3,8.026257154649063,6.0,18.398614049219
base_C,Sample_Game_3,11.242704874353578,5.399999999999864,15.283918858001794
base_C,Sample_Game_3,8.696561053437028,4.0,10.362519808263421
base_C,Sample_Game_3,17.54063646256424,6.0,13.413226537017628
base_C,Sample_Game_3,8.845487329602808,5.199999999999818,21.26750666517605
base_C,Sample_Game_3,3.6111919915048425,2.800000000000182,18.945874221447085
base_C,Sample_Game_3,5.028952327797683,4.199999999999818,16.91435440523312
base_C,Sample_Game_3,16.439164307480446,5.199999999999818,16.330174346333937
base_C,Sample_Game_3,5.9195321017846805,2.800000000000182,14.524975954752922
base_C,Sample_Game_3,15.396930111048432,3.0,12.95634453926818
base_C,Sample_Game_3,9.780304705170671,6.0,28.94650713586998
base_C,Sample_Game_3,8.477874246894347,3.799999999999727,11.919690489743267
base_C,Sample_Game_3,9.440172275679327,4.200000000000273,14.444816425070018
base_C,Sample_Game_3,5.196211978408181,4.199999999999818,10.234212669150011
base_C,Sample_Game_3,12.62315992517214,4.400000000000091,12.852027172214923
base_C,Sample_Game_3,13.830141890014598,5.800000000000182,18.696985911558993
base_C,Sample_Game_3,11.903223257096828,6.0,27.338959029615665
base_C,Sample_Game_3,10.115621202980677,5.599999999999994,11.721375274578158
base_C,Sample_Game_3,5.713376637677012,2.799999999999983,16.172626506091746
base_C,Sample_Game_3,12.847759694208925,6.0,17.399469289042642
base_C,Sample_Game_3,6.259036510181824,3.4000000000000057,17.085116184245706
base_C,Sample_Game_3,8.53978565740134,3.0,13.448942151114405
base_C,Sample_Game_3,13.847142911282551,6.0,24.365463165621414
base_C,Sample_Game_3,5.403414721195887,4.199999999999989,12.240971129644375
base_C,Sample_Game_3,8.697290954864137,2.6000000000000227,22.89714432869315
base_C,Sample_Game_3,8.823290409335756,3.599999999999909,23.856368935764515
base_C,Sample_Game_3,11.170648364681226,3.199999999999932,18.916357490638383
base_C,Sample_Game_3,7.919371977637502,3.400000000000091,14.493728514367112
base_C,Sample_Game_3,17.72772044464711,4.399999999999977,12.289279184731367
base_C,Sample_Game_3,8.315505392387951,3.2000000000000455,13.331460946657955
base_C,Sample_Game_3,16.244650967618924,3.7999999999999545,21.66701082357659
base_C,Sample_Game_3,4.226788841839795,5.399999999999977,15.731094548870988
base_C,Sample_Game_3,10.488400934769643,4.199999999999932,25.28607755412109
base_C,Sample_Game_3,7.79996087013426,4.2000000000000455,18.797809802512873
base_C,Sample_Game_3,5.760108274311664,4.999999999999886,17.85542085742062
base_C,Sample_Game_3,11.70785213888027,6.0,26.577226841625155
base_C,Sample_Game_3,4.650025026474581,4.400000000000091,13.680833911266411
base_C,Sample_Game_3,11.579017903223788,2.6000000000001364,17.131302259989305
base_C,Sample_Game_3,7.483935386162388,6.0,19.954777257875925
base_C,Sample_Game_3,10.646018234911361,6.0,7.338594555144125
base_C,Sample_Game_3,9.353913079095172,4.199999999999818,10.228061380751885
base_C,Sample_Game_3,12.771180583439818,4.199999999999818,14.008703679247155
base_C,Sample_Game_3,12.930379306897569,3.599999999999909,13.941416505353736
base_C,Sample_Game_3,10.442016305905343,3.599999999999909,31.68318898515315
base_C,Sample_Game_3,4.3063618054491,6.0,12.202755451145253
base_C,Sample_Game_3,8.338323256254572,3.2000000000000455,11.781109267860703
base_C,Sample_Game_3,11.236207624609353,5.2000000000000455,23.86355308571158
base_C,Sample_Game_3,19.69980360193473,4.400000000000091,15.364709483386081
base_C,Sample_Game_3,7.545376885725576,3.0,16.324004093653702
base_C,Sample_Game_3,17.769851641968103,3.599999999999909,18.086287622177643
base_C,Sample_Game_3,8.464244563937019,6.0,10.67572150053586
base_C,Sample_Game_3,6.08186243066592,2.599999999999909,15.855940511521041
base_C,Sample_Game_3,4.27628835048634,5.2000000000000455,14.360304714327034
base_C,Sample_Game_3,13.53822942702163,4.199999999999818,23.087025436662312
base_C,Sample_Game_3,7.243386929483936,6.0,14.480728493192428
base_C,Sample_Game_3,10.868626546690434,3.2000000000000455,19.17092835547954
base_C,Sample_Game_3,6.154418547560064,3.0,17.922912884449183
base_C,Sample_Game_3,3.6550853805003873,3.0,14.680088107948091
base_C,Sample_Game_3,15.514728541852724,4.800000000000182,32.985999442820884
base_C,Sample_Game_3,9.141271434421519,3.400000000000091,19.208100258470346
base_C,Sample_Game_3,9.290944811669593,6.0,23.524738584985734
base_C,Sample_Game_3,9.515507561099792,6.0,22.35917127945659
base_C,Sample_Game_3,12.191567789559624,4.0,7.486895567263312
base_C,Sample_Game_3,14.756766245661906,6.0,18.76779104172371
base_C,Sample_Game_3,18.27763407948001,3.799999999999727,20.298397846900865
base_C,Sample_Game_3,6.5799276110209615,3.0,8.558348676068565
base_C,Sample_Game_3,7.356112830517872,2.600000000000364,9.759841305632143
base_C,Sample_Game_3,29.06978081522413,6.0,29.94963556098198
base_C,Sample_Game_3,2.7771908339871985,3.599999999999909,8.234064126937756
base_C,Sample_Game_3,11.106360981868947,5.200000000000273,14.45845281251846
base_C,Sample_Game_3,9.350669942988642,3.200000000000273,12.566843880629074
base_C,Sample_Game_3,13.394633733018619,6.0,20.82269070285384
base_C,Sample_Game_3,9.860563412318264,5.599999999999909,20.150048283570232
base_C,Sample_Game_3,7.799096407141072,3.400000000000091,16.415751724126356
base_C,Sample_Game_3,16.021277931910262,6.0,29.82477812799378
base_C,Sample_Game_3,7.547367842271035,4.800000000000182,9.432873237311856
base_C,Sample_Game_3,12.854097647583554,5.199999999999818,16.176486708038354
base_C,J03WPY,8.795602694378339,2.8,14.299920524829146
base_C,J03WPY,4.044501385112701,2.6000000000000014,9.113112327744796
base_C,J03WPY,16.21576763578408,6.0,16.333631609222877
base_C,J03WPY,8.154734766286873,3.0,11.174661283528831
base_C,J03WPY,7.942935132692201,3.200000000000017,10.990246281769368
base_C,J03WPY,5.705277706688334,2.799999999999983,12.849641745377573
base_C,J03WPY,6.600285275158911,2.8000000000000114,9.789897764010462
base_C,J03WPY,10.52513485813969,3.6000000000000227,17.379711887948794
base_C,J03WPY,8.190254472139955,2.800000000000068,15.794069658208794
base_C,J03WPY,14.081164997204585,4.600000000000023,16.568166693359583
base_C,J03WPY,13.84086016692869,6.0,23.080882451649565
base_C,J03WPY,3.2969074666252194,2.6000000000000227,6.543521217902329
base_C,J03WPY,4.919045208303737,3.2000000000000455,13.82042354562395
base_C,J03WPY,7.360404091794191,3.0,11.954466033281994
base_C,J03WPY,14.227352647399831,4.399999999999977,28.554204592445906
base_C,J03WPY,11.160254949496327,3.2000000000000455,13.664669432870955
base_C,J03WPY,5.587588038561298,6.0,16.978877545048185
base_C,J03WPY,9.303612341027453,2.6000000000001364,28.633302669544534
base_C,J03WPY,12.129459350111153,3.800000000000182,24.97700628458132
base_C,J03WPY,5.829657340538257,2.7999999999999545,16.808489592898837
base_C,J03WPY,17.517864512438923,4.0,20.951478140845097
base_C,J03WPY,7.574404416360739,6.0,19.86711691505093
base_C,J03WPY,7.3299207736379834,3.0,19.890801949274042
base_C,J03WPY,7.738158191526909,5.599999999999909,18.852686898194598
base_C,J03WPY,7.196863464905194,6.0,11.8086180717747
base_C,J03WPY,14.632859152019556,4.2000000000000455,13.384541510798243
base_C,J03WPY,9.401555068080807,2.7999999999999545,14.344410496686379
base_C,J03WPY,16.669126806276772,4.599999999999909,33.13684235927734
base_C,J03WPY,10.279181732542312,3.0,9.560003798216634
base_C,J03WPY,2.1058840004649118,2.800000000000182,12.709572121060855
base_C,J03WPY,3.6714408513251646,2.6000000000001364,10.10133816083763
base_C,J03WPY,6.143836037078666,4.0,11.219191406169184
base_C,J03WPY,9.237087705340556,3.7999999999999545,12.273413597067817
base_C,J03WPY,9.706654521843179,3.599999999999909,18.08008421708383
base_C,J03WPY,3.5020987067934715,2.599999999999909,11.987529138413095
base_C,J03WPY,29.80727268413553,7.0,21.177077040037606
base_C,J03WPY,9.729728594883806,2.7999999999999545,18.879516001029423
base_C,J03WPY,6.215276251998431,4.399999999999864,20.864973751392398
base_C,J03WPY,6.729796061370518,3.0,23.21419694542587
base_C,J03WPY,11.678993858225091,3.599999999999909,12.703792108145318
base_C,J03WPY,8.051783340556339,2.599999999999909,19.579197419244323
base_C,J03WPY,12.452560122658916,3.400000000000091,35.99227172360635
base_C,J03WPY,12.294516687852461,5.199999999999818,22.009967112340576
base_C,J03WPY,6.586232596675311,3.199999999999818,13.591258808074151
base_C,J03WPY,7.650712841457632,3.400000000000091,14.74312672043407
base_C,J03WPY,9.84107297873516,6.0,18.70458331743481
base_C,J03WPY,26.184243296012504,5.400000000000091,21.34065264302144
base_C,J03WPY,7.246332330930013,3.399999999999636,13.535347503960615
base_C,J03WPY,8.22166533512991,3.800000000000182,12.414382844303166
base_C,J03WPY,31.866177797983283,5.599999999999909,27.1459568985363
base_C,J03WPY,4.851468242055482,2.6000000000000227,9.560686917148669
base_C,J03WPY,30.350863543055905,6.0,45.37480036022823
base_C,J03WPY,4.26789841491151,4.399999999999977,13.306393238778973
base_C,J03WPY,11.34751228371333,3.6000000000000227,28.275077927629717
base_C,J03WPY,6.214772466499916,3.6000000000000227,13.08395164878156
base_C,J03WPY,46.387966848495125,10.0,36.91740775193555
base_C,J03WPY,5.327951870411777,3.0,10.812989421837134
base_C,J03WPY,9.679250601757278,3.0,18.600005609948234
base_C,J03WPY,9.532051450954452,3.7999999999999545,22.01956938857651
base_C,J03WPY,9.218171136742185,2.7999999999999545,9.21184632310159
base_C,J03WPY,29.057588622483394,6.2000000000000455,26.91909349800715
base_C,J03WPY,7.431109839503376,2.7999999999999545,13.701222883847413
base_C,J03WPY,9.693050002482646,3.799999999999727,12.720309516314352
base_C,J03WPY,13.718561986012906,3.599999999999909,16.992723839585437
base_C,J03WPY,7.246577967927743,3.0,13.439052246009563
base_C,J03WPY,9.975586001481766,4.800000000000182,15.787858329596691
base_C,J03WPY,10.885792350650306,5.199999999999818,26.270919095826244
base_C,J03WPY,11.478297482683113,3.800000000000182,10.112690772397968
base_C,J03WPY,12.685730120933457,3.399999999999636,13.317503947592337
base_C,J03WPY,4.52362263374992,4.0,4.825620656427993
base_C,J03WPY,10.650051569466003,3.400000000000091,17.425016739044466
base_C,J03WPY,7.016202936719169,6.0,20.162557352778904
base_C,J03WPY,7.115519390282911,2.800000000000182,15.994874763249467
base_C,J03WPY,8.220650267256351,2.599999999999909,20.63674529871137
base_C,J03WPY,5.856660991588378,3.800000000000182,27.963227581442844
base_C,J03WPY,5.385933638802515,2.599999999999909,12.681080387014989
base_C,J03WPY,7.607210005886129,3.400000000000091,28.057054978303754
base_C,J03WPY,13.295169396273437,3.599999999999909,30.077732542924647
base_C,J03WPY,12.83720164324712,3.0,27.284774594455826
base_C,J03WPY,11.658790230513873,2.799999999999727,14.56072275537273
base_C,J03WPY,14.90379790107963,3.400000000000091,22.10813328874831
base_C,J03WPY,6.323582994873574,6.0,11.882894799337652
base_C,J03WPY,10.017297136157243,2.599999999999909,10.958001176363956
base_C,J03WPY,5.046035266796693,3.400000000000091,9.328559178078134
base_C,J03WMX,17.24430952625377,4.0,24.117981465729752
base_C,J03WMX,8.809657311906083,3.1999999999999886,21.55815298277213
base_C,J03WMX,5.162729230343319,4.399999999999977,18.038872828700974
base_C,J03WMX,11.614304126740315,3.6000000000000227,15.945155874235006
base_C,J03WMX,12.011053688353728,4.600000000000023,30.284692115937297
base_C,J03WMX,6.65438940229682,6.0,15.815987103884098
base_C,J03WMX,7.748114379969323,2.6000000000000227,9.28705966704168
base_C,J03WMX,7.866493935822307,3.3999999999999773,14.575940558685456
base_C,J03WMX,11.296264830109209,6.0,14.296927551515061
base_C,J03WMX,4.094253350393436,3.6000000000000227,19.6691063630277
base_C,J03WMX,11.410765180722848,6.0,16.032913158183284
base_C,J03WMX,17.615661962238192,3.3999999999998636,13.71899899836913
base_C,J03WMX,13.848001721495363,4.400000000000091,13.75273181277856
base_C,J03WMX,10.937511346179573,3.400000000000091,22.220444150051563
base_C,J03WMX,5.00600837273443,2.7999999999999545,19.483318505096975
base_C,J03WMX,4.863623085015484,2.7999999999999545,14.673723281473631
base_C,J03WMX,10.54343048498335,3.7999999999999545,11.241082943123331
base_C,J03WMX,13.358296866198106,3.599999999999909,17.90997761270514
base_C,J03WMX,6.8339977541410555,6.0,10.861112273259131
base_C,J03WMX,9.328133718921094,2.6000000000001364,7.657007794962256
base_C,J03WMX,7.787337520130109,3.2000000000000455,11.011175315864573
base_C,J03WMX,7.900376486661608,4.0,15.67633287049184
base_C,J03WMX,8.787248939841692,3.2000000000000455,16.927839275387832
base_C,J03WMX,6.074392324614562,5.2000000000000455,18.664017166815782
base_C,J03WMX,20.304755288342925,4.599999999999909,17.657841375375043
base_C,J03WMX,8.958528929854754,3.2000000000000455,23.715097188084748
base_C,J03WMX,11.91955853473021,5.2000000000000455,19.647271815975913
base_C,J03WMX,4.112699666116432,2.599999999999909,9.171490905158668
base_C,J03WMX,11.004826891428152,4.400000000000091,17.413910810640044
base_C,J03WMX,31.600050867119208,7.0,31.363750498214436
base_C,J03WMX,13.613418832484252,4.399999999999864,14.280838483640778
base_C,J03WMX,6.775365364869767,3.6000000000001364,14.310430363704118
base_C,J03WMX,8.761639684112552,3.599999999999909,12.434627149222278
base_C,J03WMX,10.504432132827908,4.400000000000091,13.205599643001326
base_C,J03WMX,5.835516743686474,3.800000000000182,21.823764083083447
base_C,J03WMX,12.475133699195533,6.0,25.278522736680156
base_C,J03WMX,5.903467649423001,3.800000000000182,6.897456147209349
base_C,J03WMX,10.705532638588927,3.600000000000364,19.933019822458256
base_C,J03WMX,9.97394995119762,6.0,25.59760480319175
base_C,J03WMX,7.193446981986134,3.599999999999909,8.556869668344458
base_C,J03WMX,6.898976298024174,5.399999999999636,16.476382897910295
base_C,J03WMX,35.61508004434312,7.400000000000006,26.714945632652555
base_C,J03WMX,3.7358039522682844,2.799999999999983,11.31785714975511
base_C,J03WMX,3.9150899637992267,2.5999999999999943,6.963791098954415
base_C,J03WMX,6.253690422655625,3.1999999999999886,18.38594210064995
base_C,J03WMX,12.357381283754911,3.8000000000000114,12.06038219553874
base_C,J03WMX,10.365844134460964,3.599999999999966,12.918419577256689
base_C,J03WMX,7.501304183564983,6.0,27.12822073835744
base_C,J03WMX,9.842589174585855,3.0,15.022490635366974
base_C,J03WMX,9.540227931439603,4.2000000000000455,8.53059878005013
base_C,J03WMX,3.5113697753625575,2.6000000000000227,22.76583591865828
base_C,J03WMX,6.598788032530722,2.7999999999999545,12.2479875799563
base_C,J03WMX,8.069609624450766,3.3999999999999773,21.740099561949805
base_C,J03WMX,11.398344549056269,3.3999999999999773,14.799668073519783
base_C,J03WMX,19.84569587999058,5.0,25.545878865877732
base_C,J03WMX,6.744566130351579,5.399999999999977,14.657503941153102
base_C,J03WMX,10.915374704005195,6.0,27.11944641441635
base_C,J03WMX,3.957229779166282,3.6000000000000227,13.761959373744851
base_C,J03WMX,11.83077403580268,4.0,20.172126557206028
base_C,J03WMX,15.128363589514851,4.0,11.868825502997385
base_C,J03WMX,7.955632380969636,4.400000000000091,12.915051327987118
base_C,J03WMX,7.016738876378961,4.2000000000000455,14.128852698637532
base_C,J03WMX,9.652218397585974,6.0,10.170306376223841
base_C,J03WMX,6.077791404328741,2.599999999999909,8.548632780419979
base_C,J03WMX,10.53107176266995,4.399999999999864,20.693159473160282
base_C,J03WMX,26.848261083570343,6.0,29.778796787483614
base_C,J03WMX,6.875403450436444,3.0,16.020462353532167
base_C,J03WMX,7.333955946307366,3.400000000000091,15.235780614287975
base_C,J03WMX,7.280657454514259,4.399999999999636,15.782725998236055
base_C,J03WMX,5.3743811245798305,4.0,7.29970972797258
base_C,J03WMX,5.39309355051542,2.799999999999727,18.742743346565693
base_C,J03WMX,7.129645802376663,3.0,21.29200701887259
base_C,J03WMX,6.54083527101305,3.0,19.183940531834164
base_C,J03WMX,8.330752587343962,2.599999999999909,18.775580391891847
base_C,J03WMX,6.609789837842717,3.200000000000273,20.457004887652655
base_C,J03WN1,10.052329937934768,3.2000000000000006,24.71780675469845
base_C,J03WN1,14.135378257744163,4.199999999999989,21.460732907415697
base_C,J03WN1,7.507379803863777,3.4000000000000057,20.41693173109954
base_C,J03WN1,8.14539899918292,5.199999999999989,13.179720006758004
base_C,J03WN1,7.847106131903407,2.8000000000000114,16.01684001672565
base_C,J03WN1,11.637964922842814,4.199999999999989,28.64408184128066
base_C,J03WN1,7.0340612176507396,3.1999999999999886,18.147247943804125
base_C,J03WN1,12.29403071612761,5.399999999999977,14.422746579161956
base_C,J03WN1,12.36790200478643,6.0,17.104938794042507
base_C,J03WN1,7.7434423869493125,4.199999999999989,19.529599823701105
base_C,J03WN1,7.533319321521362,2.800000000000068,22.59798036002282
base_C,J03WN1,21.25736813436697,6.0,20.588248925597025
base_C,J03WN1,6.187115644628046,3.400000000000091,20.7594157644446
base_C,J03WN1,7.221807253035827,3.2000000000000455,18.137794031729793
base_C,J03WN1,9.321223095709557,2.599999999999909,10.10689344981909
base_C,J03WN1,10.920114468264517,4.600000000000023,27.41941665458933
base_C,J03WN1,21.651207818502872,5.0,27.39875466268231
base_C,J03WN1,11.835391839732003,3.599999999999909,10.824018039313225
base_C,J03WN1,12.503731443053306,3.0,16.243357668475824
base_C,J03WN1,6.910238780244543,2.599999999999909,22.33165927415682
base_C,J03WN1,12.935737319534304,3.0,15.282762324937906
base_C,J03WN1,5.601508725334714,2.6000000000000227,10.261499107749264
base_C,J03WN1,15.729504124415367,6.0,17.285314214989207
base_C,J03WN1,6.202233468678949,3.0,15.73063510151248
base_C,J03WN1,4.5114299285259865,3.3999999999998636,21.54460074103039
base_C,J03WN1,11.982925352349639,6.0,10.31852085192835
base_C,J03WN1,6.400765579210038,6.0,9.945347251921177
base_C,J03WN1,9.153469287652634,3.0,15.907202269234434
base_C,J03WN1,22.44219686216125,5.2000000000000455,19.65205244174365
base_C,J03WN1,21.56831240500836,5.600000000000136,17.217532688730643
base_C,J03WN1,5.531084884541504,4.199999999999818,10.378962080497194
base_C,J03WN1,8.891979532140182,6.0,13.116660069817272
base_C,J03WN1,16.875366662683216,6.0,16.993744145934656
base_C,J03WN1,15.54350346607868,5.400000000000091,16.404126477313344
base_C,J03WN1,22.196785803355432,8.0,13.502197019568278
base_C,J03WN1,10.998368060762148,3.3999999999998636,22.553238358707567
base_C,J03WN1,9.110718961750107,5.2000000000000455,6.597312908579835
base_C,J03WN1,4.137269631048963,3.400000000000091,16.526011961465798
base_C,J03WN1,5.885855927560578,3.2000000000000455,20.925255073860715
base_C,J03WN1,8.828165154776169,5.2000000000000455,9.807360189208241
base_C,J03WN1,9.741031772866299,4.399999999999864,21.829480544439445
base_C,J03WN1,10.956007484480468,4.399999999999864,30.831834456753096
base_C,J03WN1,4.610878441251654,3.599999999999909,7.814121741024406
base_C,J03WN1,13.803278596044306,4.7999999999999545,26.188405776052257
base_C,J03WN1,15.893448335714345,6.0,19.73223199361026
base_C,J03WN1,6.088021024931435,2.800000000000182,11.141796106627732
base_C,J03WN1,10.46883470114988,2.800000000000182,13.411752359493633
base_C,J03WN1,6.689469336202748,3.399999999999636,15.681396930943581
base_C,J03WN1,17.148556790587367,6.0,30.061871667728433
base_C,J03WN1,9.47831736121841,3.0,13.450629693866194
base_C,J03WN1,6.730497752766088,3.599999999999909,13.24648260981839
base_C,J03WN1,7.003320640953109,3.199999999999818,18.252769770645997
base_C,J03WN1,36.897110998017176,8.599999999999909,22.842375409272258
base_C,J03WN1,5.389174333791511,3.399999999999636,16.40961822303334
base_C,J03WN1,6.204135717406572,2.799999999999727,8.818452787975787
base_C,J03WN1,23.37830190582712,6.0,21.563517525039728
base_C,J03WN1,8.580495323699262,4.599999999999909,17.256207041374616
base_C,J03WN1,7.355032290887641,3.0,8.821641722241905
base_C,J03WN1,8.798647623356663,3.799999999999997,22.45151356797913
base_C,J03WN1,17.25318811118688,5.199999999999989,15.713714126436175
base_C,J03WN1,5.187918657804877,2.5999999999999943,16.11583536684899
base_C,J03WN1,18.569760364635844,6.0,22.988754895260566
base_C,J03WN1,13.635754471242178,6.0,27.569948242039228
base_C,J03WN1,18.43423445657526,3.599999999999966,9.79824215626352
base_C,J03WN1,9.405370806087136,5.199999999999932,13.7150663386046
base_C,J03WN1,9.112129279153146,3.2000000000000455,15.637689821650572
base_C,J03WN1,10.780361775005208,6.0,25.883472710253347
base_C,J03WN1,7.556189515886959,3.0,32.800211378304155
base_C,J03WN1,8.123995322499676,2.599999999999909,18.7264745917311
base_C,J03WN1,11.311626761876473,4.399999999999977,17.772714955587002
base_C,J03WN1,11.716262202596873,2.6000000000000227,13.42776557003802
base_C,J03WN1,14.879092714275163,5.800000000000182,25.07326691511593
base_C,J03WN1,9.495651636407251,4.7999999999999545,30.242687408278602
base_C,J03WN1,4.4177935669276165,3.0,5.794951760923577
base_C,J03WN1,8.671239819080842,4.400000000000091,13.357441636312847
base_C,J03WN1,5.128001560062166,2.7999999999999545,11.515494504453615
base_C,J03WN1,10.57448343891963,3.599999999999909,24.086287712598008
base_C,J03WN1,5.973022685374635,2.599999999999909,17.077401166999707
base_C,J03WN1,8.377314605528436,4.0,35.48045890739117
base_C,J03WN1,11.870265371927538,4.199999999999818,14.476538826499045
base_C,J03WN1,7.844061448000013,6.0,23.437379385457263
base_C,J03WN1,5.98953253601677,2.599999999999909,9.644856569631427
base_C,J03WN1,4.343316705007825,3.2000000000000455,12.640833600013769
base_C,J03WN1,22.02493359808378,6.0,33.5346679565403
base_C,J03WN1,16.70775269149026,4.199999999999818,13.113835033948634
base_C,J03WN1,6.260742767437438,3.199999999999818,19.728379971471863
base_C,J03WN1,7.977750309454418,3.599999999999909,9.000749619268863
base_C,J03WN1,16.40219497506356,4.400000000000091,16.376008674462078
base_C,J03WN1,11.442141407970805,6.0,18.017022977489873
base_C,J03WN1,5.281401329192194,6.0,15.582433185462232
base_C,J03WN1,6.265819978262764,2.799999999999727,16.93725904948123
base_C,J03WN1,7.902708396495458,3.599999999999909,22.190850071111065
base_C,J03WN1,5.350084111489321,4.0,10.687299766884621
base_C,J03WN1,12.453292737265462,3.200000000000273,13.75868447883329
base_C,J03WN1,15.162931774559667,4.0,25.433136495677214
base_C,J03WOH,11.600096640001395,2.8000000000000003,16.509169519152262
base_C,J03WOH,9.995510597941372,6.0,13.046429015049512
base_C,J03WOH,9.393751310827021,3.1999999999999886,13.852323884696556
base_C,J03WOH,6.461407128568535,3.3999999999999773,9.431865226986076
base_C,J03WOH,8.843386594813477,2.7999999999999545,11.008419453454565
base_C,J03WOH,23.23024089480709,4.599999999999909,17.478389419349902
base_C,J03WOH,13.694293472672754,3.199999999999932,17.440978530973865
base_C,J03WOH,6.901757342980267,2.6000000000000227,13.892162527396412
base_C,J03WOH,5.601372400759885,4.2000000000000455,14.617284241571436
base_C,J03WOH,10.445698537716254,6.0,23.303762223501526
base_C,J03WOH,10.183655632637183,2.6000000000000227,12.129632316797242
base_C,J03WOH,13.81345250759322,5.600000000000023,35.13300466301109
base_C,J03WOH,4.007471337171889,4.600000000000023,10.41576677242222
base_C,J03WOH,9.402881082231968,3.6000000000000227,29.60014417760147
base_C,J03WOH,16.644170322406993,4.7999999999999545,35.721512575832804
base_C,J03WOH,4.991736489070689,4.599999999999909,10.832129730918368
base_C,J03WOH,10.623036330578248,2.599999999999909,21.374982822205986
base_C,J03WOH,5.3876120026311325,6.0,19.039348908572236
base_C,J03WOH,6.444936340358225,2.7999999999999545,12.85802290833466
base_C,J03WOH,12.007878127236902,6.0,21.240370391677814
base_C,J03WOH,8.303071991937475,2.7999999999999545,12.563883902368026
base_C,J03WOH,11.886504652586673,3.7999999999999545,20.351002646293466
base_C,J03WOH,12.173017759355183,5.199999999999818,15.322790913242981
base_C,J03WOH,12.41794779471752,4.2000000000000455,23.796674210468474
base_C,J03WOH,31.641782477146357,7.2000000000000455,29.434382196616177
base_C,J03WOH,8.316276962145349,3.400000000000091,5.462725382771269
base_C,J03WOH,8.707518961953646,3.0,15.599613750091969
base_C,J03WOH,12.133524719979505,3.0,21.67998943877408
base_C,J03WOH,11.536374426226015,3.199999999999818,33.0731611888214
base_C,J03WOH,7.652326382687809,3.0,9.265587238738496
base_C,J03WOH,5.595969011432448,2.800000000000182,17.616220368439997
base_C,J03WOH,12.195056377861325,3.200000000000273,17.017020434940747
base_C,J03WOH,8.33298335519453,3.200000000000273,20.53014850584441
base_C,J03WOH,12.167112390192578,3.0,13.789535430220027
base_C,J03WOH,9.841084322271637,2.799999999999727,18.75371651910752
base_C,J03WOH,7.8030485029804595,3.399999999999636,19.030673177075208
base_C,J03WOH,10.934486881098625,3.0,20.69928347537148
base_C,J03WOH,5.111853581914426,4.400000000000091,16.209276866993996
base_C,J03WOH,17.408844206043167,6.0,31.465762834964593
base_C,J03WOH,7.576563718786247,3.199999999999818,24.676602732665245
base_C,J03WOH,22.99511612388073,7.0,19.730655162922865
base_C,J03WOH,11.7250927668954,3.4000000000000004,24.817364072400025
base_C,J03WOH,7.094335814595578,2.799999999999997,10.644535464946191
base_C,J03WOH,5.6491581831223385,4.0,13.150605146669575
base_C,J03WOH,17.192411827953563,3.4000000000000057,26.986543305892347
base_C,J03WOH,10.597025179057203,3.8000000000000114,37.55529021055027
base_C,J03WOH,5.918179323455933,2.8000000000000114,7.337982192327738
base_C,J03WOH,9.411825724397035,4.199999999999989,28.53063268404703
base_C,J03WOH,8.706235353479538,3.1999999999999886,8.646978183557632
base_C,J03WOH,7.963088858738093,2.8000000000000114,25.6020359939301
base_C,J03WOH,8.22868315004309,3.0,15.536228619358479
base_C,J03WOH,13.655487382399807,3.6000000000000227,13.938358640246337
base_C,J03WOH,8.151700042038026,2.8000000000000114,9.318852173704968
base_C,J03WOH,7.5516408315830486,3.1999999999999886,20.535345187449504
base_C,J03WOH,5.836270463046489,6.0,10.627283220769545
base_C,J03WOH,5.2396068135201315,2.8000000000000114,7.874624946194022
base_C,J03WOH,12.060474073081354,3.0,25.98215101928288
base_C,J03WOH,5.832003806654557,2.6000000000000227,9.500970417084078
base_C,J03WOH,9.363768842098745,3.2000000000000455,8.322973457571752
base_C,J03WOH,8.316390016822062,3.0,13.363472128632566
base_C,J03WOH,8.285939517628307,3.0,17.978522701470297
base_C,J03WOH,9.123623134469543,3.2000000000000455,9.826664753410505
base_C,J03WOH,12.649318367390597,3.3999999999999773,27.071834582599188
base_C,J03WOH,6.441113744232807,3.199999999999932,16.40436575606963
base_C,J03WOH,22.658317244737766,5.2000000000000455,20.812814318501246
base_C,J03WOH,7.935253803591637,3.0,19.044243690959192
base_C,J03WOH,8.91249066214148,3.0,9.433670901983225
base_C,J03WOH,12.355847307965227,4.599999999999909,14.473487924254638
base_C,J03WOH,7.392339502877885,2.599999999999909,11.658582319630547
base_C,J03WOH,10.535202798862034,5.599999999999909,28.73909212052472
base_C,J03WOH,12.50108550393557,4.0,17.385389176060407
base_C,J03WOH,10.702013265220929,3.7999999999999545,16.664902832138026
base_C,J03WOH,11.237910527436515,3.2000000000000455,15.880200064845962
base_C,J03WOH,7.284013849926196,2.7999999999999545,15.700474580241561
base_C,J03WOH,11.246744928199638,2.6000000000001364,13.855342557586079
base_C,J03WOH,3.1713073649667094,3.199999999999818,13.905241688130547
base_C,J03WOH,10.248878087399781,6.0,16.919003857329542
base_C,J03WOH,14.162355290370316,4.599999999999909,20.017591779161584
base_C,J03WOH,8.791825900914247,2.6000000000001364,25.46622481218499
base_C,J03WOH,12.160162675087278,2.599999999999909,8.102997621324855
base_C,J03WOH,7.064741171321318,3.599999999999909,14.629249056707419
base_C,J03WOH,6.644170045622684,2.599999999999909,9.520747745938444
base_C,J03WOH,7.9433471999781275,2.599999999999909,16.530714319308053
base_C,J03WOH,9.446697835372728,3.799999999999727,24.287133714379827
base_C,J03WOH,19.401805575359415,3.199999999999818,24.235115164177643
base_C,J03WOH,6.844548641236965,5.199999999999818,14.170381911253688
base_C,J03WOH,4.97074480412631,3.599999999999909,15.86943770430183
base_C,J03WOY,9.42084441486433,2.8000000000000003,20.58771856329183
base_C,J03WOY,5.369499293095607,3.799999999999997,12.421319468284707
base_C,J03WOY,8.040803256976403,3.0,9.109586922319199
base_C,J03WOY,6.023735463610819,2.8000000000000114,9.320559136752703
base_C,J03WOY,18.663263215374535,6.0,40.72065582625697
base_C,J03WOY,8.8515631324506,3.0,10.409198781830352
base_C,J03WOY,10.569808635847396,6.0,29.045033948003777
base_C,J03WOY,6.9969889274785295,4.199999999999989,12.453837959797722
base_C,J03WOY,11.036926221972198,3.0,16.878008351977602
base_C,J03WOY,4.3987281056475,2.6000000000000227,8.998733371241084
base_C,J03WOY,7.464451362352534,3.0,12.199310652960074
base_C,J03WOY,7.731551369980384,2.7999999999999545,9.414751783032916
base_C,J03WOY,18.44412667673721,6.0,19.99617282716001
base_C,J03WOY,8.497476707204738,6.0,18.765056855860934
base_C,J03WOY,8.593756742383015,3.599999999999909,26.992493970629422
base_C,J03WOY,5.876671947031123,3.0,17.067939790865033
base_C,J03WOY,10.9099458252069,3.2000000000000455,10.24398509026763
base_C,J03WOY,22.437263494699614,6.0,17.627455459224876
base_C,J03WOY,18.63988071898887,3.7999999999999545,25.71237590559936
base_C,J03WOY,13.753485429072276,4.0,17.047547453944553
base_C,J03WOY,5.090942614531184,3.2000000000000455,15.818898011981709
base_C,J03WOY,11.447580107935059,4.0,23.710055217790718
base_C,J03WOY,12.47450024644499,4.0,22.871168727246676
base_C,J03WOY,4.000882888953417,2.6000000000001364,10.781216209627274
base_C,J03WOY,10.16655893571838,8.399999999999864,18.5886148274377
base_C,J03WOY,15.896812464572317,4.399999999999864,20.028639597612163
base_C,J03WOY,9.894754418468505,3.0,17.583052378195546
base_C,J03WOY,6.71362976594824,6.0,21.669549998959397
base_C,J03WOY,7.9812546551077626,6.0,6.13945549395825
base_C,J03WOY,10.140929924091001,3.3999999999998636,22.57905878687179
base_C,J03WOY,16.783839914395834,6.199999999999818,28.0376313997628
base_C,J03WOY,11.305467657505993,4.200000000000273,16.900374068739445
base_C,J03WOY,9.600712409585121,2.599999999999909,14.513091523096591
base_C,J03WOY,12.223778526094495,4.199999999999818,14.488690151705667
base_C,J03WOY,6.86591305534057,2.599999999999909,10.4253103695692
base_C,J03WOY,9.11274465355033,6.0,18.529333297055416
base_C,J03WOY,13.869883960944861,4.400000000000091,35.41376907900549
base_C,J03WOY,8.745353096825024,6.0,33.57840286734687
base_C,J03WOY,4.904515644298672,4.599999999999909,22.885849247053834
base_C,J03WOY,10.525685001168345,3.799999999999727,23.834108246520344
base_C,J03WOY,8.398048938539983,3.0,17.563495035593334
base_C,J03WOY,6.58960641286625,6.0,30.51894890793019
base_C,J03WOY,7.8312182879555134,2.599999999999909,13.397403765821286
base_C,J03WOY,7.142224933526818,2.599999999999909,15.947619644352713
base_C,J03WOY,9.690046297099308,2.5999999999999996,22.728191591645878
base_C,J03WOY,15.40409463482858,3.5999999999999943,19.942964270280008
base_C,J03WOY,7.186072196605089,6.0,14.48885794978342
base_C,J03WOY,4.501113960623753,3.0,13.422256961394968
base_C,J03WOY,4.91137240095913,3.599999999999966,17.171448897629688
base_C,J03WOY,12.022362840833857,5.399999999999977,15.797865947332586
base_C,J03WOY,8.152573901135373,2.8000000000000114,9.845500564266413
base_C,J03WOY,10.295330410385873,6.0,7.782742958886576
base_C,J03WOY,20.492727382206745,6.0,19.70351395564616
base_C,J03WOY,12.629570172466282,4.2000000000000455,11.673230255611088
base_C,J03WOY,10.177659928454972,4.0,15.894691670630845
base_C,J03WOY,14.685528749760255,6.0,29.704916025077353
base_C,J03WOY,25.696651443486516,6.600000000000023,26.04394401050248
base_C,J03WOY,7.331575324945727,3.2000000000000455,3.681740724629972
base_C,J03WOY,8.485304424563418,3.199999999999932,18.90540002186022
base_C,J03WOY,10.386509208267801,4.399999999999977,21.090355457025353
base_C,J03WOY,17.6645888116095,5.7999999999999545,17.528421628817426
base_C,J03WOY,8.561834427097853,3.199999999999818,19.749277061967042
base_C,J03WOY,17.55987034677547,6.0,15.39486170581967
base_C,J03WOY,14.863749921871648,6.0,10.969856655913384
base_C,J03WOY,7.721331052314065,5.0,7.816619641811242
base_C,J03WOY,4.238789589419942,3.400000000000091,6.459336654307474
base_C,J03WOY,9.137084426544462,3.6000000000001364,9.791954172571282
base_C,J03WOY,10.452410979705807,3.2000000000000455,17.067561706651077
base_C,J03WOY,14.634022502812673,3.7999999999999545,19.265070170277603
base_C,J03WOY,4.655878738838687,2.7999999999999545,18.029298773394196
base_C,J03WOY,17.547842834197603,4.7999999999999545,26.751116236505432
base_C,J03WOY,9.618740662610463,3.3999999999998636,24.730998345273406
base_C,J03WOY,13.500139898046797,6.0,21.74981293223902
base_C,J03WOY,13.052261895524492,6.0,15.670148764791307
base_C,J03WOY,3.9974898468744122,4.2000000000000455,24.165254402706807
base_C,J03WOY,21.22545111586974,4.600000000000364,21.44675144109799
base_C,J03WOY,37.6191277835502,8.600000000000364,35.791748042926955
base_C,J03WOY,14.644829330306724,4.599999999999909,17.017011103749883
base_C,J03WOY,9.115664330540827,2.599999999999909,13.237914801208527
base_C,J03WOY,9.19766298038678,6.0,16.91952295992744
base_C,J03WOY,9.074593128720906,5.799999999999727,27.875801923370148
base_C,J03WOY,7.017331414456384,3.799999999999727,12.28332337297061
base_C,J03WOY,9.881212940830604,4.0,24.44245835637163
base_C,J03WOY,17.030273420809458,5.400000000000091,23.558399144431938
base_C,J03WOY,7.802864306788921,6.0,17.525130700312655
base_C,J03WOY,4.190163864844036,2.599999999999909,11.340818395744083
base_C,J03WOY,6.8068735565967735,2.599999999999909,14.428357741841282
base_C,J03WOY,15.492765042469562,6.0,38.20566762348922
base_C,J03WQQ,37.88458423308117,7.599999999999994,31.92300923114439
base_C,J03WQQ,7.958618746040097,3.4000000000000057,7.488812832267513
base_C,J03WQQ,6.6675085077322755,2.8000000000000114,13.567680266829
base_C,J03WQQ,6.037782558208008,6.0,11.463804377924568
base_C,J03WQQ,13.087757881884055,3.7999999999999545,17.22078575324616
base_C,J03WQQ,6.78731290295981,4.0,12.284120656537755
base_C,J03WQQ,4.7455609773990615,2.599999999999909,4.530129130487235
base_C,J03WQQ,4.284772071334645,2.6000000000000227,13.518170037127206
base_C,J03WQQ,21.725846927194212,4.599999999999909,22.800489009409027
base_C,J03WQQ,5.9368426816135464,2.6000000000000227,10.577041275007133
base_C,J03WQQ,10.727434836941715,5.0,17.53463695318335
base_C,J03WQQ,11.91408928048758,2.7999999999999545,14.757374558277192
base_C,J03WQQ,14.794964656424277,3.599999999999909,15.381616329303863
base_C,J03WQQ,7.937145377527427,3.0,15.219625121158135
base_C,J03WQQ,7.086197585878909,2.6000000000001364,11.267145917847913
base_C,J03WQQ,5.095897237083138,3.2000000000000455,14.74555419992046
base_C,J03WQQ,4.7205281916992,2.7999999999999545,16.033231390847813
base_C,J03WQQ,10.337248705406365,2.599999999999909,9.862591210315644
base_C,J03WQQ,15.142586019370896,6.0,18.17948639091803
base_C,J03WQQ,18.10110732208097,6.0,22.741230049105788
base_C,J03WQQ,9.317458635020834,3.2000000000000455,10.641012512112628
base_C,J03WQQ,14.550476672884567,5.0,29.061948475453125
base_C,J03WQQ,9.009227140367292,3.599999999999909,16.96160642284564
base_C,J03WQQ,5.037432171635018,2.599999999999909,16.11742557183382
base_C,J03WQQ,3.0704569887530315,2.599999999999909,6.873126123944268
base_C,J03WQQ,3.3160659376002846,4.399999999999864,11.837568691004774
base_C,J03WQQ,7.51643847064319,3.599999999999909,9.194629862719946
base_C,J03WQQ,39.17464105457645,13.600000000000136,27.91729552610488
base_C,J03WQQ,5.705480125690874,2.6000000000001364,12.249649679253356
base_C,J03WQQ,7.5429101833189245,2.7999999999999545,15.826822219623933
base_C,J03WQQ,8.232444302824176,3.6000000000001364,14.305108160787913
base_C,J03WQQ,8.22477030132831,2.799999999999727,16.58673744978613
base_C,J03WQQ,8.461790087989048,6.0,25.560420211752437
base_C,J03WQQ,9.37802447769375,3.600000000000364,16.332233459883884
base_C,J03WQQ,4.333741205268204,3.800000000000182,14.18849751282992
base_C,J03WQQ,12.902971867197781,3.0,23.17600106713943
base_C,J03WQQ,15.328109569009928,4.800000000000182,18.3605544217291
base_C,J03WQQ,7.654666137311649,2.799999999999727,18.30771846026053
base_C,J03WQQ,14.159349866247847,6.0,14.108171079224075
base_C,J03WQQ,6.009070063508295,3.0,14.83097283139806
base_C,J03WQQ,6.9649151906795534,2.6000000000000005,16.753229166839198
base_C,J03WQQ,12.029358876885352,6.0,14.595744890779887
base_C,J03WQQ,28.24010319786084,5.400000000000006,21.91290392950806
base_C,J03WQQ,13.525307034220466,4.199999999999989,27.61295376926207
base_C,J03WQQ,10.834497222824295,4.2000000000000455,15.737716403325592
base_C,J03WQQ,4.4841795660394315,4.7999999999999545,21.239299452864703
base_C,J03WQQ,5.669914379607998,2.8000000000000114,17.663631279524267
base_C,J03WQQ,6.56957226152382,3.1999999999999886,12.383906527473066
base_C,J03WQQ,7.980051833899944,3.8000000000000114,23.43886129458389
base_C,J03WQQ,7.737767071155346,2.8000000000000114,19.803013588559182
base_C,J03WQQ,8.514499448453748,6.0,18.648528851901794
base_C,J03WQQ,10.116394831694457,4.2000000000000455,12.883510736245679
base_C,J03WQQ,9.285310220304344,3.800000000000068,19.062923157070344
base_C,J03WQQ,3.6874602056857597,3.0,10.311280947732882
base_C,J03WQQ,14.588533302926674,4.2000000000000455,28.805506651472243
base_C,J03WQQ,12.278619629258005,3.6000000000000227,14.809485885211565
base_C,J03WQQ,7.373960943753139,2.7999999999999545,12.663381511740521
base_C,J03WQQ,16.494353579331108,4.0,22.29122862069485
base_C,J03WQQ,8.329045563568187,3.3999999999998636,16.07742887013926
base_C,J03WQQ,15.290284497026208,4.400000000000091,15.117870768689714
base_C,J03WQQ,8.578169968005996,3.0,11.08454694891786
base_C,J03WQQ,10.000004999998755,3.599999999999909,13.988558967766098
base_C,J03WQQ,3.950658173013768,3.0,22.159473992684774
base_C,J03WQQ,9.130744766995074,3.800000000000182,19.177639569364658
base_C,J03WQQ,6.876401675295254,6.0,10.219109867482262
base_C,J03WQQ,9.57548954362174,3.0,19.709625273110692
base_C,J03WQQ,8.74547311470334,2.7999999999999545,9.199028887829625
base_C,J03WQQ,22.520035523949897,5.7999999999999545,20.014591455624224
base_C,J03WQQ,11.394568881708796,3.0,25.84750330190948
base_C,J03WQQ,6.397655820689323,2.599999999999909,14.091375318449108
base_C,J03WQQ,10.76987000850035,4.399999999999864,12.563218516512658
base_C,J03WQQ,21.899004543587125,4.800000000000182,24.67035124492789
base_C,J03WQQ,8.304149565128442,2.800000000000182,13.996740094022051
base_C,J03WQQ,6.6368215284132885,6.0,11.599285365819664
base_C,J03WQQ,8.839711533754931,6.0,15.853000000172319
base_C,J03WQQ,6.008901729934917,3.600000000000364,14.367260555728066
base_C,J03WQQ,3.82388545853559,3.0,9.158264102921708
base_C,J03WQQ,24.589042274964676,6.199999999999818,19.649707588381528
base_C,J03WQQ,8.775477195003088,4.0,25.915698795427087
base_C,J03WQQ,24.108606347112936,8.400000000000091,31.329092120421347
base_C,J03WQQ,9.024965373894794,5.0,23.42323611435557
base_C,J03WQQ,6.396256717798863,5.400000000000091,18.720150902053103
base_C,J03WQQ,7.368921223625614,2.599999999999909,11.045254665934914
base_C,J03WQQ,13.054386236049345,2.799999999999727,17.067145559673353
base_C,J03WQQ,8.319260784469652,3.400000000000091,26.295758862902325
base_C,J03WR9,14.335764534043916,4.2,34.07272612884272
base_C,J03WR9,22.026601667230608,5.000000000000002,22.73242194870015
base_C,J03WR9,10.149240355250448,5.600000000000001,16.51977057081507
base_C,J03WR9,7.661866729860335,6.0,14.850117390585066
base_C,J03WR9,8.433909221141054,2.6000000000000227,15.521599234745146
base_C,J03WR9,9.883465491935656,4.399999999999977,19.399453875957462
base_C,J03WR9,5.576156845905164,2.5999999999999943,10.075692355185833
base_C,J03WR9,17.782757061349642,6.0,24.46063085326209
base_C,J03WR9,4.737226034274213,3.1999999999999886,8.710761335078288
base_C,J03WR9,12.083411335907474,3.4000000000000057,12.173050510477353
base_C,J03WR9,7.1894522699751064,2.599999999999966,11.230064361539931
base_C,J03WR9,7.332899160019899,2.8000000000000114,9.443516871068383
base_C,J03WR9,7.717478174640434,2.8000000000000114,7.154676959664424
base_C,J03WR9,8.755670351914443,3.400000000000034,15.75511602821747
base_C,J03WR9,5.623133682955373,5.800000000000011,19.8401386041489
base_C,J03WR9,11.013348376502101,5.399999999999977,14.873502158409114
base_C,J03WR9,8.647226161326675,5.2000000000000455,28.903387421431617
base_C,J03WR9,7.8921150656146715,5.199999999999932,8.585314326820818
base_C,J03WR9,6.625598749111602,2.599999999999909,7.250716705972584
base_C,J03WR9,7.791766503853814,2.6000000000000227,16.62831701041811
base_C,J03WR9,14.369353561778611,3.0,15.017904946381599
base_C,J03WR9,8.380945656705851,3.3999999999999773,12.517599786641352
base_C,J03WR9,10.883091809557637,3.400000000000091,17.17902445419103
base_C,J03WR9,5.479720451600901,2.599999999999909,9.054384427310001
base_C,J03WR9,14.391744883033438,5.400000000000091,23.381185406674696
base_C,J03WR9,9.004354613734979,3.2000000000000455,15.481301347217602
base_C,J03WR9,9.703083372419643,4.400000000000091,9.811096643363303
base_C,J03WR9,8.662778797267698,6.0,22.567178423976234
base_C,J03WR9,4.426796227380486,3.400000000000091,11.533279553759025
base_C,J03WR9,7.576749295899922,3.2000000000000455,21.820580756812873
base_C,J03WR9,9.004643182976535,3.2000000000000455,22.95471056218294
base_C,J03WR9,8.897445070578925,4.600000000000136,13.41034063610375
base_C,J03WR9,13.64079756293881,5.0,20.060203148378843
base_C,J03WR9,11.369668840164419,6.0,16.397375298521354
base_C,J03WR9,26.11271425621584,6.400000000000091,24.41598015043312
base_C,J03WR9,21.876865504899527,3.799999999999727,20.404458131757238
base_C,J03WR9,13.487102115653343,4.399999999999636,24.712888187092044
base_C,J03WR9,6.641851269261048,3.400000000000091,17.552359451663577
base_C,J03WR9,6.566085347119087,3.0,22.981709046118084
base_C,J03WR9,4.017324630614279,4.0,8.303664634817993
base_C,J03WR9,10.286227637876781,3.200000000000273,19.15396831173746
base_C,J03WR9,21.760715594795347,4.599999999999909,21.94088900680037
base_C,J03WR9,7.501643936300796,6.0,15.521395745513278
base_C,J03WR9,7.1126771076320505,6.0,16.820742936335407
base_C,J03WR9,7.3059017239489314,6.0,11.906323435638374
base_C,J03WR9,12.234941765288463,6.0,18.52403945112594
base_C,J03WR9,8.66157606905348,3.799999999999997,22.95456934394582
base_C,J03WR9,7.207364289391786,2.5999999999999943,26.436551893247568
base_C,J03WR9,8.32598943069234,6.0,20.610794306747433
base_C,J03WR9,11.507189057280709,6.0,19.512546938882103
base_C,J03WR9,10.294857939767832,5.599999999999966,29.485838326054385
base_C,J03WR9,5.0505643249049506,2.800000000000068,13.315353727220677
base_C,J03WR9,12.921950317192827,6.0,36.065633108890296
base_C,J03WR9,16.600192769965055,6.0,28.144415221279555
base_C,J03WR9,10.57783531730382,4.400000000000091,8.63180142446168
base_C,J03WR9,4.892862148068345,4.0,10.166088934907238
base_C,J03WR9,4.136967488391103,2.6000000000001364,21.126178736440306
base_C,J03WR9,11.460794038809004,5.0,38.30916441214969
base_C,J03WR9,7.349136003639845,2.599999999999909,14.405858340274165
base_C,J03WR9,14.71674216666175,6.0,15.893299975383336
base_C,J03WR9,17.884619090157845,4.400000000000091,23.015654072505676
base_C,J03WR9,7.637047858957021,6.0,24.25406304161088
base_C,J03WR9,10.79082943985381,6.0,32.62209624285411
base_C,J03WR9,20.036179775595944,6.0,20.69320871158133
base_C,J03WR9,10.542736836324806,3.2000000000000455,31.94131950396107
base_C,J03WR9,11.5617386235808,3.799999999999727,32.06882633325848
base_C,J03WR9,17.130105078488167,6.0,16.62910294146255
base_C,J03WR9,9.033825324857355,2.800000000000182,20.37064609828275
base_C,J03WR9,12.365055600360959,6.0,11.686941153700513
base_C,J03WR9,12.251224428603052,5.800000000000182,15.5781305411958
base_C,J03WR9,12.495775286071453,4.0,13.113134262128739
base_C,J03WR9,7.300746537170015,6.0,14.330460213425283
base_C,J03WR9,7.282341656364154,2.599999999999909,16.038428679867643
base_C,J03WR9,6.483085685073262,5.199999999999818,15.872379399425547
base_C,J03WR9,10.59393222557139,6.0,22.158612383888475
coupled_C,Sample_Game_1,23.53826697356149,4.199999999999996,13.88700746536945
coupled_C,Sample_Game_1,7.049903696665439,2.6000000000000227,8.346037535631455
coupled_C,Sample_Game_1,11.45500911020467,6.0,12.777634414301845
coupled_C,Sample_Game_1,7.031447225914726,2.8000000000000114,12.120166585869846
coupled_C,Sample_Game_1,5.355965979053622,6.0,7.750166953192207
coupled_C,Sample_Game_1,11.683364653676264,3.8000000000000114,11.118375158297045
coupled_C,Sample_Game_1,6.640505908448861,6.0,7.270068201979456
coupled_C,Sample_Game_1,5.317803144827266,4.2000000000000455,11.251150807352847
coupled_C,Sample_Game_1,20.63245224397057,5.399999999999977,34.7464115792251
coupled_C,Sample_Game_1,34.055491974058114,6.399999999999977,21.412096981589364
coupled_C,Sample_Game_1,6.478681863224381,6.0,8.835610492147929
coupled_C,Sample_Game_1,5.406695786324335,3.2000000000000455,12.307833454056368
coupled_C,Sample_Game_1,11.00173113427082,6.0,13.493798534054726
coupled_C,Sample_Game_1,8.508565398304611,2.6000000000000227,8.976101428022154
coupled_C,Sample_Game_1,9.500059669344967,3.0,12.271492063219503
coupled_C,Sample_Game_1,6.484175323957307,2.7999999999999545,10.673612115529204
coupled_C,Sample_Game_1,3.9818558382932654,6.0,9.419119732546909
coupled_C,Sample_Game_1,7.391094420825013,3.6000000000000227,12.774726891668351
coupled_C,Sample_Game_1,10.258966717692907,3.3999999999998636,14.52245262536136
coupled_C,Sample_Game_1,5.880744391937213,2.7999999999999545,8.395671927112865
coupled_C,Sample_Game_1,10.240937146032746,4.399999999999864,21.33099828522173
coupled_C,Sample_Game_1,6.07380310319582,6.0,8.07686978148394
coupled_C,Sample_Game_1,5.525670679289977,2.7999999999999545,9.355888613209363
coupled_C,Sample_Game_1,4.1066567476591604,6.0,19.919613342617538
coupled_C,Sample_Game_1,6.708047637944165,3.0,16.33772051129707
coupled_C,Sample_Game_1,6.5294161145434675,2.6000000000001364,10.36088987468964
coupled_C,Sample_Game_1,6.490423130102079,6.0,10.691925989190043
coupled_C,Sample_Game_1,10.065749645513971,5.0,17.916397395849422
coupled_C,Sample_Game_1,10.154012171400385,2.7999999999999545,7.722944591750714
coupled_C,Sample_Game_1,14.572785752717625,5.2000000000000455,12.652461002115487
coupled_C,Sample_Game_1,7.301046518262167,2.7999999999999545,7.807757763552706
coupled_C,Sample_Game_1,3.545002240360583,2.599999999999909,13.138464704780935
coupled_C,Sample_Game_1,22.381386482314454,5.2000000000000455,22.050897886453228
coupled_C,Sample_Game_1,11.41937225038657,6.0,27.530151760917054
coupled_C,Sample_Game_1,7.182602391123903,3.0,14.96899768490918
coupled_C,Sample_Game_1,10.101398413477032,3.799999999999727,18.29393142315309
coupled_C,Sample_Game_1,12.448679240682349,3.0,15.396000902963195
coupled_C,Sample_Game_1,6.990738622575469,6.0,9.384330618584329
coupled_C,Sample_Game_1,7.048367703420063,3.599999999999909,9.501009885082546
coupled_C,Sample_Game_1,10.228871141698047,2.800000000000182,10.330367400402352
coupled_C,Sample_Game_1,9.213023130836326,6.0,8.137714299719079
coupled_C,Sample_Game_1,10.812851995606339,3.599999999999909,9.642605477966423
coupled_C,Sample_Game_1,22.686261961305124,7.199999999999818,23.71534395458613
coupled_C,Sample_Game_1,8.451828147514611,3.599999999999909,14.733170359607401
coupled_C,Sample_Game_1,22.626384234095756,6.600000000000364,20.10886339041494
coupled_C,Sample_Game_1,4.428111464052483,6.0,8.416599182916366
coupled_C,Sample_Game_1,13.74143730231414,3.799999999996544,15.955635852740134
coupled_C,Sample_Game_1,4.538052874267189,2.9999999999972715,10.342976776071703
coupled_C,Sample_Game_1,9.481589324926757,6.0,10.555529158926
coupled_C,Sample_Game_1,10.923814595456108,6.0,44.20346309311026
coupled_C,Sample_Game_1,6.840434693054403,2.9999999999972715,13.631332405561455
coupled_C,Sample_Game_1,6.518010875763573,3.599999999996726,14.264503947699954
coupled_C,Sample_Game_1,11.912525545626604,6.0,21.593092807299257
coupled_C,Sample_Game_1,9.631822891664982,5.999999999994543,13.518002072988871
coupled_C,Sample_Game_1,27.711225045162816,5.799999999994725,19.61274606024016
coupled_C,Sample_Game_1,7.614193721606352,2.5999999999976353,11.732079896527685
coupled_C,Sample_Game_1,10.035060235825728,6.0,7.873326268348626
coupled_C,Sample_Game_1,7.060692248761512,3.1999999999970896,10.124650008215923
coupled_C,Sample_Game_1,5.918484715250138,2.7999999999974534,14.224984677039714
coupled_C,Sample_Game_1,6.219767615758608,2.7999999999974534,6.686466752828627
coupled_C,Sample_Game_1,13.954957103320183,6.0,28.879876742285596
coupled_C,Sample_Game_1,7.588935333845024,6.0,15.758130252880871
coupled_C,Sample_Game_1,14.30402420567233,6.0,28.06582094851256
coupled_C,Sample_Game_1,12.356759183181211,3.3999999999969077,17.76364903875966
coupled_C,Sample_Game_1,13.622325770207613,6.0,14.401537875912528
coupled_C,Sample_Game_1,8.161207188750684,6.0,15.63169997850362
coupled_C,Sample_Game_1,4.429026639840979,3.3999999999969077,18.720203713844494
coupled_C,Sample_Game_1,7.254482042695811,6.0,20.988896232273206
coupled_C,Sample_Game_1,13.779810491600845,2.7999999999974534,18.048002954471208
coupled_C,Sample_Game_1,8.954630798663665,2.7999999999974534,10.053952104199182
coupled_C,Sample_Game_1,25.950946554585542,6.799999999993815,21.498550512448674
coupled_C,Sample_Game_1,6.247398855362115,2.599999999996726,9.473593563021188
coupled_C,Sample_Game_1,15.052804293092738,6.0,14.834829930125787
coupled_C,Sample_Game_1,17.64356160237321,3.999999999996362,26.347601494100154
coupled_C,Sample_Game_1,21.97703995729482,5.599999999994907,24.040901052650554
coupled_C,Sample_Game_1,5.915488795316396,3.599999999996726,10.826683131230766
coupled_C,Sample_Game_1,2.6149793866171462,3.7999999999974534,6.739725401943586
coupled_C,Sample_Game_1,8.255472249098286,3.1999999999970896,14.942301549729258
coupled_C,Sample_Game_1,12.199374195533721,6.0,16.35429111304214
coupled_C,Sample_Game_1,3.7237088481848786,3.599999999996726,14.290393879279609
coupled_C,Sample_Game_1,11.049943950559062,4.399999999995998,11.43372650147063
coupled_C,Sample_Game_1,5.295661720084402,5.999999999994543,10.228925135273832
coupled_C,Sample_Game_1,7.581556090089216,4.999999999994543,17.9448007709845
coupled_C,Sample_Game_1,27.302447397947198,5.399999999994179,17.250808464601477
coupled_C,Sample_Game_1,6.24335456880582,3.999999999996362,14.858067244367508
coupled_C,Sample_Game_1,7.048708480773619,2.7999999999974534,13.36441662519552
coupled_C,Sample_Game_1,4.055397238833798,2.599999999998545,12.33283647219124
coupled_C,Sample_Game_1,4.356184024805382,2.599999999996726,10.751485935128468
coupled_C,Sample_Game_1,2.368837907089131,4.399999999995998,5.415756505656708
coupled_C,Sample_Game_1,5.519524542841276,6.0,31.746846539951136
coupled_C,Sample_Game_1,20.50789712230222,5.399999999995998,16.146648345525993
coupled_C,Sample_Game_1,10.938411282670577,3.599999999996726,13.673959879026745
coupled_C,Sample_Game_1,7.747187069037207,2.599999999996726,12.995933751230515
coupled_C,Sample_Game_1,8.90555554974684,6.0,24.884906589718177
coupled_C,Sample_Game_1,3.514471755579569,5.199999999995271,12.670343122753522
coupled_C,Sample_Game_1,23.83565884892096,4.799999999995634,25.83106340680597
coupled_C,Sample_Game_2,6.244908832221478,2.8000000000000043,10.571093645122659
coupled_C,Sample_Game_2,7.363517652805337,3.6000000000000085,9.320761845484109
coupled_C,Sample_Game_2,10.199429499563855,3.200000000000003,11.38884042241188
coupled_C,Sample_Game_2,5.263571279324251,3.200000000000017,14.449792503788457
coupled_C,Sample_Game_2,4.496065749443428,6.0,11.796366499835807
coupled_C,Sample_Game_2,6.784607259295374,3.0,10.700099885730666
coupled_C,Sample_Game_2,10.060803318119959,3.6000000000000227,17.480365154113223
coupled_C,Sample_Game_2,8.624789348637865,2.6000000000000227,10.128381155816689
coupled_C,Sample_Game_2,5.474208820241411,2.599999999999909,12.429700483385577
coupled_C,Sample_Game_2,7.7727831736587945,3.0,8.776007803055371
coupled_C,Sample_Game_2,9.164819793983328,3.199999999999932,21.015166218492173
coupled_C,Sample_Game_2,8.739585514173083,3.0,13.16269286456166
coupled_C,Sample_Game_2,9.572501022660036,3.7999999999999545,11.955894509285075
coupled_C,Sample_Game_2,6.321723833147275,4.0,14.478587932756408
coupled_C,Sample_Game_2,8.782721560247115,6.0,19.66691099356632
coupled_C,Sample_Game_2,16.270027142116827,8.0,22.765790930982924
coupled_C,Sample_Game_2,17.128500864135205,5.7999999999999545,20.6167428401495
coupled_C,Sample_Game_2,10.500508343595524,2.800000000000182,21.872096897365907
coupled_C,Sample_Game_2,11.861668972136854,5.0,37.50519223230797
coupled_C,Sample_Game_2,9.935140904657725,3.7999999999999545,15.21856875640049
coupled_C,Sample_Game_2,10.13826307773271,6.0,14.838708223321161
coupled_C,Sample_Game_2,22.778347720266964,6.0,32.79154786282009
coupled_C,Sample_Game_2,13.554158921745376,6.0,20.675225539374562
coupled_C,Sample_Game_2,4.920417008479731,3.599999999999909,24.171711479403584
coupled_C,Sample_Game_2,5.7581217965964715,2.7999999999999545,13.41078508176193
coupled_C,Sample_Game_2,7.342967937040426,2.599999999999909,10.025344244458672
coupled_C,Sample_Game_2,26.566300350044422,5.7999999999999545,17.8993589287418
coupled_C,Sample_Game_2,9.66663552171002,4.0,23.686839444866827
coupled_C,Sample_Game_2,5.304817442402883,3.0,20.285947669638706
coupled_C,Sample_Game_2,7.757569474705937,2.800000000000182,20.858076968700075
coupled_C,Sample_Game_2,7.567997251275333,6.0,15.981665657416311
coupled_C,Sample_Game_2,4.162519034280405,2.599999999999909,13.299151507461158
coupled_C,Sample_Game_2,12.285152492179986,5.199999999995271,16.066069578492815
coupled_C,Sample_Game_2,22.34283660061609,6.0,11.799050869271499
coupled_C,Sample_Game_2,5.230070326280732,3.1999999999970896,7.74761197193145
coupled_C,Sample_Game_2,7.331561166926316,6.0,6.803529869322057
coupled_C,Sample_Game_2,4.782549539227371,6.0,12.11759230741614
coupled_C,Sample_Game_2,17.822760799561273,6.0,12.092443976385557
coupled_C,Sample_Game_2,16.396916104579432,6.0,26.964607262271105
coupled_C,Sample_Game_2,13.980608111138164,5.999999999994543,19.72504037296425
coupled_C,Sample_Game_2,6.613072054234611,3.1999999999970896,11.27125825398075
coupled_C,Sample_Game_2,8.234544032853643,6.0,13.366309008854827
coupled_C,Sample_Game_2,16.777467522559753,6.0,15.095988535291422
coupled_C,Sample_Game_2,5.559724685229645,5.799999999994725,30.632390762493586
coupled_C,Sample_Game_2,7.575699394336301,2.9999999999972715,13.29177569008882
coupled_C,Sample_Game_2,9.871359512514596,6.0,12.072357046275947
coupled_C,Sample_Game_2,5.226824075920467,6.0,13.576828688791538
coupled_C,Sample_Game_2,10.674131899271966,5.799999999994725,13.850380685993379
coupled_C,Sample_Game_2,2.999757189694174,2.5999999999976353,5.342201058383972
coupled_C,Sample_Game_2,10.521548259064218,6.0,20.841084203740074
coupled_C,Sample_Game_2,5.35765582434334,2.5999999999976353,10.609404352882862
coupled_C,Sample_Game_2,8.124151404263474,3.1999999999970896,9.089418549668878
coupled_C,Sample_Game_2,7.15759232367826,5.399999999995089,11.388427302637297
coupled_C,Sample_Game_2,8.101930881200708,3.1999999999970896,23.773242352059775
coupled_C,Sample_Game_2,11.580822937646015,6.0,12.860246495607687
coupled_C,Sample_Game_2,6.541120624285961,6.0,10.625495623727797
coupled_C,Sample_Game_2,20.716255093453825,4.599999999995816,21.14191116919004
coupled_C,Sample_Game_2,6.628203858786636,3.799999999996544,8.312634158890202
coupled_C,Sample_Game_2,8.202560750361087,3.599999999996726,6.8008722880244585
coupled_C,Sample_Game_2,4.473683695156967,6.0,5.968049908835565
coupled_C,Sample_Game_2,7.184966553321878,4.599999999995816,15.40157575753441
coupled_C,Sample_Game_2,5.05414959667117,6.0,9.719434463218203
coupled_C,Sample_Game_2,5.197042418788846,2.5999999999976353,8.420632047088052
coupled_C,Sample_Game_2,12.545243971839028,4.19999999999618,15.768966077234836
coupled_C,Sample_Game_2,28.101831995422437,5.399999999995089,15.683887779504914
coupled_C,Sample_Game_2,21.19130811251864,6.0,24.12485509138471
coupled_C,Sample_Game_2,8.449542524266112,5.999999999994543,10.816450658082292
coupled_C,Sample_Game_2,10.294604779727209,4.19999999999618,15.985876245917648
coupled_C,Sample_Game_2,5.353872730904429,6.0,7.654282719165813
coupled_C,Sample_Game_2,2.5405702314358938,3.599999999996726,14.899660197692576
coupled_C,Sample_Game_2,6.995970060955379,3.1999999999970896,19.23519846535501
coupled_C,Sample_Game_3,11.66133251077638,6.0,20.48485655726755
coupled_C,Sample_Game_3,16.03653070304081,4.399999999999977,27.342587511431127
coupled_C,Sample_Game_3,17.747560518758853,5.999999999999972,25.930286066608076
coupled_C,Sample_Game_3,7.367447798601927,4.399999999999977,13.877391039207577
coupled_C,Sample_Game_3,14.223892684801921,6.0,16.87931290218347
coupled_C,Sample_Game_3,6.96639066713481,2.599999999999966,16.149040994100243
coupled_C,Sample_Game_3,9.281612184702817,5.399999999999977,14.230920402125749
coupled_C,Sample_Game_3,13.007939019710356,6.0,12.54216239532546
coupled_C,Sample_Game_3,7.992677876876781,3.0,12.863416461888662
coupled_C,Sample_Game_3,15.18336132990698,6.0,24.477032521477845
coupled_C,Sample_Game_3,12.78600776664436,5.399999999999977,15.854955686710683
coupled_C,Sample_Game_3,8.050776009636875,3.599999999999909,12.833860238919211
coupled_C,Sample_Game_3,6.691080463152527,2.6000000000000227,11.727056330699597
coupled_C,Sample_Game_3,13.618930827546738,6.0,12.688615105810094
coupled_C,Sample_Game_3,7.7169833683720395,3.199999999999932,11.685815118108064
coupled_C,Sample_Game_3,11.890620007692863,3.7999999999999545,16.306353400432663
coupled_C,Sample_Game_3,9.758358311025518,4.600000000000023,15.336459344724961
coupled_C,Sample_Game_3,7.169798099650663,3.6000000000000227,18.73410728805686
coupled_C,Sample_Game_3,5.2030437642601886,3.800000000000068,10.66133741441821
coupled_C,Sample_Game_3,12.383053134038459,4.199999999999932,24.612600759963218
coupled_C,Sample_Game_3,6.183178416593705,4.199999999999932,13.983723926598753
coupled_C,Sample_Game_3,7.837389709300439,3.2000000000000455,16.68033091759709
coupled_C,Sample_Game_3,4.6661455798353115,3.6000000000000227,10.015543820958086
coupled_C,Sample_Game_3,9.205179226167878,3.0,19.89290890017762
coupled_C,Sample_Game_3,15.331740675047717,5.800000000000182,31.047576454392694
coupled_C,Sample_Game_3,11.383106975985761,3.2000000000000455,19.365633499878093
coupled_C,Sample_Game_3,14.053141355883703,5.599999999999909,28.70185143283593
coupled_C,Sample_Game_3,10.98274201901668,3.400000000000091,13.572081471333778
coupled_C,Sample_Game_3,4.167331342183537,3.2000000000000455,10.806205741879014
coupled_C,Sample_Game_3,9.909581735337417,6.0,13.932285954771361
coupled_C,Sample_Game_3,9.504880693017812,3.7999999999999545,15.640133963240174
coupled_C,Sample_Game_3,16.46356869987151,6.0,17.47354846274327
coupled_C,Sample_Game_3,10.907650654153755,6.0,27.109685650479953
coupled_C,Sample_Game_3,10.41753788522865,6.0,23.793121805806493
coupled_C,Sample_Game_3,9.666636613485693,3.2000000000000455,11.073812757038564
coupled_C,Sample_Game_3,8.523397432802552,3.400000000000091,12.146435408644603
coupled_C,Sample_Game_3,6.482393828576207,2.7999999999999545,10.318959072809207
coupled_C,Sample_Game_3,6.188330785632328,2.599999999999909,17.14743967163565
coupled_C,Sample_Game_3,8.392584099767053,6.0,13.507723706801915
coupled_C,Sample_Game_3,12.028598088646923,6.0,23.282968602204754
coupled_C,Sample_Game_3,14.5674333779838,5.0,13.473664215742076
coupled_C,Sample_Game_3,8.026257154649063,6.0,14.501808534513845
coupled_C,Sample_Game_3,11.242704874353578,5.399999999999864,15.049336271117514
coupled_C,Sample_Game_3,8.696561053437028,4.0,9.41417994201475
coupled_C,Sample_Game_3,17.54063646256424,6.0,14.123522789868348
coupled_C,Sample_Game_3,8.845487329602808,5.199999999999818,20.704172015731473
coupled_C,Sample_Game_3,3.6111919915048425,2.800000000000182,19.85741906132239
coupled_C,Sample_Game_3,5.028952327797683,4.199999999999818,15.784367421869014
coupled_C,Sample_Game_3,16.439164307480446,5.199999999999818,15.939854465181504
coupled_C,Sample_Game_3,5.9195321017846805,2.800000000000182,14.557447465356105
coupled_C,Sample_Game_3,15.396930111048432,3.0,12.834832780911324
coupled_C,Sample_Game_3,9.780304705170671,6.0,29.59554195835957
coupled_C,Sample_Game_3,8.477874246894347,3.799999999999727,11.79004748436023
coupled_C,Sample_Game_3,9.440172275679327,4.200000000000273,13.793887066854879
coupled_C,Sample_Game_3,5.196211978408181,4.199999999999818,10.156821935026064
coupled_C,Sample_Game_3,12.62315992517214,4.400000000000091,13.942692883423376
coupled_C,Sample_Game_3,13.830141890014598,5.800000000000182,16.375501174586972
coupled_C,Sample_Game_3,11.903223257096828,6.0,19.373300717257855
coupled_C,Sample_Game_3,10.115621202980677,5.599999999999994,10.178779139633171
coupled_C,Sample_Game_3,5.713376637677012,2.799999999999983,15.74836861041885
coupled_C,Sample_Game_3,12.847759694208925,6.0,19.701164689766237
coupled_C,Sample_Game_3,6.259036510181824,3.4000000000000057,17.042049979498756
coupled_C,Sample_Game_3,8.53978565740134,3.0,13.81983769700241
coupled_C,Sample_Game_3,13.847142911282551,6.0,24.75629055990918
coupled_C,Sample_Game_3,5.403414721195887,4.199999999999989,13.74783787160253
coupled_C,Sample_Game_3,8.697290954864137,2.6000000000000227,18.29374343362096
coupled_C,Sample_Game_3,8.823290409335756,3.599999999999909,18.542544734130963
coupled_C,Sample_Game_3,11.170648364681226,3.199999999999932,15.950744943660808
coupled_C,Sample_Game_3,7.919371977637502,3.400000000000091,13.268369593397754
coupled_C,Sample_Game_3,17.72772044464711,4.399999999999977,10.86670285562721
coupled_C,Sample_Game_3,8.315505392387951,3.2000000000000455,12.554697840543549
coupled_C,Sample_Game_3,16.244650967618924,3.7999999999999545,21.44262214391385
coupled_C,Sample_Game_3,4.226788841839795,5.399999999999977,20.12012220249661
coupled_C,Sample_Game_3,10.488400934769643,4.199999999999932,28.985874448248367
coupled_C,Sample_Game_3,7.79996087013426,4.2000000000000455,17.79431370490591
coupled_C,Sample_Game_3,5.760108274311664,4.999999999999886,19.647274657457615
coupled_C,Sample_Game_3,11.70785213888027,6.0,26.310229315580113
coupled_C,Sample_Game_3,4.650025026474581,4.400000000000091,13.641243306858073
coupled_C,Sample_Game_3,11.579017903223788,2.6000000000001364,15.107980453313896
coupled_C,Sample_Game_3,7.483935386162388,6.0,12.622539767722397
coupled_C,Sample_Game_3,10.646018234911361,6.0,5.770420732307255
coupled_C,Sample_Game_3,9.353913079095172,4.199999999999818,12.000950871140862
coupled_C,Sample_Game_3,12.771180583439818,4.199999999999818,14.257767823523752
coupled_C,Sample_Game_3,12.930379306897569,3.599999999999909,14.698896308694781
coupled_C,Sample_Game_3,10.442016305905343,3.599999999999909,29.135317668688153
coupled_C,Sample_Game_3,4.3063618054491,6.0,11.786817594936672
coupled_C,Sample_Game_3,8.338323256254572,3.2000000000000455,12.621064498014327
coupled_C,Sample_Game_3,11.236207624609353,5.2000000000000455,23.570114796989017
coupled_C,Sample_Game_3,19.69980360193473,4.400000000000091,15.826849671393195
coupled_C,Sample_Game_3,7.545376885725576,3.0,17.524185813035615
coupled_C,Sample_Game_3,17.769851641968103,3.599999999999909,16.49462071444548
coupled_C,Sample_Game_3,8.464244563937019,6.0,9.937378422690703
coupled_C,Sample_Game_3,6.08186243066592,2.599999999999909,16.0790360464419
coupled_C,Sample_Game_3,4.27628835048634,5.2000000000000455,14.948767618842442
coupled_C,Sample_Game_3,13.53822942702163,4.199999999999818,20.778467936367537
coupled_C,Sample_Game_3,7.243386929483936,6.0,13.280620560286748
coupled_C,Sample_Game_3,10.868626546690434,3.2000000000000455,15.967504440527897
coupled_C,Sample_Game_3,6.154418547560064,3.0,17.24026923568026
coupled_C,Sample_Game_3,3.6550853805003873,3.0,14.471174876744133
coupled_C,Sample_Game_3,15.514728541852724,4.800000000000182,33.9719690046155
coupled_C,Sample_Game_3,9.141271434421519,3.400000000000091,21.680937826084058
coupled_C,Sample_Game_3,9.290944811669593,6.0,20.272769294528857
coupled_C,Sample_Game_3,9.515507561099792,6.0,20.24033032272524
coupled_C,Sample_Game_3,12.191567789559624,4.0,10.091605165757112
coupled_C,Sample_Game_3,14.756766245661906,6.0,16.96643433530492
coupled_C,Sample_Game_3,18.27763407948001,3.799999999999727,20.269536052442895
coupled_C,Sample_Game_3,6.5799276110209615,3.0,8.740828069496132
coupled_C,Sample_Game_3,7.356112830517872,2.600000000000364,8.693947142765133
coupled_C,Sample_Game_3,29.06978081522413,6.0,30.19982089208669
coupled_C,Sample_Game_3,2.7771908339871985,3.599999999999909,8.709352268385402
coupled_C,Sample_Game_3,11.106360981868947,5.200000000000273,15.613144513881611
coupled_C,Sample_Game_3,9.350669942988642,3.200000000000273,12.75623461240847
coupled_C,Sample_Game_3,13.394633733018619,6.0,19.984003561988928
coupled_C,Sample_Game_3,9.860563412318264,5.599999999999909,12.783596215766014
coupled_C,Sample_Game_3,7.799096407141072,3.400000000000091,17.176080495008495
coupled_C,Sample_Game_3,16.021277931910262,6.0,29.559760644958388
coupled_C,Sample_Game_3,7.547367842271035,4.800000000000182,9.555419117598145
coupled_C,Sample_Game_3,12.854097647583554,5.199999999999818,16.27939122347005
coupled_C,J03WPY,8.795602694378339,2.8,14.838679433017239
coupled_C,J03WPY,4.044501385112701,2.6000000000000014,8.939940193420018
coupled_C,J03WPY,16.21576763578408,6.0,14.77472700220915
coupled_C,J03WPY,8.154734766286873,3.0,12.886238242782824
coupled_C,J03WPY,7.942935132692201,3.200000000000017,11.678807540795333
coupled_C,J03WPY,5.705277706688334,2.799999999999983,13.367968308577773
coupled_C,J03WPY,6.600285275158911,2.8000000000000114,9.635736415353591
coupled_C,J03WPY,10.52513485813969,3.6000000000000227,17.063430607240726
coupled_C,J03WPY,8.190254472139955,2.800000000000068,12.378364876015375
coupled_C,J03WPY,14.081164997204585,4.600000000000023,12.556388851952475
coupled_C,J03WPY,13.84086016692869,6.0,21.294667505686686
coupled_C,J03WPY,3.2969074666252194,2.6000000000000227,6.696486667992334
coupled_C,J03WPY,4.919045208303737,3.2000000000000455,13.882577899838827
coupled_C,J03WPY,7.360404091794191,3.0,13.251305508930251
coupled_C,J03WPY,14.227352647399831,4.399999999999977,30.758107836956523
coupled_C,J03WPY,11.160254949496327,3.2000000000000455,14.092015276081444
coupled_C,J03WPY,5.587588038561298,6.0,17.775695428883537
coupled_C,J03WPY,9.303612341027453,2.6000000000001364,25.177960995384552
coupled_C,J03WPY,12.129459350111153,3.800000000000182,23.253722549469625
coupled_C,J03WPY,5.829657340538257,2.7999999999999545,15.714801466054588
coupled_C,J03WPY,17.517864512438923,4.0,20.372830902981374
coupled_C,J03WPY,7.574404416360739,6.0,11.62128977094214
coupled_C,J03WPY,7.3299207736379834,3.0,17.75647361557801
coupled_C,J03WPY,7.738158191526909,5.599999999999909,18.204674603836967
coupled_C,J03WPY,7.196863464905194,6.0,11.200363855483726
coupled_C,J03WPY,14.632859152019556,4.2000000000000455,13.817609496068503
coupled_C,J03WPY,9.401555068080807,2.7999999999999545,12.925357790029024
coupled_C,J03WPY,16.669126806276772,4.599999999999909,33.59958143281058
coupled_C,J03WPY,10.279181732542312,3.0,8.227502572935268
coupled_C,J03WPY,2.1058840004649118,2.800000000000182,11.824387596494393
coupled_C,J03WPY,3.6714408513251646,2.6000000000001364,10.333229919714578
coupled_C,J03WPY,6.143836037078666,4.0,7.9749458340890715
coupled_C,J03WPY,9.237087705340556,3.7999999999999545,8.793548852744326
coupled_C,J03WPY,9.706654521843179,3.599999999999909,16.394993540963643
coupled_C,J03WPY,3.5020987067934715,2.599999999999909,12.37035350851027
coupled_C,J03WPY,29.80727268413553,7.0,18.95990855474426
coupled_C,J03WPY,9.729728594883806,2.7999999999999545,16.956964530172083
coupled_C,J03WPY,6.215276251998431,4.399999999999864,19.800481118178162
coupled_C,J03WPY,6.729796061370518,3.0,21.71301764155008
coupled_C,J03WPY,11.678993858225091,3.599999999999909,13.854075661876934
coupled_C,J03WPY,8.051783340556339,2.599999999999909,15.39733756802002
coupled_C,J03WPY,12.452560122658916,3.400000000000091,27.764108704169058
coupled_C,J03WPY,12.294516687852461,5.199999999999818,17.286402391668407
coupled_C,J03WPY,6.586232596675311,3.199999999999818,11.395437608636353
coupled_C,J03WPY,7.650712841457632,3.400000000000091,14.657337256398012
coupled_C,J03WPY,9.84107297873516,6.0,19.699918911696777
coupled_C,J03WPY,26.184243296012504,5.400000000000091,18.74435050973171
coupled_C,J03WPY,7.246332330930013,3.399999999999636,12.502205091034163
coupled_C,J03WPY,8.22166533512991,3.800000000000182,12.713000506795467
coupled_C,J03WPY,31.866177797983283,5.599999999999909,25.35194544833493
coupled_C,J03WPY,4.851468242055482,2.6000000000000227,9.89751714622833
coupled_C,J03WPY,30.350863543055905,6.0,51.829453510580905
coupled_C,J03WPY,4.26789841491151,4.399999999999977,11.356611186937037
coupled_C,J03WPY,11.34751228371333,3.6000000000000227,30.57838600160812
coupled_C,J03WPY,6.214772466499916,3.6000000000000227,15.213076786784296
coupled_C,J03WPY,46.387966848495125,10.0,40.526667090754664
coupled_C,J03WPY,5.327951870411777,3.0,11.441977932865301
coupled_C,J03WPY,9.679250601757278,3.0,18.211846520056607
coupled_C,J03WPY,9.532051450954452,3.7999999999999545,22.01929276477277
coupled_C,J03WPY,9.218171136742185,2.7999999999999545,9.418165390188737
coupled_C,J03WPY,29.057588622483394,6.2000000000000455,26.048985775709344
coupled_C,J03WPY,7.431109839503376,2.7999999999999545,11.113237392693021
coupled_C,J03WPY,9.693050002482646,3.799999999999727,10.473119524304249
coupled_C,J03WPY,13.718561986012906,3.599999999999909,15.201247908171883
coupled_C,J03WPY,7.246577967927743,3.0,14.025315977002807
coupled_C,J03WPY,9.975586001481766,4.800000000000182,13.42048928513164
coupled_C,J03WPY,10.885792350650306,5.199999999999818,19.72522654223946
coupled_C,J03WPY,11.478297482683113,3.800000000000182,10.503890824197878
coupled_C,J03WPY,12.685730120933457,3.399999999999636,14.202296140553928
coupled_C,J03WPY,4.52362263374992,4.0,6.68946229290889
coupled_C,J03WPY,10.650051569466003,3.400000000000091,16.421551018448604
coupled_C,J03WPY,7.016202936719169,6.0,17.752472430217562
coupled_C,J03WPY,7.115519390282911,2.800000000000182,13.536722522493982
coupled_C,J03WPY,8.220650267256351,2.599999999999909,15.379653380115503
coupled_C,J03WPY,5.856660991588378,3.800000000000182,24.781760589196523
coupled_C,J03WPY,5.385933638802515,2.599999999999909,14.07750231309655
coupled_C,J03WPY,7.607210005886129,3.400000000000091,28.338147261753164
coupled_C,J03WPY,13.295169396273437,3.599999999999909,33.42758131508711
coupled_C,J03WPY,12.83720164324712,3.0,31.016224588845567
coupled_C,J03WPY,11.658790230513873,2.799999999999727,13.2914411474881
coupled_C,J03WPY,14.90379790107963,3.400000000000091,23.410934559920577
coupled_C,J03WPY,6.323582994873574,6.0,12.282201201394095
coupled_C,J03WPY,10.017297136157243,2.599999999999909,11.690038999640494
coupled_C,J03WPY,5.046035266796693,3.400000000000091,9.064434925751616
coupled_C,J03WMX,17.24430952625377,4.0,23.759691723270365
coupled_C,J03WMX,8.809657311906083,3.1999999999999886,20.450968680949735
coupled_C,J03WMX,5.162729230343319,4.399999999999977,18.554443358694268
coupled_C,J03WMX,11.614304126740315,3.6000000000000227,14.048641400080573
coupled_C,J03WMX,12.011053688353728,4.600000000000023,27.96933771821596
coupled_C,J03WMX,6.65438940229682,6.0,13.495038316580192
coupled_C,J03WMX,7.748114379969323,2.6000000000000227,9.522180007847616
coupled_C,J03WMX,7.866493935822307,3.3999999999999773,14.83471832445248
coupled_C,J03WMX,11.296264830109209,6.0,14.567107996776961
coupled_C,J03WMX,4.094253350393436,3.6000000000000227,18.643425985327198
coupled_C,J03WMX,11.410765180722848,6.0,16.71555102907903
coupled_C,J03WMX,17.615661962238192,3.3999999999998636,14.16071140426774
coupled_C,J03WMX,13.848001721495363,4.400000000000091,15.859700911624438
coupled_C,J03WMX,10.937511346179573,3.400000000000091,21.607587800698166
coupled_C,J03WMX,5.00600837273443,2.7999999999999545,15.900910996235133
coupled_C,J03WMX,4.863623085015484,2.7999999999999545,18.165437050632065
coupled_C,J03WMX,10.54343048498335,3.7999999999999545,11.615084585608368
coupled_C,J03WMX,13.358296866198106,3.599999999999909,18.38695684900587
coupled_C,J03WMX,6.8339977541410555,6.0,10.820042140217511
coupled_C,J03WMX,9.328133718921094,2.6000000000001364,7.475851563469982
coupled_C,J03WMX,7.787337520130109,3.2000000000000455,10.859971681157479
coupled_C,J03WMX,7.900376486661608,4.0,14.663363243682664
coupled_C,J03WMX,8.787248939841692,3.2000000000000455,16.548438432875457
coupled_C,J03WMX,6.074392324614562,5.2000000000000455,17.94930945156235
coupled_C,J03WMX,20.304755288342925,4.599999999999909,20.146445303717282
coupled_C,J03WMX,8.958528929854754,3.2000000000000455,25.75798214298985
coupled_C,J03WMX,11.91955853473021,5.2000000000000455,22.081351128008563
coupled_C,J03WMX,4.112699666116432,2.599999999999909,8.672527791267886
coupled_C,J03WMX,11.004826891428152,4.400000000000091,17.556197523135527
coupled_C,J03WMX,31.600050867119208,7.0,29.916499509015708
coupled_C,J03WMX,13.613418832484252,4.399999999999864,13.904478588351658
coupled_C,J03WMX,6.775365364869767,3.6000000000001364,14.559282843258128
coupled_C,J03WMX,8.761639684112552,3.599999999999909,10.719782211490664
coupled_C,J03WMX,10.504432132827908,4.400000000000091,11.953058375353512
coupled_C,J03WMX,5.835516743686474,3.800000000000182,20.652074368868952
coupled_C,J03WMX,12.475133699195533,6.0,24.375038936903525
coupled_C,J03WMX,5.903467649423001,3.800000000000182,6.576642738415421
coupled_C,J03WMX,10.705532638588927,3.600000000000364,18.11518653119495
coupled_C,J03WMX,9.97394995119762,6.0,23.40759721147267
coupled_C,J03WMX,7.193446981986134,3.599999999999909,8.698831405295113
coupled_C,J03WMX,6.898976298024174,5.399999999999636,18.60985582311069
coupled_C,J03WMX,35.61508004434312,7.400000000000006,24.31902098061577
coupled_C,J03WMX,3.7358039522682844,2.799999999999983,10.494837855610513
coupled_C,J03WMX,3.9150899637992267,2.5999999999999943,6.579090789241837
coupled_C,J03WMX,6.253690422655625,3.1999999999999886,16.34123486017281
coupled_C,J03WMX,12.357381283754911,3.8000000000000114,11.62787101154088
coupled_C,J03WMX,10.365844134460964,3.599999999999966,14.894403118241348
coupled_C,J03WMX,7.501304183564983,6.0,24.83359213781738
coupled_C,J03WMX,9.842589174585855,3.0,14.73307493903024
coupled_C,J03WMX,9.540227931439603,4.2000000000000455,9.340261849950068
coupled_C,J03WMX,3.5113697753625575,2.6000000000000227,18.782586471711742
coupled_C,J03WMX,6.598788032530722,2.7999999999999545,16.710086984819768
coupled_C,J03WMX,8.069609624450766,3.3999999999999773,21.745745245722638
coupled_C,J03WMX,11.398344549056269,3.3999999999999773,15.000012853361273
coupled_C,J03WMX,19.84569587999058,5.0,25.507463967258772
coupled_C,J03WMX,6.744566130351579,5.399999999999977,15.16646358299531
coupled_C,J03WMX,10.915374704005195,6.0,18.108633270349344
coupled_C,J03WMX,3.957229779166282,3.6000000000000227,12.534605209206664
coupled_C,J03WMX,11.83077403580268,4.0,20.63978358096067
coupled_C,J03WMX,15.128363589514851,4.0,13.318822083090316
coupled_C,J03WMX,7.955632380969636,4.400000000000091,14.229008056894605
coupled_C,J03WMX,7.016738876378961,4.2000000000000455,13.064198918782893
coupled_C,J03WMX,9.652218397585974,6.0,10.171505775162743
coupled_C,J03WMX,6.077791404328741,2.599999999999909,8.372259753261257
coupled_C,J03WMX,10.53107176266995,4.399999999999864,18.884985616735428
coupled_C,J03WMX,26.848261083570343,6.0,25.315338466476444
coupled_C,J03WMX,6.875403450436444,3.0,14.593602117262835
coupled_C,J03WMX,7.333955946307366,3.400000000000091,17.35416772698339
coupled_C,J03WMX,7.280657454514259,4.399999999999636,13.850284966731026
coupled_C,J03WMX,5.3743811245798305,4.0,7.158671701646055
coupled_C,J03WMX,5.39309355051542,2.799999999999727,16.46558987378679
coupled_C,J03WMX,7.129645802376663,3.0,21.827094039088962
coupled_C,J03WMX,6.54083527101305,3.0,20.36385925090327
coupled_C,J03WMX,8.330752587343962,2.599999999999909,20.112464668568197
coupled_C,J03WMX,6.609789837842717,3.200000000000273,16.15860377060979
coupled_C,J03WN1,10.052329937934768,3.2000000000000006,22.854518864694455
coupled_C,J03WN1,14.135378257744163,4.199999999999989,19.66664748450998
coupled_C,J03WN1,7.507379803863777,3.4000000000000057,14.645473628156022
coupled_C,J03WN1,8.14539899918292,5.199999999999989,11.341531419163125
coupled_C,J03WN1,7.847106131903407,2.8000000000000114,15.135719743312116
coupled_C,J03WN1,11.637964922842814,4.199999999999989,30.35012620717258
coupled_C,J03WN1,7.0340612176507396,3.1999999999999886,17.028929433085132
coupled_C,J03WN1,12.29403071612761,5.399999999999977,14.301091833664561
coupled_C,J03WN1,12.36790200478643,6.0,14.500724961951233
coupled_C,J03WN1,7.7434423869493125,4.199999999999989,14.458279008327812
coupled_C,J03WN1,7.533319321521362,2.800000000000068,15.83059384218073
coupled_C,J03WN1,21.25736813436697,6.0,18.216534014808115
coupled_C,J03WN1,6.187115644628046,3.400000000000091,20.191701588871396
coupled_C,J03WN1,7.221807253035827,3.2000000000000455,16.703352120504544
coupled_C,J03WN1,9.321223095709557,2.599999999999909,9.881240651819
coupled_C,J03WN1,10.920114468264517,4.600000000000023,20.686287478520367
coupled_C,J03WN1,21.651207818502872,5.0,22.171682249709296
coupled_C,J03WN1,11.835391839732003,3.599999999999909,11.300311972558704
coupled_C,J03WN1,12.503731443053306,3.0,15.504871583430456
coupled_C,J03WN1,6.910238780244543,2.599999999999909,18.87684356959843
coupled_C,J03WN1,12.935737319534304,3.0,13.612272374548365
coupled_C,J03WN1,5.601508725334714,2.6000000000000227,8.347575355538595
coupled_C,J03WN1,15.729504124415367,6.0,16.038551500230543
coupled_C,J03WN1,6.202233468678949,3.0,13.041373378524298
coupled_C,J03WN1,4.5114299285259865,3.3999999999998636,18.66564574258144
coupled_C,J03WN1,11.982925352349639,6.0,10.4077790246572
coupled_C,J03WN1,6.400765579210038,6.0,9.317369903172278
coupled_C,J03WN1,9.153469287652634,3.0,13.670663584669951
coupled_C,J03WN1,22.44219686216125,5.2000000000000455,20.308597715481447
coupled_C,J03WN1,21.56831240500836,5.600000000000136,15.64877719705971
coupled_C,J03WN1,5.531084884541504,4.199999999999818,10.361927110734253
coupled_C,J03WN1,8.891979532140182,6.0,12.879574585375401
coupled_C,J03WN1,16.875366662683216,6.0,15.185651508751825
coupled_C,J03WN1,15.54350346607868,5.400000000000091,11.860070401956806
coupled_C,J03WN1,22.196785803355432,8.0,13.524478852524265
coupled_C,J03WN1,10.998368060762148,3.3999999999998636,18.444714249872785
coupled_C,J03WN1,9.110718961750107,5.2000000000000455,7.0737717444472885
coupled_C,J03WN1,4.137269631048963,3.400000000000091,15.240289989676926
coupled_C,J03WN1,5.885855927560578,3.2000000000000455,21.313266850953944
coupled_C,J03WN1,8.828165154776169,5.2000000000000455,10.618247336949404
coupled_C,J03WN1,9.741031772866299,4.399999999999864,19.036862840741836
coupled_C,J03WN1,10.956007484480468,4.399999999999864,28.29030444198176
coupled_C,J03WN1,4.610878441251654,3.599999999999909,8.347515531674256
coupled_C,J03WN1,13.803278596044306,4.7999999999999545,25.991562735378906
coupled_C,J03WN1,15.893448335714345,6.0,15.50245397236658
coupled_C,J03WN1,6.088021024931435,2.800000000000182,7.2540521308690336
coupled_C,J03WN1,10.46883470114988,2.800000000000182,13.579372821443796
coupled_C,J03WN1,6.689469336202748,3.399999999999636,15.208564901586998
coupled_C,J03WN1,17.148556790587367,6.0,26.894013773596473
coupled_C,J03WN1,9.47831736121841,3.0,11.989481652977332
coupled_C,J03WN1,6.730497752766088,3.599999999999909,10.055170483270363
coupled_C,J03WN1,7.003320640953109,3.199999999999818,16.697312516065196
coupled_C,J03WN1,36.897110998017176,8.599999999999909,20.49438916522129
coupled_C,J03WN1,5.389174333791511,3.399999999999636,11.025824970649374
coupled_C,J03WN1,6.204135717406572,2.799999999999727,7.637127704606843
coupled_C,J03WN1,23.37830190582712,6.0,19.2906799190462
coupled_C,J03WN1,8.580495323699262,4.599999999999909,14.799580033234847
coupled_C,J03WN1,7.355032290887641,3.0,8.31926519833668
coupled_C,J03WN1,8.798647623356663,3.799999999999997,20.289294797715353
coupled_C,J03WN1,17.25318811118688,5.199999999999989,14.761041084004983
coupled_C,J03WN1,5.187918657804877,2.5999999999999943,14.136810659306859
coupled_C,J03WN1,18.569760364635844,6.0,21.649252871221428
coupled_C,J03WN1,13.635754471242178,6.0,21.555352722305656
coupled_C,J03WN1,18.43423445657526,3.599999999999966,10.47373318107254
coupled_C,J03WN1,9.405370806087136,5.199999999999932,12.662091041643883
coupled_C,J03WN1,9.112129279153146,3.2000000000000455,10.441265313895952
coupled_C,J03WN1,10.780361775005208,6.0,25.029230122524723
coupled_C,J03WN1,7.556189515886959,3.0,34.432314290133824
coupled_C,J03WN1,8.123995322499676,2.599999999999909,23.019991709656175
coupled_C,J03WN1,11.311626761876473,4.399999999999977,16.0416496906908
coupled_C,J03WN1,11.716262202596873,2.6000000000000227,13.147678148154304
coupled_C,J03WN1,14.879092714275163,5.800000000000182,22.28116272864385
coupled_C,J03WN1,9.495651636407251,4.7999999999999545,28.964505940096608
coupled_C,J03WN1,4.4177935669276165,3.0,4.511839856013971
coupled_C,J03WN1,8.671239819080842,4.400000000000091,13.001533680092608
coupled_C,J03WN1,5.128001560062166,2.7999999999999545,11.964260400060622
coupled_C,J03WN1,10.57448343891963,3.599999999999909,23.515992695271482
coupled_C,J03WN1,5.973022685374635,2.599999999999909,19.410321470341025
coupled_C,J03WN1,8.377314605528436,4.0,34.725529739461024
coupled_C,J03WN1,11.870265371927538,4.199999999999818,15.60511920141657
coupled_C,J03WN1,7.844061448000013,6.0,25.11039859465865
coupled_C,J03WN1,5.98953253601677,2.599999999999909,9.984026509115385
coupled_C,J03WN1,4.343316705007825,3.2000000000000455,12.773795703342207
coupled_C,J03WN1,22.02493359808378,6.0,28.88202866050797
coupled_C,J03WN1,16.70775269149026,4.199999999999818,11.910780857484731
coupled_C,J03WN1,6.260742767437438,3.199999999999818,17.600257058148046
coupled_C,J03WN1,7.977750309454418,3.599999999999909,6.430462806255852
coupled_C,J03WN1,16.40219497506356,4.400000000000091,12.438107362447846
coupled_C,J03WN1,11.442141407970805,6.0,15.951253448256338
coupled_C,J03WN1,5.281401329192194,6.0,14.287774428859159
coupled_C,J03WN1,6.265819978262764,2.799999999999727,18.093092063560942
coupled_C,J03WN1,7.902708396495458,3.599999999999909,23.715099626673794
coupled_C,J03WN1,5.350084111489321,4.0,11.40330743528688
coupled_C,J03WN1,12.453292737265462,3.200000000000273,15.652572325312592
coupled_C,J03WN1,15.162931774559667,4.0,26.212537101266154
coupled_C,J03WOH,11.600096640001395,2.8000000000000003,14.388024707048412
coupled_C,J03WOH,9.995510597941372,6.0,13.218757636871983
coupled_C,J03WOH,9.393751310827021,3.1999999999999886,12.342119494611985
coupled_C,J03WOH,6.461407128568535,3.3999999999999773,8.185140946983108
coupled_C,J03WOH,8.843386594813477,2.7999999999999545,10.412798956857497
coupled_C,J03WOH,23.23024089480709,4.599999999999909,15.968899214344551
coupled_C,J03WOH,13.694293472672754,3.199999999999932,15.764446648393776
coupled_C,J03WOH,6.901757342980267,2.6000000000000227,14.644157280626738
coupled_C,J03WOH,5.601372400759885,4.2000000000000455,15.486164470550372
coupled_C,J03WOH,10.445698537716254,6.0,24.490865851313337
coupled_C,J03WOH,10.183655632637183,2.6000000000000227,12.863022013955117
coupled_C,J03WOH,13.81345250759322,5.600000000000023,28.788852565387185
coupled_C,J03WOH,4.007471337171889,4.600000000000023,9.179734765253745
coupled_C,J03WOH,9.402881082231968,3.6000000000000227,22.53793695132196
coupled_C,J03WOH,16.644170322406993,4.7999999999999545,35.77517904647753
coupled_C,J03WOH,4.991736489070689,4.599999999999909,11.555148432498669
coupled_C,J03WOH,10.623036330578248,2.599999999999909,25.61724386021107
coupled_C,J03WOH,5.3876120026311325,6.0,15.3683321438311
coupled_C,J03WOH,6.444936340358225,2.7999999999999545,13.222668234524328
coupled_C,J03WOH,12.007878127236902,6.0,21.44362047248026
coupled_C,J03WOH,8.303071991937475,2.7999999999999545,10.041180952521877
coupled_C,J03WOH,11.886504652586673,3.7999999999999545,19.376121681478523
coupled_C,J03WOH,12.173017759355183,5.199999999999818,14.777400853423048
coupled_C,J03WOH,12.41794779471752,4.2000000000000455,25.25594207642552
coupled_C,J03WOH,31.641782477146357,7.2000000000000455,31.440854277033242
coupled_C,J03WOH,8.316276962145349,3.400000000000091,6.416245164103981
coupled_C,J03WOH,8.707518961953646,3.0,16.376175211017
coupled_C,J03WOH,12.133524719979505,3.0,23.086573294863747
coupled_C,J03WOH,11.536374426226015,3.199999999999818,26.546392346996438
coupled_C,J03WOH,7.652326382687809,3.0,8.733147828828802
coupled_C,J03WOH,5.595969011432448,2.800000000000182,18.724408461235164
coupled_C,J03WOH,12.195056377861325,3.200000000000273,15.259655271025188
coupled_C,J03WOH,8.33298335519453,3.200000000000273,14.227743169579773
coupled_C,J03WOH,12.167112390192578,3.0,13.200523390516445
coupled_C,J03WOH,9.841084322271637,2.799999999999727,22.987415106387395
coupled_C,J03WOH,7.8030485029804595,3.399999999999636,18.94812028001008
coupled_C,J03WOH,10.934486881098625,3.0,22.58007624842491
coupled_C,J03WOH,5.111853581914426,4.400000000000091,13.127488107244416
coupled_C,J03WOH,17.408844206043167,6.0,31.091305024388745
coupled_C,J03WOH,7.576563718786247,3.199999999999818,23.146965574001264
coupled_C,J03WOH,22.99511612388073,7.0,23.111446594605326
coupled_C,J03WOH,11.7250927668954,3.4000000000000004,24.71236973576061
coupled_C,J03WOH,7.094335814595578,2.799999999999997,12.042275282187415
coupled_C,J03WOH,5.6491581831223385,4.0,14.020683585477096
coupled_C,J03WOH,17.192411827953563,3.4000000000000057,22.56839390479542
coupled_C,J03WOH,10.597025179057203,3.8000000000000114,28.580071427698968
coupled_C,J03WOH,5.918179323455933,2.8000000000000114,7.351568158532018
coupled_C,J03WOH,9.411825724397035,4.199999999999989,27.60873441987177
coupled_C,J03WOH,8.706235353479538,3.1999999999999886,8.637542698009469
coupled_C,J03WOH,7.963088858738093,2.8000000000000114,26.253064482261887
coupled_C,J03WOH,8.22868315004309,3.0,14.078981541950728
coupled_C,J03WOH,13.655487382399807,3.6000000000000227,14.05962728739134
coupled_C,J03WOH,8.151700042038026,2.8000000000000114,8.668665050555163
coupled_C,J03WOH,7.5516408315830486,3.1999999999999886,18.156224254025517
coupled_C,J03WOH,5.836270463046489,6.0,10.834313185280884
coupled_C,J03WOH,5.2396068135201315,2.8000000000000114,8.679097482533283
coupled_C,J03WOH,12.060474073081354,3.0,25.976308783986404
coupled_C,J03WOH,5.832003806654557,2.6000000000000227,9.904925579130545
coupled_C,J03WOH,9.363768842098745,3.2000000000000455,8.569420531074403
coupled_C,J03WOH,8.316390016822062,3.0,14.670706044335965
coupled_C,J03WOH,8.285939517628307,3.0,17.622414219976694
coupled_C,J03WOH,9.123623134469543,3.2000000000000455,10.135340227373035
coupled_C,J03WOH,12.649318367390597,3.3999999999999773,24.013804104241302
coupled_C,J03WOH,6.441113744232807,3.199999999999932,14.188765693472849
coupled_C,J03WOH,22.658317244737766,5.2000000000000455,20.02559654928389
coupled_C,J03WOH,7.935253803591637,3.0,19.11709018124639
coupled_C,J03WOH,8.91249066214148,3.0,9.620777724797888
coupled_C,J03WOH,12.355847307965227,4.599999999999909,14.68467668318603
coupled_C,J03WOH,7.392339502877885,2.599999999999909,10.664017585218115
coupled_C,J03WOH,10.535202798862034,5.599999999999909,23.91417875467606
coupled_C,J03WOH,12.50108550393557,4.0,16.571538377773194
coupled_C,J03WOH,10.702013265220929,3.7999999999999545,14.618685607843986
coupled_C,J03WOH,11.237910527436515,3.2000000000000455,15.96744071499244
coupled_C,J03WOH,7.284013849926196,2.7999999999999545,13.497211516930331
coupled_C,J03WOH,11.246744928199638,2.6000000000001364,14.103125333062046
coupled_C,J03WOH,3.1713073649667094,3.199999999999818,15.658279716809332
coupled_C,J03WOH,10.248878087399781,6.0,16.033754168790296
coupled_C,J03WOH,14.162355290370316,4.599999999999909,16.886092090482283
coupled_C,J03WOH,8.791825900914247,2.6000000000001364,23.996505470363548
coupled_C,J03WOH,12.160162675087278,2.599999999999909,8.491477365500032
coupled_C,J03WOH,7.064741171321318,3.599999999999909,12.606788616517647
coupled_C,J03WOH,6.644170045622684,2.599999999999909,9.080134277249577
coupled_C,J03WOH,7.9433471999781275,2.599999999999909,15.94377341068573
coupled_C,J03WOH,9.446697835372728,3.799999999999727,25.22931503663535
coupled_C,J03WOH,19.401805575359415,3.199999999999818,23.55014924394367
coupled_C,J03WOH,6.844548641236965,5.199999999999818,14.334825887209307
coupled_C,J03WOH,4.97074480412631,3.599999999999909,17.965362407068696
coupled_C,J03WOY,9.42084441486433,2.8000000000000003,20.852940650911037
coupled_C,J03WOY,5.369499293095607,3.799999999999997,13.373921510680251
coupled_C,J03WOY,8.040803256976403,3.0,9.674573261026175
coupled_C,J03WOY,6.023735463610819,2.8000000000000114,8.841622070496847
coupled_C,J03WOY,18.663263215374535,6.0,33.69753876084331
coupled_C,J03WOY,8.8515631324506,3.0,11.619526367289808
coupled_C,J03WOY,10.569808635847396,6.0,22.08751130714323
coupled_C,J03WOY,6.9969889274785295,4.199999999999989,12.113933434151352
coupled_C,J03WOY,11.036926221972198,3.0,14.942149941545226
coupled_C,J03WOY,4.3987281056475,2.6000000000000227,9.15781735999034
coupled_C,J03WOY,7.464451362352534,3.0,12.753888956927707
coupled_C,J03WOY,7.731551369980384,2.7999999999999545,9.567113621904994
coupled_C,J03WOY,18.44412667673721,6.0,19.78095116871291
coupled_C,J03WOY,8.497476707204738,6.0,14.789882693170746
coupled_C,J03WOY,8.593756742383015,3.599999999999909,19.744467945582556
coupled_C,J03WOY,5.876671947031123,3.0,18.853304081483138
coupled_C,J03WOY,10.9099458252069,3.2000000000000455,12.807611804997233
coupled_C,J03WOY,22.437263494699614,6.0,14.754984213321476
coupled_C,J03WOY,18.63988071898887,3.7999999999999545,30.809563409607122
coupled_C,J03WOY,13.753485429072276,4.0,15.754003859104916
coupled_C,J03WOY,5.090942614531184,3.2000000000000455,12.60244098296714
coupled_C,J03WOY,11.447580107935059,4.0,20.147828981973554
coupled_C,J03WOY,12.47450024644499,4.0,15.058966443538015
coupled_C,J03WOY,4.000882888953417,2.6000000000001364,10.738981187197954
coupled_C,J03WOY,10.16655893571838,8.399999999999864,13.80060057956078
coupled_C,J03WOY,15.896812464572317,4.399999999999864,16.100449559823453
coupled_C,J03WOY,9.894754418468505,3.0,14.302343466010313
coupled_C,J03WOY,6.71362976594824,6.0,17.383403347380145
coupled_C,J03WOY,7.9812546551077626,6.0,6.2237946449368025
coupled_C,J03WOY,10.140929924091001,3.3999999999998636,26.199215994114216
coupled_C,J03WOY,16.783839914395834,6.199999999999818,27.625951100767285
coupled_C,J03WOY,11.305467657505993,4.200000000000273,17.09360809462423
coupled_C,J03WOY,9.600712409585121,2.599999999999909,16.994419880655983
coupled_C,J03WOY,12.223778526094495,4.199999999999818,13.576789486745728
coupled_C,J03WOY,6.86591305534057,2.599999999999909,10.599385334397432
coupled_C,J03WOY,9.11274465355033,6.0,14.651149501980427
coupled_C,J03WOY,13.869883960944861,4.400000000000091,32.72081314915519
coupled_C,J03WOY,8.745353096825024,6.0,32.52045420908148
coupled_C,J03WOY,4.904515644298672,4.599999999999909,20.342178894940652
coupled_C,J03WOY,10.525685001168345,3.799999999999727,26.150766021602337
coupled_C,J03WOY,8.398048938539983,3.0,18.89201444800336
coupled_C,J03WOY,6.58960641286625,6.0,31.196573544551416
coupled_C,J03WOY,7.8312182879555134,2.599999999999909,12.793097277602566
coupled_C,J03WOY,7.142224933526818,2.599999999999909,14.826105790198003
coupled_C,J03WOY,9.690046297099308,2.5999999999999996,28.489191546489515
coupled_C,J03WOY,15.40409463482858,3.5999999999999943,24.800466853605815
coupled_C,J03WOY,7.186072196605089,6.0,15.937415038683065
coupled_C,J03WOY,4.501113960623753,3.0,12.222597116619461
coupled_C,J03WOY,4.91137240095913,3.599999999999966,17.23435399571617
coupled_C,J03WOY,12.022362840833857,5.399999999999977,11.976927027072977
coupled_C,J03WOY,8.152573901135373,2.8000000000000114,6.301441046363921
coupled_C,J03WOY,10.295330410385873,6.0,7.39384682546624
coupled_C,J03WOY,20.492727382206745,6.0,17.522348292574577
coupled_C,J03WOY,12.629570172466282,4.2000000000000455,11.592620680450331
coupled_C,J03WOY,10.177659928454972,4.0,13.625273204054178
coupled_C,J03WOY,14.685528749760255,6.0,22.198368339076023
coupled_C,J03WOY,25.696651443486516,6.600000000000023,23.013231828546964
coupled_C,J03WOY,7.331575324945727,3.2000000000000455,3.7509094491860187
coupled_C,J03WOY,8.485304424563418,3.199999999999932,20.113417762362765
coupled_C,J03WOY,10.386509208267801,4.399999999999977,21.388384990485285
coupled_C,J03WOY,17.6645888116095,5.7999999999999545,16.463759500632236
coupled_C,J03WOY,8.561834427097853,3.199999999999818,21.797810296907087
coupled_C,J03WOY,17.55987034677547,6.0,17.469147716763175
coupled_C,J03WOY,14.863749921871648,6.0,10.77491923016491
coupled_C,J03WOY,7.721331052314065,5.0,7.514852404074631
coupled_C,J03WOY,4.238789589419942,3.400000000000091,7.152931571505432
coupled_C,J03WOY,9.137084426544462,3.6000000000001364,10.457615023375464
coupled_C,J03WOY,10.452410979705807,3.2000000000000455,20.168326763981035
coupled_C,J03WOY,14.634022502812673,3.7999999999999545,18.50381472446577
coupled_C,J03WOY,4.655878738838687,2.7999999999999545,17.18855512405524
coupled_C,J03WOY,17.547842834197603,4.7999999999999545,27.321912001698344
coupled_C,J03WOY,9.618740662610463,3.3999999999998636,24.993452991018565
coupled_C,J03WOY,13.500139898046797,6.0,24.209959992987923
coupled_C,J03WOY,13.052261895524492,6.0,13.846410177957125
coupled_C,J03WOY,3.9974898468744122,4.2000000000000455,24.775762380062513
coupled_C,J03WOY,21.22545111586974,4.600000000000364,22.45895882024419
coupled_C,J03WOY,37.6191277835502,8.600000000000364,35.843992184187854
coupled_C,J03WOY,14.644829330306724,4.599999999999909,12.954947100431665
coupled_C,J03WOY,9.115664330540827,2.599999999999909,13.519206303348618
coupled_C,J03WOY,9.19766298038678,6.0,13.952273723705783
coupled_C,J03WOY,9.074593128720906,5.799999999999727,23.300811289685043
coupled_C,J03WOY,7.017331414456384,3.799999999999727,12.711915570526305
coupled_C,J03WOY,9.881212940830604,4.0,20.914972461448446
coupled_C,J03WOY,17.030273420809458,5.400000000000091,26.025513762267867
coupled_C,J03WOY,7.802864306788921,6.0,21.781974054088074
coupled_C,J03WOY,4.190163864844036,2.599999999999909,12.14145442632079
coupled_C,J03WOY,6.8068735565967735,2.599999999999909,14.067660339352095
coupled_C,J03WOY,15.492765042469562,6.0,40.83313863426858
coupled_C,J03WQQ,37.88458423308117,7.599999999999994,30.428751240164853
coupled_C,J03WQQ,7.958618746040097,3.4000000000000057,7.618746336050402
coupled_C,J03WQQ,6.6675085077322755,2.8000000000000114,13.23809889738518
coupled_C,J03WQQ,6.037782558208008,6.0,11.680181409881003
coupled_C,J03WQQ,13.087757881884055,3.7999999999999545,17.43619133257782
coupled_C,J03WQQ,6.78731290295981,4.0,12.914912706756702
coupled_C,J03WQQ,4.7455609773990615,2.599999999999909,4.5828003876889385
coupled_C,J03WQQ,4.284772071334645,2.6000000000000227,14.305374021910616
coupled_C,J03WQQ,21.725846927194212,4.599999999999909,23.302590242192196
coupled_C,J03WQQ,5.9368426816135464,2.6000000000000227,10.165006955388895
coupled_C,J03WQQ,10.727434836941715,5.0,18.843949757476132
coupled_C,J03WQQ,11.91408928048758,2.7999999999999545,15.553447890374162
coupled_C,J03WQQ,14.794964656424277,3.599999999999909,15.746623854496479
coupled_C,J03WQQ,7.937145377527427,3.0,13.358713059478575
coupled_C,J03WQQ,7.086197585878909,2.6000000000001364,11.42906325308238
coupled_C,J03WQQ,5.095897237083138,3.2000000000000455,13.324103029528018
coupled_C,J03WQQ,4.7205281916992,2.7999999999999545,13.908067755839031
coupled_C,J03WQQ,10.337248705406365,2.599999999999909,10.446755926393568
coupled_C,J03WQQ,15.142586019370896,6.0,20.080363001674982
coupled_C,J03WQQ,18.10110732208097,6.0,22.022753349178792
coupled_C,J03WQQ,9.317458635020834,3.2000000000000455,11.377547717760944
coupled_C,J03WQQ,14.550476672884567,5.0,26.25186161960729
coupled_C,J03WQQ,9.009227140367292,3.599999999999909,14.503130726809783
coupled_C,J03WQQ,5.037432171635018,2.599999999999909,13.597780451283322
coupled_C,J03WQQ,3.0704569887530315,2.599999999999909,6.511150391727529
coupled_C,J03WQQ,3.3160659376002846,4.399999999999864,11.050555646490348
coupled_C,J03WQQ,7.51643847064319,3.599999999999909,7.401178487598074
coupled_C,J03WQQ,39.17464105457645,13.600000000000136,25.45578111344822
coupled_C,J03WQQ,5.705480125690874,2.6000000000001364,12.262402213813129
coupled_C,J03WQQ,7.5429101833189245,2.7999999999999545,15.096618659412094
coupled_C,J03WQQ,8.232444302824176,3.6000000000001364,15.243176236694808
coupled_C,J03WQQ,8.22477030132831,2.799999999999727,16.279953814844777
coupled_C,J03WQQ,8.461790087989048,6.0,19.35687890978245
coupled_C,J03WQQ,9.37802447769375,3.600000000000364,19.771278459673734
coupled_C,J03WQQ,4.333741205268204,3.800000000000182,17.981148576519924
coupled_C,J03WQQ,12.902971867197781,3.0,23.705043561644246
coupled_C,J03WQQ,15.328109569009928,4.800000000000182,19.905335577888536
coupled_C,J03WQQ,7.654666137311649,2.799999999999727,20.422763723878333
coupled_C,J03WQQ,14.159349866247847,6.0,16.289377415812908
coupled_C,J03WQQ,6.009070063508295,3.0,14.041769079791742
coupled_C,J03WQQ,6.9649151906795534,2.6000000000000005,19.082470383636576
coupled_C,J03WQQ,12.029358876885352,6.0,14.643654743753707
coupled_C,J03WQQ,28.24010319786084,5.400000000000006,24.426344652749183
coupled_C,J03WQQ,13.525307034220466,4.199999999999989,29.600064738414297
coupled_C,J03WQQ,10.834497222824295,4.2000000000000455,16.168545446813322
coupled_C,J03WQQ,4.4841795660394315,4.7999999999999545,16.420218471718023
coupled_C,J03WQQ,5.669914379607998,2.8000000000000114,17.315363625179273
coupled_C,J03WQQ,6.56957226152382,3.1999999999999886,13.312525305417463
coupled_C,J03WQQ,7.980051833899944,3.8000000000000114,21.354179200030643
coupled_C,J03WQQ,7.737767071155346,2.8000000000000114,19.97870833854526
coupled_C,J03WQQ,8.514499448453748,6.0,15.87576350407767
coupled_C,J03WQQ,10.116394831694457,4.2000000000000455,12.87625379737851
coupled_C,J03WQQ,9.285310220304344,3.800000000000068,20.054554713503254
coupled_C,J03WQQ,3.6874602056857597,3.0,8.4737881638561
coupled_C,J03WQQ,14.588533302926674,4.2000000000000455,31.580979625800353
coupled_C,J03WQQ,12.278619629258005,3.6000000000000227,12.121538659416062
coupled_C,J03WQQ,7.373960943753139,2.7999999999999545,10.663695071899673
coupled_C,J03WQQ,16.494353579331108,4.0,19.566877538815486
coupled_C,J03WQQ,8.329045563568187,3.3999999999998636,17.148532316731494
coupled_C,J03WQQ,15.290284497026208,4.400000000000091,14.274758183389595
coupled_C,J03WQQ,8.578169968005996,3.0,9.606920212126573
coupled_C,J03WQQ,10.000004999998755,3.599999999999909,15.054119383171901
coupled_C,J03WQQ,3.950658173013768,3.0,22.39794539991326
coupled_C,J03WQQ,9.130744766995074,3.800000000000182,20.23123248305795
coupled_C,J03WQQ,6.876401675295254,6.0,11.029990504547289
coupled_C,J03WQQ,9.57548954362174,3.0,17.59586499637248
coupled_C,J03WQQ,8.74547311470334,2.7999999999999545,9.586578933549525
coupled_C,J03WQQ,22.520035523949897,5.7999999999999545,19.31996131124326
coupled_C,J03WQQ,11.394568881708796,3.0,26.614535411914098
coupled_C,J03WQQ,6.397655820689323,2.599999999999909,15.429851367592011
coupled_C,J03WQQ,10.76987000850035,4.399999999999864,13.061934753156587
coupled_C,J03WQQ,21.899004543587125,4.800000000000182,24.768577398817754
coupled_C,J03WQQ,8.304149565128442,2.800000000000182,13.63689408176871
coupled_C,J03WQQ,6.6368215284132885,6.0,11.451180251995476
coupled_C,J03WQQ,8.839711533754931,6.0,14.17008798767012
coupled_C,J03WQQ,6.008901729934917,3.600000000000364,11.319833810894735
coupled_C,J03WQQ,3.82388545853559,3.0,8.80880666730133
coupled_C,J03WQQ,24.589042274964676,6.199999999999818,16.366575605655083
coupled_C,J03WQQ,8.775477195003088,4.0,24.787964945164624
coupled_C,J03WQQ,24.108606347112936,8.400000000000091,25.269869186193514
coupled_C,J03WQQ,9.024965373894794,5.0,20.253343250355908
coupled_C,J03WQQ,6.396256717798863,5.400000000000091,17.806927057550276
coupled_C,J03WQQ,7.368921223625614,2.599999999999909,11.740385831700054
coupled_C,J03WQQ,13.054386236049345,2.799999999999727,19.061775087460543
coupled_C,J03WQQ,8.319260784469652,3.400000000000091,28.3890157310647
coupled_C,J03WR9,14.335764534043916,4.2,32.054739711056946
coupled_C,J03WR9,22.026601667230608,5.000000000000002,21.97151560606582
coupled_C,J03WR9,10.149240355250448,5.600000000000001,13.849511743730481
coupled_C,J03WR9,7.661866729860335,6.0,16.55638591390351
coupled_C,J03WR9,8.433909221141054,2.6000000000000227,17.220357358626828
coupled_C,J03WR9,9.883465491935656,4.399999999999977,17.69749713239891
coupled_C,J03WR9,5.576156845905164,2.5999999999999943,9.855662784966293
coupled_C,J03WR9,17.782757061349642,6.0,24.344213206916958
coupled_C,J03WR9,4.737226034274213,3.1999999999999886,7.775024125985179
coupled_C,J03WR9,12.083411335907474,3.4000000000000057,12.170871238776584
coupled_C,J03WR9,7.1894522699751064,2.599999999999966,12.937552751839174
coupled_C,J03WR9,7.332899160019899,2.8000000000000114,9.922011322342893
coupled_C,J03WR9,7.717478174640434,2.8000000000000114,5.193283233567707
coupled_C,J03WR9,8.755670351914443,3.400000000000034,14.932968047010668
coupled_C,J03WR9,5.623133682955373,5.800000000000011,13.885795808514292
coupled_C,J03WR9,11.013348376502101,5.399999999999977,14.515654443454356
coupled_C,J03WR9,8.647226161326675,5.2000000000000455,29.37133242171314
coupled_C,J03WR9,7.8921150656146715,5.199999999999932,10.457226176661017
coupled_C,J03WR9,6.625598749111602,2.599999999999909,6.730439936111134
coupled_C,J03WR9,7.791766503853814,2.6000000000000227,16.35633393947524
coupled_C,J03WR9,14.369353561778611,3.0,15.519668309898567
coupled_C,J03WR9,8.380945656705851,3.3999999999999773,13.22811927661348
coupled_C,J03WR9,10.883091809557637,3.400000000000091,18.199471646148144
coupled_C,J03WR9,5.479720451600901,2.599999999999909,9.29490670985244
coupled_C,J03WR9,14.391744883033438,5.400000000000091,24.36656077959954
coupled_C,J03WR9,9.004354613734979,3.2000000000000455,15.632556699732875
coupled_C,J03WR9,9.703083372419643,4.400000000000091,9.125530055805347
coupled_C,J03WR9,8.662778797267698,6.0,20.444429466613776
coupled_C,J03WR9,4.426796227380486,3.400000000000091,12.163861913470988
coupled_C,J03WR9,7.576749295899922,3.2000000000000455,18.2279987993168
coupled_C,J03WR9,9.004643182976535,3.2000000000000455,20.803988272923014
coupled_C,J03WR9,8.897445070578925,4.600000000000136,13.368326531417367
coupled_C,J03WR9,13.64079756293881,5.0,17.101580069711105
coupled_C,J03WR9,11.369668840164419,6.0,16.570921637008624
coupled_C,J03WR9,26.11271425621584,6.400000000000091,23.090678989215228
coupled_C,J03WR9,21.876865504899527,3.799999999999727,21.74428153453495
coupled_C,J03WR9,13.487102115653343,4.399999999999636,23.346520971720103
coupled_C,J03WR9,6.641851269261048,3.400000000000091,15.368485934690732
coupled_C,J03WR9,6.566085347119087,3.0,23.49577794841935
coupled_C,J03WR9,4.017324630614279,4.0,7.862868636252855
coupled_C,J03WR9,10.286227637876781,3.200000000000273,15.704772772230104
coupled_C,J03WR9,21.760715594795347,4.599999999999909,19.67006554261095
coupled_C,J03WR9,7.501643936300796,6.0,13.661704345201192
coupled_C,J03WR9,7.1126771076320505,6.0,16.150792698384848
coupled_C,J03WR9,7.3059017239489314,6.0,13.8467861281088
coupled_C,J03WR9,12.234941765288463,6.0,17.873031120770282
coupled_C,J03WR9,8.66157606905348,3.799999999999997,21.091518972898733
coupled_C,J03WR9,7.207364289391786,2.5999999999999943,22.441801651041295
coupled_C,J03WR9,8.32598943069234,6.0,16.722284520660665
coupled_C,J03WR9,11.507189057280709,6.0,17.762201492786957
coupled_C,J03WR9,10.294857939767832,5.599999999999966,25.05911095407982
coupled_C,J03WR9,5.0505643249049506,2.800000000000068,12.502157129331309
coupled_C,J03WR9,12.921950317192827,6.0,26.550570332835196
coupled_C,J03WR9,16.600192769965055,6.0,21.00277803588174
coupled_C,J03WR9,10.57783531730382,4.400000000000091,8.137236022996687
coupled_C,J03WR9,4.892862148068345,4.0,9.247411325135953
coupled_C,J03WR9,4.136967488391103,2.6000000000001364,18.027546418217938
coupled_C,J03WR9,11.460794038809004,5.0,31.029176861941078
coupled_C,J03WR9,7.349136003639845,2.599999999999909,10.289355904770161
coupled_C,J03WR9,14.71674216666175,6.0,14.294675945832102
coupled_C,J03WR9,17.884619090157845,4.400000000000091,18.451300889365903
coupled_C,J03WR9,7.637047858957021,6.0,19.28867187836076
coupled_C,J03WR9,10.79082943985381,6.0,26.292282584488817
coupled_C,J03WR9,20.036179775595944,6.0,18.471808602506812
coupled_C,J03WR9,10.542736836324806,3.2000000000000455,28.78746086086652
coupled_C,J03WR9,11.5617386235808,3.799999999999727,24.484306507075566
coupled_C,J03WR9,17.130105078488167,6.0,15.281570053892578
coupled_C,J03WR9,9.033825324857355,2.800000000000182,15.849080883931823
coupled_C,J03WR9,12.365055600360959,6.0,10.591986618205803
coupled_C,J03WR9,12.251224428603052,5.800000000000182,13.8357553780325
coupled_C,J03WR9,12.495775286071453,4.0,12.22983473657269
coupled_C,J03WR9,7.300746537170015,6.0,13.195531286344252
coupled_C,J03WR9,7.282341656364154,2.599999999999909,12.510135788597317
coupled_C,J03WR9,6.483085685073262,5.199999999999818,11.23284491399512
coupled_C,J03WR9,10.59393222557139,6.0,21.43838264192496
stage2_C,Sample_Game_1,23.53826697356149,4.199999999999996,12.580698763681095
stage2_C,Sample_Game_1,7.049903696665439,2.6000000000000227,8.695498441952154
stage2_C,Sample_Game_1,11.45500911020467,6.0,10.36740428937648
stage2_C,Sample_Game_1,7.031447225914726,2.8000000000000114,9.683340506657984
stage2_C,Sample_Game_1,5.355965979053622,6.0,7.55824229368007
stage2_C,Sample_Game_1,11.683364653676264,3.8000000000000114,11.154628357318993
stage2_C,Sample_Game_1,6.640505908448861,6.0,8.48260416098961
stage2_C,Sample_Game_1,5.317803144827266,4.2000000000000455,5.8919420356236225
stage2_C,Sample_Game_1,20.63245224397057,5.399999999999977,35.184032337304444
stage2_C,Sample_Game_1,34.055491974058114,6.399999999999977,23.577267120772284
stage2_C,Sample_Game_1,6.478681863224381,6.0,13.051659882867952
stage2_C,Sample_Game_1,5.406695786324335,3.2000000000000455,10.22739713190109
stage2_C,Sample_Game_1,11.00173113427082,6.0,14.969860185204894
stage2_C,Sample_Game_1,8.508565398304611,2.6000000000000227,11.332175990673068
stage2_C,Sample_Game_1,9.500059669344967,3.0,9.263088020684428
stage2_C,Sample_Game_1,6.484175323957307,2.7999999999999545,6.598472877997299
stage2_C,Sample_Game_1,3.9818558382932654,6.0,10.776940815396031
stage2_C,Sample_Game_1,7.391094420825013,3.6000000000000227,7.609208177964151
stage2_C,Sample_Game_1,10.258966717692907,3.3999999999998636,7.233725329115746
stage2_C,Sample_Game_1,5.880744391937213,2.7999999999999545,7.705434875011916
stage2_C,Sample_Game_1,10.240937146032746,4.399999999999864,22.86566824688922
stage2_C,Sample_Game_1,6.07380310319582,6.0,6.8687153330317905
stage2_C,Sample_Game_1,5.525670679289977,2.7999999999999545,8.723847698380153
stage2_C,Sample_Game_1,4.1066567476591604,6.0,20.474870990097173
stage2_C,Sample_Game_1,6.708047637944165,3.0,15.772298205899524
stage2_C,Sample_Game_1,6.5294161145434675,2.6000000000001364,11.303235830828081
stage2_C,Sample_Game_1,6.490423130102079,6.0,9.3310590629141
stage2_C,Sample_Game_1,10.065749645513971,5.0,11.186113914922204
stage2_C,Sample_Game_1,10.154012171400385,2.7999999999999545,7.587292859136868
stage2_C,Sample_Game_1,14.572785752717625,5.2000000000000455,10.460223391177804
stage2_C,Sample_Game_1,7.301046518262167,2.7999999999999545,4.572944101859939
stage2_C,Sample_Game_1,3.545002240360583,2.599999999999909,11.756647649112018
stage2_C,Sample_Game_1,22.381386482314454,5.2000000000000455,23.03866244835855
stage2_C,Sample_Game_1,11.41937225038657,6.0,20.43559961508762
stage2_C,Sample_Game_1,7.182602391123903,3.0,14.113328650481776
stage2_C,Sample_Game_1,10.101398413477032,3.799999999999727,12.438201896338706
stage2_C,Sample_Game_1,12.448679240682349,3.0,19.071398232223878
stage2_C,Sample_Game_1,6.990738622575469,6.0,9.399346552170009
stage2_C,Sample_Game_1,7.048367703420063,3.599999999999909,8.023261571424595
stage2_C,Sample_Game_1,10.228871141698047,2.800000000000182,9.072536217135958
stage2_C,Sample_Game_1,9.213023130836326,6.0,5.063561424849539
stage2_C,Sample_Game_1,10.812851995606339,3.599999999999909,9.546244684298891
stage2_C,Sample_Game_1,22.686261961305124,7.199999999999818,20.834007591209165
stage2_C,Sample_Game_1,8.451828147514611,3.599999999999909,15.810342174826681
stage2_C,Sample_Game_1,22.626384234095756,6.600000000000364,24.95800617135395
stage2_C,Sample_Game_1,4.428111464052483,6.0,8.026065315083583
stage2_C,Sample_Game_1,13.74143730231414,3.799999999996544,15.840272961204658
stage2_C,Sample_Game_1,4.538052874267189,2.9999999999972715,11.008154301351098
stage2_C,Sample_Game_1,9.481589324926757,6.0,12.545744485747116
stage2_C,Sample_Game_1,10.923814595456108,6.0,43.80401495162638
stage2_C,Sample_Game_1,6.840434693054403,2.9999999999972715,14.16717230832381
stage2_C,Sample_Game_1,6.518010875763573,3.599999999996726,13.987224582951605
stage2_C,Sample_Game_1,11.912525545626604,6.0,22.920983777061412
stage2_C,Sample_Game_1,9.631822891664982,5.999999999994543,14.420867709059678
stage2_C,Sample_Game_1,27.711225045162816,5.799999999994725,18.99915651562456
stage2_C,Sample_Game_1,7.614193721606352,2.5999999999976353,10.526218849468039
stage2_C,Sample_Game_1,10.035060235825728,6.0,8.112941621334798
stage2_C,Sample_Game_1,7.060692248761512,3.1999999999970896,10.015485620582226
stage2_C,Sample_Game_1,5.918484715250138,2.7999999999974534,14.818893867115868
stage2_C,Sample_Game_1,6.219767615758608,2.7999999999974534,7.839058738990362
stage2_C,Sample_Game_1,13.954957103320183,6.0,30.858480147353625
stage2_C,Sample_Game_1,7.588935333845024,6.0,15.740359635332815
stage2_C,Sample_Game_1,14.30402420567233,6.0,26.042528760945046
stage2_C,Sample_Game_1,12.356759183181211,3.3999999999969077,19.506698014952683
stage2_C,Sample_Game_1,13.622325770207613,6.0,14.949159651405378
stage2_C,Sample_Game_1,8.161207188750684,6.0,14.596145552910293
stage2_C,Sample_Game_1,4.429026639840979,3.3999999999969077,18.241178643164925
stage2_C,Sample_Game_1,7.254482042695811,6.0,17.374093003038254
stage2_C,Sample_Game_1,13.779810491600845,2.7999999999974534,18.902774510777505
stage2_C,Sample_Game_1,8.954630798663665,2.7999999999974534,9.84757027849683
stage2_C,Sample_Game_1,25.950946554585542,6.799999999993815,27.976056862745203
stage2_C,Sample_Game_1,6.247398855362115,2.599999999996726,10.020444200731687
stage2_C,Sample_Game_1,15.052804293092738,6.0,15.932165953617819
stage2_C,Sample_Game_1,17.64356160237321,3.999999999996362,25.63720571376996
stage2_C,Sample_Game_1,21.97703995729482,5.599999999994907,23.174302586912187
stage2_C,Sample_Game_1,5.915488795316396,3.599999999996726,10.522587423068899
stage2_C,Sample_Game_1,2.6149793866171462,3.7999999999974534,6.784178505524684
stage2_C,Sample_Game_1,8.255472249098286,3.1999999999970896,14.207329786743864
stage2_C,Sample_Game_1,12.199374195533721,6.0,22.754619507921177
stage2_C,Sample_Game_1,3.7237088481848786,3.599999999996726,13.79368911118756
stage2_C,Sample_Game_1,11.049943950559062,4.399999999995998,12.856272879709246
stage2_C,Sample_Game_1,5.295661720084402,5.999999999994543,8.191811946298508
stage2_C,Sample_Game_1,7.581556090089216,4.999999999994543,14.899024212102436
stage2_C,Sample_Game_1,27.302447397947198,5.399999999994179,23.267434713839442
stage2_C,Sample_Game_1,6.24335456880582,3.999999999996362,13.966672030095708
stage2_C,Sample_Game_1,7.048708480773619,2.7999999999974534,13.504484133597082
stage2_C,Sample_Game_1,4.055397238833798,2.599999999998545,11.052657984321037
stage2_C,Sample_Game_1,4.356184024805382,2.599999999996726,10.18683238714226
stage2_C,Sample_Game_1,2.368837907089131,4.399999999995998,3.6129500491580004
stage2_C,Sample_Game_1,5.519524542841276,6.0,28.322915612880667
stage2_C,Sample_Game_1,20.50789712230222,5.399999999995998,17.5771866530132
stage2_C,Sample_Game_1,10.938411282670577,3.599999999996726,14.720785680991167
stage2_C,Sample_Game_1,7.747187069037207,2.599999999996726,12.324625110617323
stage2_C,Sample_Game_1,8.90555554974684,6.0,24.699626238513574
stage2_C,Sample_Game_1,3.514471755579569,5.199999999995271,12.575047622163911
stage2_C,Sample_Game_1,23.83565884892096,4.799999999995634,21.797864140740046
stage2_C,Sample_Game_2,6.244908832221478,2.8000000000000043,11.963460735520481
stage2_C,Sample_Game_2,7.363517652805337,3.6000000000000085,10.637319885136218
stage2_C,Sample_Game_2,10.199429499563855,3.200000000000003,11.928249168445427
stage2_C,Sample_Game_2,5.263571279324251,3.200000000000017,9.358317316334364
stage2_C,Sample_Game_2,4.496065749443428,6.0,11.438967276805215
stage2_C,Sample_Game_2,6.784607259295374,3.0,10.395455468239884
stage2_C,Sample_Game_2,10.060803318119959,3.6000000000000227,15.195978225590686
stage2_C,Sample_Game_2,8.624789348637865,2.6000000000000227,10.5739184347469
stage2_C,Sample_Game_2,5.474208820241411,2.599999999999909,11.663915826402802
stage2_C,Sample_Game_2,7.7727831736587945,3.0,8.64176571212565
stage2_C,Sample_Game_2,9.164819793983328,3.199999999999932,19.360787534453774
stage2_C,Sample_Game_2,8.739585514173083,3.0,13.35334553414237
stage2_C,Sample_Game_2,9.572501022660036,3.7999999999999545,12.20371675845701
stage2_C,Sample_Game_2,6.321723833147275,4.0,13.99818721505168
stage2_C,Sample_Game_2,8.782721560247115,6.0,18.256383262290058
stage2_C,Sample_Game_2,16.270027142116827,8.0,19.672226716370982
stage2_C,Sample_Game_2,17.128500864135205,5.7999999999999545,21.926197233427263
stage2_C,Sample_Game_2,10.500508343595524,2.800000000000182,22.561471443768887
stage2_C,Sample_Game_2,11.861668972136854,5.0,33.16558739666692
stage2_C,Sample_Game_2,9.935140904657725,3.7999999999999545,16.914086590434916
stage2_C,Sample_Game_2,10.13826307773271,6.0,14.434498144318294
stage2_C,Sample_Game_2,22.778347720266964,6.0,32.061515181232636
stage2_C,Sample_Game_2,13.554158921745376,6.0,17.777427457848567
stage2_C,Sample_Game_2,4.920417008479731,3.599999999999909,18.314337437681566
stage2_C,Sample_Game_2,5.7581217965964715,2.7999999999999545,11.272161418402284
stage2_C,Sample_Game_2,7.342967937040426,2.599999999999909,11.048009669101106
stage2_C,Sample_Game_2,26.566300350044422,5.7999999999999545,23.90196861413895
stage2_C,Sample_Game_2,9.66663552171002,4.0,20.626743382720612
stage2_C,Sample_Game_2,5.304817442402883,3.0,16.03457502902409
stage2_C,Sample_Game_2,7.757569474705937,2.800000000000182,18.92779555408757
stage2_C,Sample_Game_2,7.567997251275333,6.0,18.331813904515073
stage2_C,Sample_Game_2,4.162519034280405,2.599999999999909,11.982729538494779
stage2_C,Sample_Game_2,12.285152492179986,5.199999999995271,15.70844761669668
stage2_C,Sample_Game_2,22.34283660061609,6.0,12.376811903832506
stage2_C,Sample_Game_2,5.230070326280732,3.1999999999970896,8.391685610204604
stage2_C,Sample_Game_2,7.331561166926316,6.0,7.199905781204237
stage2_C,Sample_Game_2,4.782549539227371,6.0,10.934549045932936
stage2_C,Sample_Game_2,17.822760799561273,6.0,13.41697192485779
stage2_C,Sample_Game_2,16.396916104579432,6.0,32.59000851587084
stage2_C,Sample_Game_2,13.980608111138164,5.999999999994543,17.009449040886825
stage2_C,Sample_Game_2,6.613072054234611,3.1999999999970896,9.921363836519706
stage2_C,Sample_Game_2,8.234544032853643,6.0,12.705419132403325
stage2_C,Sample_Game_2,16.777467522559753,6.0,16.720005939706073
stage2_C,Sample_Game_2,5.559724685229645,5.799999999994725,25.38417534572207
stage2_C,Sample_Game_2,7.575699394336301,2.9999999999972715,12.24624336385138
stage2_C,Sample_Game_2,9.871359512514596,6.0,11.950164269917428
stage2_C,Sample_Game_2,5.226824075920467,6.0,14.683823144899865
stage2_C,Sample_Game_2,10.674131899271966,5.799999999994725,13.074514966525022
stage2_C,Sample_Game_2,2.999757189694174,2.5999999999976353,6.357381847884392
stage2_C,Sample_Game_2,10.521548259064218,6.0,16.92089246250685
stage2_C,Sample_Game_2,5.35765582434334,2.5999999999976353,9.97156564906312
stage2_C,Sample_Game_2,8.124151404263474,3.1999999999970896,9.219044657789649
stage2_C,Sample_Game_2,7.15759232367826,5.399999999995089,12.84699965997768
stage2_C,Sample_Game_2,8.101930881200708,3.1999999999970896,19.99151177457127
stage2_C,Sample_Game_2,11.580822937646015,6.0,12.678938914046237
stage2_C,Sample_Game_2,6.541120624285961,6.0,10.888261003496005
stage2_C,Sample_Game_2,20.716255093453825,4.599999999995816,20.56097140378715
stage2_C,Sample_Game_2,6.628203858786636,3.799999999996544,9.357884082555945
stage2_C,Sample_Game_2,8.202560750361087,3.599999999996726,5.526035505002763
stage2_C,Sample_Game_2,4.473683695156967,6.0,5.255616113251778
stage2_C,Sample_Game_2,7.184966553321878,4.599999999995816,10.236935265423064
stage2_C,Sample_Game_2,5.05414959667117,6.0,9.980898199209395
stage2_C,Sample_Game_2,5.197042418788846,2.5999999999976353,8.528594270671634
stage2_C,Sample_Game_2,12.545243971839028,4.19999999999618,16.845314505511343
stage2_C,Sample_Game_2,28.101831995422437,5.399999999995089,18.209899969311152
stage2_C,Sample_Game_2,21.19130811251864,6.0,21.39217740416565
stage2_C,Sample_Game_2,8.449542524266112,5.999999999994543,10.779325351350433
stage2_C,Sample_Game_2,10.294604779727209,4.19999999999618,14.030400102128862
stage2_C,Sample_Game_2,5.353872730904429,6.0,9.677443878877117
stage2_C,Sample_Game_2,2.5405702314358938,3.599999999996726,14.254480909348965
stage2_C,Sample_Game_2,6.995970060955379,3.1999999999970896,18.888264149320104
stage2_C,Sample_Game_3,11.66133251077638,6.0,19.100297503427303
stage2_C,Sample_Game_3,16.03653070304081,4.399999999999977,27.194209506590802
stage2_C,Sample_Game_3,17.747560518758853,5.999999999999972,24.233928164896792
stage2_C,Sample_Game_3,7.367447798601927,4.399999999999977,14.011958556603311
stage2_C,Sample_Game_3,14.223892684801921,6.0,19.435397816899567
stage2_C,Sample_Game_3,6.96639066713481,2.599999999999966,15.857786740064377
stage2_C,Sample_Game_3,9.281612184702817,5.399999999999977,13.480351882378658
stage2_C,Sample_Game_3,13.007939019710356,6.0,12.19330937295766
stage2_C,Sample_Game_3,7.992677876876781,3.0,12.663904148858174
stage2_C,Sample_Game_3,15.18336132990698,6.0,22.556858166692017
stage2_C,Sample_Game_3,12.78600776664436,5.399999999999977,15.375934239649812
stage2_C,Sample_Game_3,8.050776009636875,3.599999999999909,12.802556047648231
stage2_C,Sample_Game_3,6.691080463152527,2.6000000000000227,12.109369755147842
stage2_C,Sample_Game_3,13.618930827546738,6.0,12.804668775466062
stage2_C,Sample_Game_3,7.7169833683720395,3.199999999999932,12.1476174130274
stage2_C,Sample_Game_3,11.890620007692863,3.7999999999999545,16.592060120351185
stage2_C,Sample_Game_3,9.758358311025518,4.600000000000023,15.152068351840686
stage2_C,Sample_Game_3,7.169798099650663,3.6000000000000227,15.94341115529857
stage2_C,Sample_Game_3,5.2030437642601886,3.800000000000068,10.662962543855055
stage2_C,Sample_Game_3,12.383053134038459,4.199999999999932,23.31466006022022
stage2_C,Sample_Game_3,6.183178416593705,4.199999999999932,12.726399490925498
stage2_C,Sample_Game_3,7.837389709300439,3.2000000000000455,15.63231169159941
stage2_C,Sample_Game_3,4.6661455798353115,3.6000000000000227,9.759362069703428
stage2_C,Sample_Game_3,9.205179226167878,3.0,17.694196310197626
stage2_C,Sample_Game_3,15.331740675047717,5.800000000000182,27.44607075651156
stage2_C,Sample_Game_3,11.383106975985761,3.2000000000000455,19.90402924968958
stage2_C,Sample_Game_3,14.053141355883703,5.599999999999909,23.874747475010224
stage2_C,Sample_Game_3,10.98274201901668,3.400000000000091,13.198581712720184
stage2_C,Sample_Game_3,4.167331342183537,3.2000000000000455,10.061688302717451
stage2_C,Sample_Game_3,9.909581735337417,6.0,14.34650536866791
stage2_C,Sample_Game_3,9.504880693017812,3.7999999999999545,17.324473378884154
stage2_C,Sample_Game_3,16.46356869987151,6.0,17.222797111467646
stage2_C,Sample_Game_3,10.907650654153755,6.0,26.115969420526476
stage2_C,Sample_Game_3,10.41753788522865,6.0,23.80753400952129
stage2_C,Sample_Game_3,9.666636613485693,3.2000000000000455,10.425893612507252
stage2_C,Sample_Game_3,8.523397432802552,3.400000000000091,12.025393362567547
stage2_C,Sample_Game_3,6.482393828576207,2.7999999999999545,10.740464300237807
stage2_C,Sample_Game_3,6.188330785632328,2.599999999999909,17.096008439778508
stage2_C,Sample_Game_3,8.392584099767053,6.0,13.513042342696016
stage2_C,Sample_Game_3,12.028598088646923,6.0,20.05635672601289
stage2_C,Sample_Game_3,14.5674333779838,5.0,13.852431332608077
stage2_C,Sample_Game_3,8.026257154649063,6.0,12.352162626250347
stage2_C,Sample_Game_3,11.242704874353578,5.399999999999864,13.702873867408956
stage2_C,Sample_Game_3,8.696561053437028,4.0,7.834324961283118
stage2_C,Sample_Game_3,17.54063646256424,6.0,13.95311201499671
stage2_C,Sample_Game_3,8.845487329602808,5.199999999999818,19.560651726488068
stage2_C,Sample_Game_3,3.6111919915048425,2.800000000000182,17.530826310390708
stage2_C,Sample_Game_3,5.028952327797683,4.199999999999818,14.642261339912306
stage2_C,Sample_Game_3,16.439164307480446,5.199999999999818,14.461143054215338
stage2_C,Sample_Game_3,5.9195321017846805,2.800000000000182,14.607540232665208
stage2_C,Sample_Game_3,15.396930111048432,3.0,14.575008076203465
stage2_C,Sample_Game_3,9.780304705170671,6.0,27.624394516363196
stage2_C,Sample_Game_3,8.477874246894347,3.799999999999727,11.071090614779859
stage2_C,Sample_Game_3,9.440172275679327,4.200000000000273,14.504641941290313
stage2_C,Sample_Game_3,5.196211978408181,4.199999999999818,9.0050461498956
stage2_C,Sample_Game_3,12.62315992517214,4.400000000000091,13.718433057321791
stage2_C,Sample_Game_3,13.830141890014598,5.800000000000182,15.028674583144685
stage2_C,Sample_Game_3,11.903223257096828,6.0,18.01392549439145
stage2_C,Sample_Game_3,10.115621202980677,5.599999999999994,11.484839535952133
stage2_C,Sample_Game_3,5.713376637677012,2.799999999999983,14.226820735051874
stage2_C,Sample_Game_3,12.847759694208925,6.0,17.73360150027419
stage2_C,Sample_Game_3,6.259036510181824,3.4000000000000057,14.97257400347412
stage2_C,Sample_Game_3,8.53978565740134,3.0,13.867627927461546
stage2_C,Sample_Game_3,13.847142911282551,6.0,23.823451071852677
stage2_C,Sample_Game_3,5.403414721195887,4.199999999999989,12.976012114964952
stage2_C,Sample_Game_3,8.697290954864137,2.6000000000000227,17.86806185070802
stage2_C,Sample_Game_3,8.823290409335756,3.599999999999909,16.55785000918383
stage2_C,Sample_Game_3,11.170648364681226,3.199999999999932,14.63906201990645
stage2_C,Sample_Game_3,7.919371977637502,3.400000000000091,11.901656623527163
stage2_C,Sample_Game_3,17.72772044464711,4.399999999999977,11.332947686049385
stage2_C,Sample_Game_3,8.315505392387951,3.2000000000000455,12.820012778904038
stage2_C,Sample_Game_3,16.244650967618924,3.7999999999999545,19.10905187110272
stage2_C,Sample_Game_3,4.226788841839795,5.399999999999977,17.509586915329376
stage2_C,Sample_Game_3,10.488400934769643,4.199999999999932,26.976357071122365
stage2_C,Sample_Game_3,7.79996087013426,4.2000000000000455,18.090669327785996
stage2_C,Sample_Game_3,5.760108274311664,4.999999999999886,14.618943808619246
stage2_C,Sample_Game_3,11.70785213888027,6.0,25.26535402383384
stage2_C,Sample_Game_3,4.650025026474581,4.400000000000091,13.469203390602296
stage2_C,Sample_Game_3,11.579017903223788,2.6000000000001364,14.036655297992224
stage2_C,Sample_Game_3,7.483935386162388,6.0,14.76481168872398
stage2_C,Sample_Game_3,10.646018234911361,6.0,9.21090033419419
stage2_C,Sample_Game_3,9.353913079095172,4.199999999999818,11.580148350464459
stage2_C,Sample_Game_3,12.771180583439818,4.199999999999818,13.700943838775633
stage2_C,Sample_Game_3,12.930379306897569,3.599999999999909,14.521296435749186
stage2_C,Sample_Game_3,10.442016305905343,3.599999999999909,29.37102272380026
stage2_C,Sample_Game_3,4.3063618054491,6.0,9.781309102288464
stage2_C,Sample_Game_3,8.338323256254572,3.2000000000000455,12.308452282100912
stage2_C,Sample_Game_3,11.236207624609353,5.2000000000000455,20.670447639896793
stage2_C,Sample_Game_3,19.69980360193473,4.400000000000091,15.739978137375584
stage2_C,Sample_Game_3,7.545376885725576,3.0,14.295573467564083
stage2_C,Sample_Game_3,17.769851641968103,3.599999999999909,16.831599563127185
stage2_C,Sample_Game_3,8.464244563937019,6.0,9.353839122394703
stage2_C,Sample_Game_3,6.08186243066592,2.599999999999909,15.824321611477956
stage2_C,Sample_Game_3,4.27628835048634,5.2000000000000455,14.351620698757934
stage2_C,Sample_Game_3,13.53822942702163,4.199999999999818,23.10795635557671
stage2_C,Sample_Game_3,7.243386929483936,6.0,12.737444407075145
stage2_C,Sample_Game_3,10.868626546690434,3.2000000000000455,12.882476788240277
stage2_C,Sample_Game_3,6.154418547560064,3.0,16.127125605536047
stage2_C,Sample_Game_3,3.6550853805003873,3.0,15.58128622573567
stage2_C,Sample_Game_3,15.514728541852724,4.800000000000182,33.62389636305247
stage2_C,Sample_Game_3,9.141271434421519,3.400000000000091,22.749290835757172
stage2_C,Sample_Game_3,9.290944811669593,6.0,19.506250891034984
stage2_C,Sample_Game_3,9.515507561099792,6.0,18.967822450403503
stage2_C,Sample_Game_3,12.191567789559624,4.0,9.21947920107845
stage2_C,Sample_Game_3,14.756766245661906,6.0,16.821166156830735
stage2_C,Sample_Game_3,18.27763407948001,3.799999999999727,21.444806571417715
stage2_C,Sample_Game_3,6.5799276110209615,3.0,9.620098832599247
stage2_C,Sample_Game_3,7.356112830517872,2.600000000000364,8.817190439288236
stage2_C,Sample_Game_3,29.06978081522413,6.0,28.80621913418944
stage2_C,Sample_Game_3,2.7771908339871985,3.599999999999909,6.4546920575905
stage2_C,Sample_Game_3,11.106360981868947,5.200000000000273,13.837562200182944
stage2_C,Sample_Game_3,9.350669942988642,3.200000000000273,12.038852548459946
stage2_C,Sample_Game_3,13.394633733018619,6.0,18.075155356936023
stage2_C,Sample_Game_3,9.860563412318264,5.599999999999909,13.596204449696287
stage2_C,Sample_Game_3,7.799096407141072,3.400000000000091,16.102606758469012
stage2_C,Sample_Game_3,16.021277931910262,6.0,27.831278461019707
stage2_C,Sample_Game_3,7.547367842271035,4.800000000000182,10.813811022682241
stage2_C,Sample_Game_3,12.854097647583554,5.199999999999818,15.511568140870587
stage2_C,J03WPY,8.795602694378339,2.8,16.03762285740818
stage2_C,J03WPY,4.044501385112701,2.6000000000000014,8.388872473272043
stage2_C,J03WPY,16.21576763578408,6.0,15.476525098906308
stage2_C,J03WPY,8.154734766286873,3.0,11.821226352052474
stage2_C,J03WPY,7.942935132692201,3.200000000000017,11.89682958638847
stage2_C,J03WPY,5.705277706688334,2.799999999999983,13.193595162452741
stage2_C,J03WPY,6.600285275158911,2.8000000000000114,9.330851105155908
stage2_C,J03WPY,10.52513485813969,3.6000000000000227,17.499881835679666
stage2_C,J03WPY,8.190254472139955,2.800000000000068,13.234681110271861
stage2_C,J03WPY,14.081164997204585,4.600000000000023,12.644125258589172
stage2_C,J03WPY,13.84086016692869,6.0,18.02341400445978
stage2_C,J03WPY,3.2969074666252194,2.6000000000000227,7.124288087164597
stage2_C,J03WPY,4.919045208303737,3.2000000000000455,10.64126152961711
stage2_C,J03WPY,7.360404091794191,3.0,11.709252637579521
stage2_C,J03WPY,14.227352647399831,4.399999999999977,31.73469328831301
stage2_C,J03WPY,11.160254949496327,3.2000000000000455,12.629610697696545
stage2_C,J03WPY,5.587588038561298,6.0,15.884922620995859
stage2_C,J03WPY,9.303612341027453,2.6000000000001364,23.00843394970063
stage2_C,J03WPY,12.129459350111153,3.800000000000182,23.087911320779035
stage2_C,J03WPY,5.829657340538257,2.7999999999999545,14.134550280158102
stage2_C,J03WPY,17.517864512438923,4.0,19.71725783536977
stage2_C,J03WPY,7.574404416360739,6.0,14.307102478921221
stage2_C,J03WPY,7.3299207736379834,3.0,16.241577625565828
stage2_C,J03WPY,7.738158191526909,5.599999999999909,15.49918673875241
stage2_C,J03WPY,7.196863464905194,6.0,11.43515248832626
stage2_C,J03WPY,14.632859152019556,4.2000000000000455,13.571166601003185
stage2_C,J03WPY,9.401555068080807,2.7999999999999545,11.277442328556948
stage2_C,J03WPY,16.669126806276772,4.599999999999909,29.404077430234782
stage2_C,J03WPY,10.279181732542312,3.0,9.244215879768745
stage2_C,J03WPY,2.1058840004649118,2.800000000000182,10.67498885958318
stage2_C,J03WPY,3.6714408513251646,2.6000000000001364,10.54163973113859
stage2_C,J03WPY,6.143836037078666,4.0,11.339476167358637
stage2_C,J03WPY,9.237087705340556,3.7999999999999545,9.225605149269438
stage2_C,J03WPY,9.706654521843179,3.599999999999909,17.213720039871614
stage2_C,J03WPY,3.5020987067934715,2.599999999999909,12.418341404733342
stage2_C,J03WPY,29.80727268413553,7.0,20.51045719651642
stage2_C,J03WPY,9.729728594883806,2.7999999999999545,17.98621983156618
stage2_C,J03WPY,6.215276251998431,4.399999999999864,19.363652123670043
stage2_C,J03WPY,6.729796061370518,3.0,20.633573218700793
stage2_C,J03WPY,11.678993858225091,3.599999999999909,14.1777866236696
stage2_C,J03WPY,8.051783340556339,2.599999999999909,14.985588847738857
stage2_C,J03WPY,12.452560122658916,3.400000000000091,25.278837928431766
stage2_C,J03WPY,12.294516687852461,5.199999999999818,17.81382043779717
stage2_C,J03WPY,6.586232596675311,3.199999999999818,10.10747826796648
stage2_C,J03WPY,7.650712841457632,3.400000000000091,14.820611118366191
stage2_C,J03WPY,9.84107297873516,6.0,19.094452577981073
stage2_C,J03WPY,26.184243296012504,5.400000000000091,18.047623979908053
stage2_C,J03WPY,7.246332330930013,3.399999999999636,12.041353833522832
stage2_C,J03WPY,8.22166533512991,3.800000000000182,12.80515237686369
stage2_C,J03WPY,31.866177797983283,5.599999999999909,24.526197415011385
stage2_C,J03WPY,4.851468242055482,2.6000000000000227,10.17281853121277
stage2_C,J03WPY,30.350863543055905,6.0,51.57602661332518
stage2_C,J03WPY,4.26789841491151,4.399999999999977,11.422074941792483
stage2_C,J03WPY,11.34751228371333,3.6000000000000227,25.14873623673192
stage2_C,J03WPY,6.214772466499916,3.6000000000000227,15.112219494041362
stage2_C,J03WPY,46.387966848495125,10.0,38.06513069407477
stage2_C,J03WPY,5.327951870411777,3.0,11.283896213417513
stage2_C,J03WPY,9.679250601757278,3.0,17.169598032827846
stage2_C,J03WPY,9.532051450954452,3.7999999999999545,21.31856945496194
stage2_C,J03WPY,9.218171136742185,2.7999999999999545,9.122327632784167
stage2_C,J03WPY,29.057588622483394,6.2000000000000455,27.403375904332407
stage2_C,J03WPY,7.431109839503376,2.7999999999999545,13.358644619283005
stage2_C,J03WPY,9.693050002482646,3.799999999999727,11.513101722124382
stage2_C,J03WPY,13.718561986012906,3.599999999999909,14.213311207632817
stage2_C,J03WPY,7.246577967927743,3.0,12.468354010300189
stage2_C,J03WPY,9.975586001481766,4.800000000000182,13.318155057041544
stage2_C,J03WPY,10.885792350650306,5.199999999999818,17.16855320816118
stage2_C,J03WPY,11.478297482683113,3.800000000000182,10.160408608350698
stage2_C,J03WPY,12.685730120933457,3.399999999999636,12.073171108745147
stage2_C,J03WPY,4.52362263374992,4.0,5.669421659691559
stage2_C,J03WPY,10.650051569466003,3.400000000000091,18.61216695363126
stage2_C,J03WPY,7.016202936719169,6.0,16.110709164342804
stage2_C,J03WPY,7.115519390282911,2.800000000000182,14.779260177969242
stage2_C,J03WPY,8.220650267256351,2.599999999999909,15.76973232825991
stage2_C,J03WPY,5.856660991588378,3.800000000000182,22.703562900236435
stage2_C,J03WPY,5.385933638802515,2.599999999999909,11.920920881283331
stage2_C,J03WPY,7.607210005886129,3.400000000000091,22.581139995547403
stage2_C,J03WPY,13.295169396273437,3.599999999999909,29.954025221304253
stage2_C,J03WPY,12.83720164324712,3.0,30.699890022349628
stage2_C,J03WPY,11.658790230513873,2.799999999999727,12.496061349996126
stage2_C,J03WPY,14.90379790107963,3.400000000000091,22.70582777457679
stage2_C,J03WPY,6.323582994873574,6.0,11.904528828227619
stage2_C,J03WPY,10.017297136157243,2.599999999999909,12.419397842928902
stage2_C,J03WPY,5.046035266796693,3.400000000000091,8.140867754055755
stage2_C,J03WMX,17.24430952625377,4.0,21.267958325088223
stage2_C,J03WMX,8.809657311906083,3.1999999999999886,22.44156066143057
stage2_C,J03WMX,5.162729230343319,4.399999999999977,15.490984612099272
stage2_C,J03WMX,11.614304126740315,3.6000000000000227,14.804982883214011
stage2_C,J03WMX,12.011053688353728,4.600000000000023,28.98997293278437
stage2_C,J03WMX,6.65438940229682,6.0,13.054969859652331
stage2_C,J03WMX,7.748114379969323,2.6000000000000227,9.614903940322055
stage2_C,J03WMX,7.866493935822307,3.3999999999999773,14.095525107131415
stage2_C,J03WMX,11.296264830109209,6.0,15.78518742798202
stage2_C,J03WMX,4.094253350393436,3.6000000000000227,15.376617408445657
stage2_C,J03WMX,11.410765180722848,6.0,14.654643604719785
stage2_C,J03WMX,17.615661962238192,3.3999999999998636,14.12932799768522
stage2_C,J03WMX,13.848001721495363,4.400000000000091,14.14255679681532
stage2_C,J03WMX,10.937511346179573,3.400000000000091,21.67043405093737
stage2_C,J03WMX,5.00600837273443,2.7999999999999545,16.45478680219672
stage2_C,J03WMX,4.863623085015484,2.7999999999999545,17.775337555106347
stage2_C,J03WMX,10.54343048498335,3.7999999999999545,11.437474922457874
stage2_C,J03WMX,13.358296866198106,3.599999999999909,17.641924154614355
stage2_C,J03WMX,6.8339977541410555,6.0,9.796161277582131
stage2_C,J03WMX,9.328133718921094,2.6000000000001364,6.062022383164278
stage2_C,J03WMX,7.787337520130109,3.2000000000000455,9.247798995075728
stage2_C,J03WMX,7.900376486661608,4.0,13.291337319958746
stage2_C,J03WMX,8.787248939841692,3.2000000000000455,14.188749838841293
stage2_C,J03WMX,6.074392324614562,5.2000000000000455,15.813341379536393
stage2_C,J03WMX,20.304755288342925,4.599999999999909,20.32754011604181
stage2_C,J03WMX,8.958528929854754,3.2000000000000455,23.81649476582205
stage2_C,J03WMX,11.91955853473021,5.2000000000000455,20.769455233978956
stage2_C,J03WMX,4.112699666116432,2.599999999999909,8.232767799960559
stage2_C,J03WMX,11.004826891428152,4.400000000000091,17.0746018774234
stage2_C,J03WMX,31.600050867119208,7.0,30.07269194986184
stage2_C,J03WMX,13.613418832484252,4.399999999999864,15.76784304760404
stage2_C,J03WMX,6.775365364869767,3.6000000000001364,13.492432979127667
stage2_C,J03WMX,8.761639684112552,3.599999999999909,11.701743473311774
stage2_C,J03WMX,10.504432132827908,4.400000000000091,11.860362974260674
stage2_C,J03WMX,5.835516743686474,3.800000000000182,16.66147587024504
stage2_C,J03WMX,12.475133699195533,6.0,21.30548323616585
stage2_C,J03WMX,5.903467649423001,3.800000000000182,6.8656689884537725
stage2_C,J03WMX,10.705532638588927,3.600000000000364,18.113557356256706
stage2_C,J03WMX,9.97394995119762,6.0,20.75497539919295
stage2_C,J03WMX,7.193446981986134,3.599999999999909,8.946328216305877
stage2_C,J03WMX,6.898976298024174,5.399999999999636,15.239210813185036
stage2_C,J03WMX,35.61508004434312,7.400000000000006,27.583880013362553
stage2_C,J03WMX,3.7358039522682844,2.799999999999983,9.640530822243136
stage2_C,J03WMX,3.9150899637992267,2.5999999999999943,6.53963400992221
stage2_C,J03WMX,6.253690422655625,3.1999999999999886,17.061534391247182
stage2_C,J03WMX,12.357381283754911,3.8000000000000114,12.263318719495064
stage2_C,J03WMX,10.365844134460964,3.599999999999966,12.60116184558855
stage2_C,J03WMX,7.501304183564983,6.0,25.34000883736698
stage2_C,J03WMX,9.842589174585855,3.0,14.825302739961291
stage2_C,J03WMX,9.540227931439603,4.2000000000000455,9.788565640288521
stage2_C,J03WMX,3.5113697753625575,2.6000000000000227,16.924460891984218
stage2_C,J03WMX,6.598788032530722,2.7999999999999545,15.726476308360468
stage2_C,J03WMX,8.069609624450766,3.3999999999999773,22.726267559185786
stage2_C,J03WMX,11.398344549056269,3.3999999999999773,13.07436141146645
stage2_C,J03WMX,19.84569587999058,5.0,23.61635057112388
stage2_C,J03WMX,6.744566130351579,5.399999999999977,15.216807010391227
stage2_C,J03WMX,10.915374704005195,6.0,19.65040662050499
stage2_C,J03WMX,3.957229779166282,3.6000000000000227,11.202613706325359
stage2_C,J03WMX,11.83077403580268,4.0,18.93970791659789
stage2_C,J03WMX,15.128363589514851,4.0,11.84349230960977
stage2_C,J03WMX,7.955632380969636,4.400000000000091,13.412436794301273
stage2_C,J03WMX,7.016738876378961,4.2000000000000455,13.427907408767332
stage2_C,J03WMX,9.652218397585974,6.0,9.524522680419993
stage2_C,J03WMX,6.077791404328741,2.599999999999909,8.494581312745446
stage2_C,J03WMX,10.53107176266995,4.399999999999864,18.41064384450852
stage2_C,J03WMX,26.848261083570343,6.0,30.406523715057624
stage2_C,J03WMX,6.875403450436444,3.0,15.297270624178545
stage2_C,J03WMX,7.333955946307366,3.400000000000091,15.092793732716448
stage2_C,J03WMX,7.280657454514259,4.399999999999636,14.089217166682218
stage2_C,J03WMX,5.3743811245798305,4.0,6.199634616294604
stage2_C,J03WMX,5.39309355051542,2.799999999999727,15.466760406540569
stage2_C,J03WMX,7.129645802376663,3.0,18.92207212200618
stage2_C,J03WMX,6.54083527101305,3.0,15.883209863265842
stage2_C,J03WMX,8.330752587343962,2.599999999999909,15.434799065174564
stage2_C,J03WMX,6.609789837842717,3.200000000000273,19.558376159928144
stage2_C,J03WN1,10.052329937934768,3.2000000000000006,21.482211716988786
stage2_C,J03WN1,14.135378257744163,4.199999999999989,19.337946014991637
stage2_C,J03WN1,7.507379803863777,3.4000000000000057,16.111819605875723
stage2_C,J03WN1,8.14539899918292,5.199999999999989,12.0195873971815
stage2_C,J03WN1,7.847106131903407,2.8000000000000114,13.326920927555937
stage2_C,J03WN1,11.637964922842814,4.199999999999989,28.634353057632485
stage2_C,J03WN1,7.0340612176507396,3.1999999999999886,14.399818849615778
stage2_C,J03WN1,12.29403071612761,5.399999999999977,14.600167692637735
stage2_C,J03WN1,12.36790200478643,6.0,14.000629739106566
stage2_C,J03WN1,7.7434423869493125,4.199999999999989,14.915840074946853
stage2_C,J03WN1,7.533319321521362,2.800000000000068,13.136995816449875
stage2_C,J03WN1,21.25736813436697,6.0,18.981028332358424
stage2_C,J03WN1,6.187115644628046,3.400000000000091,17.058496876065306
stage2_C,J03WN1,7.221807253035827,3.2000000000000455,14.078605183724695
stage2_C,J03WN1,9.321223095709557,2.599999999999909,10.37809505880061
stage2_C,J03WN1,10.920114468264517,4.600000000000023,16.416099993076944
stage2_C,J03WN1,21.651207818502872,5.0,21.25253726252601
stage2_C,J03WN1,11.835391839732003,3.599999999999909,8.455814306003978
stage2_C,J03WN1,12.503731443053306,3.0,14.693380244479549
stage2_C,J03WN1,6.910238780244543,2.599999999999909,14.303230862566277
stage2_C,J03WN1,12.935737319534304,3.0,12.36757502544057
stage2_C,J03WN1,5.601508725334714,2.6000000000000227,8.082393815258243
stage2_C,J03WN1,15.729504124415367,6.0,13.144670107277179
stage2_C,J03WN1,6.202233468678949,3.0,15.42750909202904
stage2_C,J03WN1,4.5114299285259865,3.3999999999998636,14.133596762266412
stage2_C,J03WN1,11.982925352349639,6.0,8.824706240895917
stage2_C,J03WN1,6.400765579210038,6.0,10.099661579095914
stage2_C,J03WN1,9.153469287652634,3.0,13.104725476544141
stage2_C,J03WN1,22.44219686216125,5.2000000000000455,22.773474610563817
stage2_C,J03WN1,21.56831240500836,5.600000000000136,14.582428126909095
stage2_C,J03WN1,5.531084884541504,4.199999999999818,9.653089075790897
stage2_C,J03WN1,8.891979532140182,6.0,12.780906356511029
stage2_C,J03WN1,16.875366662683216,6.0,14.145445864345437
stage2_C,J03WN1,15.54350346607868,5.400000000000091,12.702440487526326
stage2_C,J03WN1,22.196785803355432,8.0,14.945796078888288
stage2_C,J03WN1,10.998368060762148,3.3999999999998636,18.052301764549263
stage2_C,J03WN1,9.110718961750107,5.2000000000000455,7.177517411024697
stage2_C,J03WN1,4.137269631048963,3.400000000000091,13.880665717822989
stage2_C,J03WN1,5.885855927560578,3.2000000000000455,19.55079526007648
stage2_C,J03WN1,8.828165154776169,5.2000000000000455,9.388110828875579
stage2_C,J03WN1,9.741031772866299,4.399999999999864,16.14370141070812
stage2_C,J03WN1,10.956007484480468,4.399999999999864,24.57913986474732
stage2_C,J03WN1,4.610878441251654,3.599999999999909,8.577401210107114
stage2_C,J03WN1,13.803278596044306,4.7999999999999545,23.981052787749846
stage2_C,J03WN1,15.893448335714345,6.0,18.027970601036206
stage2_C,J03WN1,6.088021024931435,2.800000000000182,8.69693831982005
stage2_C,J03WN1,10.46883470114988,2.800000000000182,11.490005498824784
stage2_C,J03WN1,6.689469336202748,3.399999999999636,12.157816279197734
stage2_C,J03WN1,17.148556790587367,6.0,23.38917531421577
stage2_C,J03WN1,9.47831736121841,3.0,13.727775444969105
stage2_C,J03WN1,6.730497752766088,3.599999999999909,10.763786157816433
stage2_C,J03WN1,7.003320640953109,3.199999999999818,15.546096956300302
stage2_C,J03WN1,36.897110998017176,8.599999999999909,21.701484077989672
stage2_C,J03WN1,5.389174333791511,3.399999999999636,5.6410959191757675
stage2_C,J03WN1,6.204135717406572,2.799999999999727,7.8204399822329655
stage2_C,J03WN1,23.37830190582712,6.0,16.306828236377786
stage2_C,J03WN1,8.580495323699262,4.599999999999909,16.062848346933535
stage2_C,J03WN1,7.355032290887641,3.0,7.481597368690631
stage2_C,J03WN1,8.798647623356663,3.799999999999997,17.31774523545308
stage2_C,J03WN1,17.25318811118688,5.199999999999989,13.729576976630582
stage2_C,J03WN1,5.187918657804877,2.5999999999999943,14.377336043271226
stage2_C,J03WN1,18.569760364635844,6.0,19.919818154544625
stage2_C,J03WN1,13.635754471242178,6.0,19.661649574030882
stage2_C,J03WN1,18.43423445657526,3.599999999999966,11.816952673950604
stage2_C,J03WN1,9.405370806087136,5.199999999999932,12.954851070751657
stage2_C,J03WN1,9.112129279153146,3.2000000000000455,8.731260936240346
stage2_C,J03WN1,10.780361775005208,6.0,25.21637670875255
stage2_C,J03WN1,7.556189515886959,3.0,29.149039563785816
stage2_C,J03WN1,8.123995322499676,2.599999999999909,16.539839594422777
stage2_C,J03WN1,11.311626761876473,4.399999999999977,14.274583686523279
stage2_C,J03WN1,11.716262202596873,2.6000000000000227,12.229728745190089
stage2_C,J03WN1,14.879092714275163,5.800000000000182,18.192196797650002
stage2_C,J03WN1,9.495651636407251,4.7999999999999545,21.92358609675346
stage2_C,J03WN1,4.4177935669276165,3.0,3.7143395845689824
stage2_C,J03WN1,8.671239819080842,4.400000000000091,9.278317347913
stage2_C,J03WN1,5.128001560062166,2.7999999999999545,13.04659952718514
stage2_C,J03WN1,10.57448343891963,3.599999999999909,20.21010514611734
stage2_C,J03WN1,5.973022685374635,2.599999999999909,14.909869260182917
stage2_C,J03WN1,8.377314605528436,4.0,29.058844948327714
stage2_C,J03WN1,11.870265371927538,4.199999999999818,13.074498921769074
stage2_C,J03WN1,7.844061448000013,6.0,19.43275625293553
stage2_C,J03WN1,5.98953253601677,2.599999999999909,6.8392300195565285
stage2_C,J03WN1,4.343316705007825,3.2000000000000455,9.71919436720796
stage2_C,J03WN1,22.02493359808378,6.0,28.366764776585054
stage2_C,J03WN1,16.70775269149026,4.199999999999818,12.407250970835792
stage2_C,J03WN1,6.260742767437438,3.199999999999818,15.585240548639806
stage2_C,J03WN1,7.977750309454418,3.599999999999909,7.506368440069475
stage2_C,J03WN1,16.40219497506356,4.400000000000091,13.116442953331664
stage2_C,J03WN1,11.442141407970805,6.0,17.89803201741477
stage2_C,J03WN1,5.281401329192194,6.0,13.854434345934319
stage2_C,J03WN1,6.265819978262764,2.799999999999727,15.64618527133341
stage2_C,J03WN1,7.902708396495458,3.599999999999909,20.561673222620204
stage2_C,J03WN1,5.350084111489321,4.0,12.280339555863202
stage2_C,J03WN1,12.453292737265462,3.200000000000273,15.572009750436662
stage2_C,J03WN1,15.162931774559667,4.0,26.262029083536994
stage2_C,J03WOH,11.600096640001395,2.8000000000000003,14.070223266788293
stage2_C,J03WOH,9.995510597941372,6.0,13.027864786897084
stage2_C,J03WOH,9.393751310827021,3.1999999999999886,10.84360686080691
stage2_C,J03WOH,6.461407128568535,3.3999999999999773,7.480679552042764
stage2_C,J03WOH,8.843386594813477,2.7999999999999545,10.655145022382307
stage2_C,J03WOH,23.23024089480709,4.599999999999909,17.5080066828583
stage2_C,J03WOH,13.694293472672754,3.199999999999932,15.742657125041095
stage2_C,J03WOH,6.901757342980267,2.6000000000000227,15.161520300352642
stage2_C,J03WOH,5.601372400759885,4.2000000000000455,13.752202695809807
stage2_C,J03WOH,10.445698537716254,6.0,24.078236981554497
stage2_C,J03WOH,10.183655632637183,2.6000000000000227,13.307444204312173
stage2_C,J03WOH,13.81345250759322,5.600000000000023,29.339639652652565
stage2_C,J03WOH,4.007471337171889,4.600000000000023,9.62123847404753
stage2_C,J03WOH,9.402881082231968,3.6000000000000227,19.83179326284693
stage2_C,J03WOH,16.644170322406993,4.7999999999999545,32.612815559200754
stage2_C,J03WOH,4.991736489070689,4.599999999999909,11.346482614465366
stage2_C,J03WOH,10.623036330578248,2.599999999999909,25.48206345002977
stage2_C,J03WOH,5.3876120026311325,6.0,14.260806633145299
stage2_C,J03WOH,6.444936340358225,2.7999999999999545,13.504732292176577
stage2_C,J03WOH,12.007878127236902,6.0,17.908639251209124
stage2_C,J03WOH,8.303071991937475,2.7999999999999545,10.436549170089311
stage2_C,J03WOH,11.886504652586673,3.7999999999999545,15.433467356328956
stage2_C,J03WOH,12.173017759355183,5.199999999999818,15.924590290403142
stage2_C,J03WOH,12.41794779471752,4.2000000000000455,21.798088533647444
stage2_C,J03WOH,31.641782477146357,7.2000000000000455,31.170537293271767
stage2_C,J03WOH,8.316276962145349,3.400000000000091,4.0293884172659205
stage2_C,J03WOH,8.707518961953646,3.0,14.601860068898569
stage2_C,J03WOH,12.133524719979505,3.0,24.16473705686794
stage2_C,J03WOH,11.536374426226015,3.199999999999818,27.574184159086137
stage2_C,J03WOH,7.652326382687809,3.0,7.8499411663204555
stage2_C,J03WOH,5.595969011432448,2.800000000000182,16.658314309748192
stage2_C,J03WOH,12.195056377861325,3.200000000000273,13.161968718896535
stage2_C,J03WOH,8.33298335519453,3.200000000000273,14.190193500881403
stage2_C,J03WOH,12.167112390192578,3.0,13.456998752689827
stage2_C,J03WOH,9.841084322271637,2.799999999999727,22.93247362371566
stage2_C,J03WOH,7.8030485029804595,3.399999999999636,18.319463380204883
stage2_C,J03WOH,10.934486881098625,3.0,21.185484142911353
stage2_C,J03WOH,5.111853581914426,4.400000000000091,11.94198401783666
stage2_C,J03WOH,17.408844206043167,6.0,30.50865729795743
stage2_C,J03WOH,7.576563718786247,3.199999999999818,20.404775916094124
stage2_C,J03WOH,22.99511612388073,7.0,23.738648770387393
stage2_C,J03WOH,11.7250927668954,3.4000000000000004,23.865564464522222
stage2_C,J03WOH,7.094335814595578,2.799999999999997,12.956708269751555
stage2_C,J03WOH,5.6491581831223385,4.0,14.097727687296327
stage2_C,J03WOH,17.192411827953563,3.4000000000000057,26.60183540067007
stage2_C,J03WOH,10.597025179057203,3.8000000000000114,27.712590822306698
stage2_C,J03WOH,5.918179323455933,2.8000000000000114,7.401658349244979
stage2_C,J03WOH,9.411825724397035,4.199999999999989,24.50804396143247
stage2_C,J03WOH,8.706235353479538,3.1999999999999886,9.081890010053844
stage2_C,J03WOH,7.963088858738093,2.8000000000000114,23.20975816852031
stage2_C,J03WOH,8.22868315004309,3.0,12.828185163077944
stage2_C,J03WOH,13.655487382399807,3.6000000000000227,13.841713503999857
stage2_C,J03WOH,8.151700042038026,2.8000000000000114,9.00672226544021
stage2_C,J03WOH,7.5516408315830486,3.1999999999999886,15.656848932154539
stage2_C,J03WOH,5.836270463046489,6.0,9.316752969365707
stage2_C,J03WOH,5.2396068135201315,2.8000000000000114,8.018186003640606
stage2_C,J03WOH,12.060474073081354,3.0,26.680143334327223
stage2_C,J03WOH,5.832003806654557,2.6000000000000227,10.092012064461235
stage2_C,J03WOH,9.363768842098745,3.2000000000000455,9.07003463772942
stage2_C,J03WOH,8.316390016822062,3.0,12.138842703242773
stage2_C,J03WOH,8.285939517628307,3.0,14.859197137715967
stage2_C,J03WOH,9.123623134469543,3.2000000000000455,10.293905681741858
stage2_C,J03WOH,12.649318367390597,3.3999999999999773,24.358277694114847
stage2_C,J03WOH,6.441113744232807,3.199999999999932,12.549723614860532
stage2_C,J03WOH,22.658317244737766,5.2000000000000455,19.935580074010097
stage2_C,J03WOH,7.935253803591637,3.0,18.704087995139474
stage2_C,J03WOH,8.91249066214148,3.0,9.51347159036943
stage2_C,J03WOH,12.355847307965227,4.599999999999909,14.40416582982015
stage2_C,J03WOH,7.392339502877885,2.599999999999909,9.001752614724683
stage2_C,J03WOH,10.535202798862034,5.599999999999909,20.918757922990725
stage2_C,J03WOH,12.50108550393557,4.0,15.19737340070676
stage2_C,J03WOH,10.702013265220929,3.7999999999999545,12.710965405443439
stage2_C,J03WOH,11.237910527436515,3.2000000000000455,15.750570443385783
stage2_C,J03WOH,7.284013849926196,2.7999999999999545,13.875350141560567
stage2_C,J03WOH,11.246744928199638,2.6000000000001364,13.927611431191075
stage2_C,J03WOH,3.1713073649667094,3.199999999999818,12.071223007418318
stage2_C,J03WOH,10.248878087399781,6.0,15.699744521883517
stage2_C,J03WOH,14.162355290370316,4.599999999999909,15.51843966656957
stage2_C,J03WOH,8.791825900914247,2.6000000000001364,22.271352574288777
stage2_C,J03WOH,12.160162675087278,2.599999999999909,7.977872330741418
stage2_C,J03WOH,7.064741171321318,3.599999999999909,12.067002078749109
stage2_C,J03WOH,6.644170045622684,2.599999999999909,8.267930821619276
stage2_C,J03WOH,7.9433471999781275,2.599999999999909,16.09574185629876
stage2_C,J03WOH,9.446697835372728,3.799999999999727,20.138669507263604
stage2_C,J03WOH,19.401805575359415,3.199999999999818,21.804857659055735
stage2_C,J03WOH,6.844548641236965,5.199999999999818,13.885837168304452
stage2_C,J03WOH,4.97074480412631,3.599999999999909,17.82929320884313
stage2_C,J03WOY,9.42084441486433,2.8000000000000003,19.38778839762588
stage2_C,J03WOY,5.369499293095607,3.799999999999997,11.001955830167848
stage2_C,J03WOY,8.040803256976403,3.0,9.623641613391447
stage2_C,J03WOY,6.023735463610819,2.8000000000000114,8.768442656683456
stage2_C,J03WOY,18.663263215374535,6.0,33.7418939972043
stage2_C,J03WOY,8.8515631324506,3.0,10.63094058687345
stage2_C,J03WOY,10.569808635847396,6.0,21.09953426309411
stage2_C,J03WOY,6.9969889274785295,4.199999999999989,12.090914028319201
stage2_C,J03WOY,11.036926221972198,3.0,15.302726971573545
stage2_C,J03WOY,4.3987281056475,2.6000000000000227,8.96864694761823
stage2_C,J03WOY,7.464451362352534,3.0,12.985374916358221
stage2_C,J03WOY,7.731551369980384,2.7999999999999545,9.687208359034628
stage2_C,J03WOY,18.44412667673721,6.0,20.209587476444305
stage2_C,J03WOY,8.497476707204738,6.0,15.34582947577436
stage2_C,J03WOY,8.593756742383015,3.599999999999909,19.153814780350785
stage2_C,J03WOY,5.876671947031123,3.0,15.92319900755598
stage2_C,J03WOY,10.9099458252069,3.2000000000000455,11.209099321546724
stage2_C,J03WOY,22.437263494699614,6.0,15.302808738306489
stage2_C,J03WOY,18.63988071898887,3.7999999999999545,29.408276922276002
stage2_C,J03WOY,13.753485429072276,4.0,15.642621575008793
stage2_C,J03WOY,5.090942614531184,3.2000000000000455,12.371484546944899
stage2_C,J03WOY,11.447580107935059,4.0,17.296225420048714
stage2_C,J03WOY,12.47450024644499,4.0,14.827200459312124
stage2_C,J03WOY,4.000882888953417,2.6000000000001364,10.405132708311335
stage2_C,J03WOY,10.16655893571838,8.399999999999864,14.84579139955352
stage2_C,J03WOY,15.896812464572317,4.399999999999864,20.044249723011216
stage2_C,J03WOY,9.894754418468505,3.0,12.956374410646255
stage2_C,J03WOY,6.71362976594824,6.0,16.522757943584253
stage2_C,J03WOY,7.9812546551077626,6.0,6.050887362324813
stage2_C,J03WOY,10.140929924091001,3.3999999999998636,20.228683744911272
stage2_C,J03WOY,16.783839914395834,6.199999999999818,27.074072065728423
stage2_C,J03WOY,11.305467657505993,4.200000000000273,17.932655188346374
stage2_C,J03WOY,9.600712409585121,2.599999999999909,14.229582244323908
stage2_C,J03WOY,12.223778526094495,4.199999999999818,11.141212038792869
stage2_C,J03WOY,6.86591305534057,2.599999999999909,9.875416010429735
stage2_C,J03WOY,9.11274465355033,6.0,13.424722341522717
stage2_C,J03WOY,13.869883960944861,4.400000000000091,35.36227562456372
stage2_C,J03WOY,8.745353096825024,6.0,31.54674026774879
stage2_C,J03WOY,4.904515644298672,4.599999999999909,14.655280077499246
stage2_C,J03WOY,10.525685001168345,3.799999999999727,20.15091638454944
stage2_C,J03WOY,8.398048938539983,3.0,16.09461779378446
stage2_C,J03WOY,6.58960641286625,6.0,27.31509037863221
stage2_C,J03WOY,7.8312182879555134,2.599999999999909,11.677669073306056
stage2_C,J03WOY,7.142224933526818,2.599999999999909,13.458674925654282
stage2_C,J03WOY,9.690046297099308,2.5999999999999996,25.22697598218771
stage2_C,J03WOY,15.40409463482858,3.5999999999999943,21.517215395844673
stage2_C,J03WOY,7.186072196605089,6.0,14.15113250879654
stage2_C,J03WOY,4.501113960623753,3.0,12.04505880741949
stage2_C,J03WOY,4.91137240095913,3.599999999999966,16.285430157821494
stage2_C,J03WOY,12.022362840833857,5.399999999999977,15.319447191672275
stage2_C,J03WOY,8.152573901135373,2.8000000000000114,6.264324025188765
stage2_C,J03WOY,10.295330410385873,6.0,7.455598672902905
stage2_C,J03WOY,20.492727382206745,6.0,17.86436364147713
stage2_C,J03WOY,12.629570172466282,4.2000000000000455,12.158651903827302
stage2_C,J03WOY,10.177659928454972,4.0,12.271529547926448
stage2_C,J03WOY,14.685528749760255,6.0,25.39390351116691
stage2_C,J03WOY,25.696651443486516,6.600000000000023,21.9693608250788
stage2_C,J03WOY,7.331575324945727,3.2000000000000455,2.9808777209453132
stage2_C,J03WOY,8.485304424563418,3.199999999999932,15.448432316691703
stage2_C,J03WOY,10.386509208267801,4.399999999999977,16.848535034008602
stage2_C,J03WOY,17.6645888116095,5.7999999999999545,16.103903169695194
stage2_C,J03WOY,8.561834427097853,3.199999999999818,17.93705997779107
stage2_C,J03WOY,17.55987034677547,6.0,16.71998357857209
stage2_C,J03WOY,14.863749921871648,6.0,7.665077516379529
stage2_C,J03WOY,7.721331052314065,5.0,7.440196858140702
stage2_C,J03WOY,4.238789589419942,3.400000000000091,6.683120606262378
stage2_C,J03WOY,9.137084426544462,3.6000000000001364,8.212610113182535
stage2_C,J03WOY,10.452410979705807,3.2000000000000455,17.768645566990713
stage2_C,J03WOY,14.634022502812673,3.7999999999999545,18.673082751105753
stage2_C,J03WOY,4.655878738838687,2.7999999999999545,17.55764302870046
stage2_C,J03WOY,17.547842834197603,4.7999999999999545,27.810973155639566
stage2_C,J03WOY,9.618740662610463,3.3999999999998636,22.231987240580303
stage2_C,J03WOY,13.500139898046797,6.0,19.955383199122664
stage2_C,J03WOY,13.052261895524492,6.0,10.840123255477055
stage2_C,J03WOY,3.9974898468744122,4.2000000000000455,19.647102281193654
stage2_C,J03WOY,21.22545111586974,4.600000000000364,23.881228794521405
stage2_C,J03WOY,37.6191277835502,8.600000000000364,39.376644331838214
stage2_C,J03WOY,14.644829330306724,4.599999999999909,12.34052421877365
stage2_C,J03WOY,9.115664330540827,2.599999999999909,12.268016148155098
stage2_C,J03WOY,9.19766298038678,6.0,12.702860063113386
stage2_C,J03WOY,9.074593128720906,5.799999999999727,21.6392433143082
stage2_C,J03WOY,7.017331414456384,3.799999999999727,12.932703489590015
stage2_C,J03WOY,9.881212940830604,4.0,20.38923147351996
stage2_C,J03WOY,17.030273420809458,5.400000000000091,25.621799319750185
stage2_C,J03WOY,7.802864306788921,6.0,20.214484962457995
stage2_C,J03WOY,4.190163864844036,2.599999999999909,10.204204809207958
stage2_C,J03WOY,6.8068735565967735,2.599999999999909,11.895522624376913
stage2_C,J03WOY,15.492765042469562,6.0,38.111117531576625
stage2_C,J03WQQ,37.88458423308117,7.599999999999994,31.35501711094001
stage2_C,J03WQQ,7.958618746040097,3.4000000000000057,7.654810299874406
stage2_C,J03WQQ,6.6675085077322755,2.8000000000000114,11.279240297236104
stage2_C,J03WQQ,6.037782558208008,6.0,11.586141320499358
stage2_C,J03WQQ,13.087757881884055,3.7999999999999545,17.823890153547502
stage2_C,J03WQQ,6.78731290295981,4.0,11.119178380971253
stage2_C,J03WQQ,4.7455609773990615,2.599999999999909,4.518301279996853
stage2_C,J03WQQ,4.284772071334645,2.6000000000000227,11.19015829851988
stage2_C,J03WQQ,21.725846927194212,4.599999999999909,24.80809533058777
stage2_C,J03WQQ,5.9368426816135464,2.6000000000000227,9.873265263995256
stage2_C,J03WQQ,10.727434836941715,5.0,14.872122972589445
stage2_C,J03WQQ,11.91408928048758,2.7999999999999545,15.971383981585822
stage2_C,J03WQQ,14.794964656424277,3.599999999999909,16.19422561727025
stage2_C,J03WQQ,7.937145377527427,3.0,13.379924205823325
stage2_C,J03WQQ,7.086197585878909,2.6000000000001364,10.947733009108646
stage2_C,J03WQQ,5.095897237083138,3.2000000000000455,12.794861728367206
stage2_C,J03WQQ,4.7205281916992,2.7999999999999545,13.257472151516183
stage2_C,J03WQQ,10.337248705406365,2.599999999999909,10.784758321434461
stage2_C,J03WQQ,15.142586019370896,6.0,17.301219416306587
stage2_C,J03WQQ,18.10110732208097,6.0,20.870251706355646
stage2_C,J03WQQ,9.317458635020834,3.2000000000000455,11.243490988282963
stage2_C,J03WQQ,14.550476672884567,5.0,24.814534858745965
stage2_C,J03WQQ,9.009227140367292,3.599999999999909,14.927031605458728
stage2_C,J03WQQ,5.037432171635018,2.599999999999909,12.75201577460166
stage2_C,J03WQQ,3.0704569887530315,2.599999999999909,6.303973082659699
stage2_C,J03WQQ,3.3160659376002846,4.399999999999864,9.068837537883635
stage2_C,J03WQQ,7.51643847064319,3.599999999999909,10.09223085500102
stage2_C,J03WQQ,39.17464105457645,13.600000000000136,27.679366406997744
stage2_C,J03WQQ,5.705480125690874,2.6000000000001364,12.250800224214224
stage2_C,J03WQQ,7.5429101833189245,2.7999999999999545,13.605108412046354
stage2_C,J03WQQ,8.232444302824176,3.6000000000001364,15.241105595995965
stage2_C,J03WQQ,8.22477030132831,2.799999999999727,15.005435582763308
stage2_C,J03WQQ,8.461790087989048,6.0,20.335106452639245
stage2_C,J03WQQ,9.37802447769375,3.600000000000364,18.62036983904442
stage2_C,J03WQQ,4.333741205268204,3.800000000000182,15.450122200943614
stage2_C,J03WQQ,12.902971867197781,3.0,23.223250275386185
stage2_C,J03WQQ,15.328109569009928,4.800000000000182,18.58081611924605
stage2_C,J03WQQ,7.654666137311649,2.799999999999727,16.915251286051692
stage2_C,J03WQQ,14.159349866247847,6.0,13.92759897150572
stage2_C,J03WQQ,6.009070063508295,3.0,13.3503697477034
stage2_C,J03WQQ,6.9649151906795534,2.6000000000000005,17.224565411382077
stage2_C,J03WQQ,12.029358876885352,6.0,14.801873789884912
stage2_C,J03WQQ,28.24010319786084,5.400000000000006,21.045573111663508
stage2_C,J03WQQ,13.525307034220466,4.199999999999989,30.041792024464378
stage2_C,J03WQQ,10.834497222824295,4.2000000000000455,15.555981468869355
stage2_C,J03WQQ,4.4841795660394315,4.7999999999999545,19.212507793592977
stage2_C,J03WQQ,5.669914379607998,2.8000000000000114,16.922194349745034
stage2_C,J03WQQ,6.56957226152382,3.1999999999999886,12.314414871040736
stage2_C,J03WQQ,7.980051833899944,3.8000000000000114,21.34001887001732
stage2_C,J03WQQ,7.737767071155346,2.8000000000000114,19.249584758072054
stage2_C,J03WQQ,8.514499448453748,6.0,15.363703291131532
stage2_C,J03WQQ,10.116394831694457,4.2000000000000455,13.30113268696709
stage2_C,J03WQQ,9.285310220304344,3.800000000000068,17.488589778820042
stage2_C,J03WQQ,3.6874602056857597,3.0,7.528927398869005
stage2_C,J03WQQ,14.588533302926674,4.2000000000000455,28.26092867303911
stage2_C,J03WQQ,12.278619629258005,3.6000000000000227,8.845420636302078
stage2_C,J03WQQ,7.373960943753139,2.7999999999999545,8.20901489556391
stage2_C,J03WQQ,16.494353579331108,4.0,19.3296638569024
stage2_C,J03WQQ,8.329045563568187,3.3999999999998636,14.641791492959834
stage2_C,J03WQQ,15.290284497026208,4.400000000000091,15.039509252864875
stage2_C,J03WQQ,8.578169968005996,3.0,8.48619865190943
stage2_C,J03WQQ,10.000004999998755,3.599999999999909,12.457176794549033
stage2_C,J03WQQ,3.950658173013768,3.0,18.49571639504183
stage2_C,J03WQQ,9.130744766995074,3.800000000000182,14.811422218534853
stage2_C,J03WQQ,6.876401675295254,6.0,11.545357963278912
stage2_C,J03WQQ,9.57548954362174,3.0,16.49831367029163
stage2_C,J03WQQ,8.74547311470334,2.7999999999999545,9.04178048527688
stage2_C,J03WQQ,22.520035523949897,5.7999999999999545,21.246560359140247
stage2_C,J03WQQ,11.394568881708796,3.0,22.536766374825664
stage2_C,J03WQQ,6.397655820689323,2.599999999999909,13.175784879034032
stage2_C,J03WQQ,10.76987000850035,4.399999999999864,12.625842602026092
stage2_C,J03WQQ,21.899004543587125,4.800000000000182,21.533926499230144
stage2_C,J03WQQ,8.304149565128442,2.800000000000182,12.973136037744101
stage2_C,J03WQQ,6.6368215284132885,6.0,10.60208483339171
stage2_C,J03WQQ,8.839711533754931,6.0,13.117924143679346
stage2_C,J03WQQ,6.008901729934917,3.600000000000364,8.948934074321027
stage2_C,J03WQQ,3.82388545853559,3.0,8.05379570126472
stage2_C,J03WQQ,24.589042274964676,6.199999999999818,19.318648795580703
stage2_C,J03WQQ,8.775477195003088,4.0,25.01586371895138
stage2_C,J03WQQ,24.108606347112936,8.400000000000091,20.171887614678596
stage2_C,J03WQQ,9.024965373894794,5.0,17.43606823672233
stage2_C,J03WQQ,6.396256717798863,5.400000000000091,15.676611091601309
stage2_C,J03WQQ,7.368921223625614,2.599999999999909,10.551377825187323
stage2_C,J03WQQ,13.054386236049345,2.799999999999727,18.913283366545404
stage2_C,J03WQQ,8.319260784469652,3.400000000000091,27.246671333952754
stage2_C,J03WR9,14.335764534043916,4.2,30.76177875448397
stage2_C,J03WR9,22.026601667230608,5.000000000000002,19.97712167666681
stage2_C,J03WR9,10.149240355250448,5.600000000000001,14.690819655042503
stage2_C,J03WR9,7.661866729860335,6.0,11.544536963234702
stage2_C,J03WR9,8.433909221141054,2.6000000000000227,15.265913997316154
stage2_C,J03WR9,9.883465491935656,4.399999999999977,17.13327867155664
stage2_C,J03WR9,5.576156845905164,2.5999999999999943,10.234973864442303
stage2_C,J03WR9,17.782757061349642,6.0,25.30265155714202
stage2_C,J03WR9,4.737226034274213,3.1999999999999886,7.861923856632031
stage2_C,J03WR9,12.083411335907474,3.4000000000000057,12.04219250736951
stage2_C,J03WR9,7.1894522699751064,2.599999999999966,12.14600124978352
stage2_C,J03WR9,7.332899160019899,2.8000000000000114,9.573353542214758
stage2_C,J03WR9,7.717478174640434,2.8000000000000114,5.245248714626795
stage2_C,J03WR9,8.755670351914443,3.400000000000034,12.241371411320937
stage2_C,J03WR9,5.623133682955373,5.800000000000011,11.864568083348148
stage2_C,J03WR9,11.013348376502101,5.399999999999977,14.085987189049654
stage2_C,J03WR9,8.647226161326675,5.2000000000000455,30.55024353251263
stage2_C,J03WR9,7.8921150656146715,5.199999999999932,8.173186947705068
stage2_C,J03WR9,6.625598749111602,2.599999999999909,5.94572649038426
stage2_C,J03WR9,7.791766503853814,2.6000000000000227,12.691840947640959
stage2_C,J03WR9,14.369353561778611,3.0,15.351494515009225
stage2_C,J03WR9,8.380945656705851,3.3999999999999773,12.728249993341455
stage2_C,J03WR9,10.883091809557637,3.400000000000091,18.64557084647346
stage2_C,J03WR9,5.479720451600901,2.599999999999909,9.343225997333672
stage2_C,J03WR9,14.391744883033438,5.400000000000091,24.364359848049
stage2_C,J03WR9,9.004354613734979,3.2000000000000455,15.764163665953776
stage2_C,J03WR9,9.703083372419643,4.400000000000091,9.555262963883234
stage2_C,J03WR9,8.662778797267698,6.0,16.17679067417444
stage2_C,J03WR9,4.426796227380486,3.400000000000091,12.225668428937242
stage2_C,J03WR9,7.576749295899922,3.2000000000000455,18.808179585997557
stage2_C,J03WR9,9.004643182976535,3.2000000000000455,18.200377366022884
stage2_C,J03WR9,8.897445070578925,4.600000000000136,13.488368776955571
stage2_C,J03WR9,13.64079756293881,5.0,15.34436117436585
stage2_C,J03WR9,11.369668840164419,6.0,17.68379603996609
stage2_C,J03WR9,26.11271425621584,6.400000000000091,23.00119088221915
stage2_C,J03WR9,21.876865504899527,3.799999999999727,19.376877540178867
stage2_C,J03WR9,13.487102115653343,4.399999999999636,18.301331654522226
stage2_C,J03WR9,6.641851269261048,3.400000000000091,14.408660322162625
stage2_C,J03WR9,6.566085347119087,3.0,20.406743464434143
stage2_C,J03WR9,4.017324630614279,4.0,7.535272087079589
stage2_C,J03WR9,10.286227637876781,3.200000000000273,17.278630043669352
stage2_C,J03WR9,21.760715594795347,4.599999999999909,19.11782856242005
stage2_C,J03WR9,7.501643936300796,6.0,11.297508758290519
stage2_C,J03WR9,7.1126771076320505,6.0,16.378728795673158
stage2_C,J03WR9,7.3059017239489314,6.0,12.948062042060618
stage2_C,J03WR9,12.234941765288463,6.0,17.223497804040168
stage2_C,J03WR9,8.66157606905348,3.799999999999997,22.68418427981981
stage2_C,J03WR9,7.207364289391786,2.5999999999999943,21.049972301627854
stage2_C,J03WR9,8.32598943069234,6.0,18.61282124406754
stage2_C,J03WR9,11.507189057280709,6.0,16.92575643537323
stage2_C,J03WR9,10.294857939767832,5.599999999999966,25.85161354844449
stage2_C,J03WR9,5.0505643249049506,2.800000000000068,11.549848514070868
stage2_C,J03WR9,12.921950317192827,6.0,31.058338170700484
stage2_C,J03WR9,16.600192769965055,6.0,21.716004109823924
stage2_C,J03WR9,10.57783531730382,4.400000000000091,7.877642836383815
stage2_C,J03WR9,4.892862148068345,4.0,8.81412819379127
stage2_C,J03WR9,4.136967488391103,2.6000000000001364,16.42673379309209
stage2_C,J03WR9,11.460794038809004,5.0,32.60783691244767
stage2_C,J03WR9,7.349136003639845,2.599999999999909,9.915419113674256
stage2_C,J03WR9,14.71674216666175,6.0,14.212844842407115
stage2_C,J03WR9,17.884619090157845,4.400000000000091,17.360208112315004
stage2_C,J03WR9,7.637047858957021,6.0,19.853242724983126
stage2_C,J03WR9,10.79082943985381,6.0,24.57791157349074
stage2_C,J03WR9,20.036179775595944,6.0,18.07184357599621
stage2_C,J03WR9,10.542736836324806,3.2000000000000455,29.566608817203424
stage2_C,J03WR9,11.5617386235808,3.799999999999727,25.8651535546875
stage2_C,J03WR9,17.130105078488167,6.0,14.441112934506895
stage2_C,J03WR9,9.033825324857355,2.800000000000182,16.17179843305754
stage2_C,J03WR9,12.365055600360959,6.0,11.448116574041487
stage2_C,J03WR9,12.251224428603052,5.800000000000182,11.849074839857696
stage2_C,J03WR9,12.495775286071453,4.0,11.49916558890736
stage2_C,J03WR9,7.300746537170015,6.0,14.288640538855953
stage2_C,J03WR9,7.282341656364154,2.599999999999909,11.986709090481272
stage2_C,J03WR9,6.483085685073262,5.199999999999818,14.777380198552127
stage2_C,J03WR9,10.59393222557139,6.0,19.874094672200084
